Security,AXTELCPO MM Equity                                              
Start Date,06/12/2005 00:00
End Date,03/12/2018 00:00
Period,D
Currency,MXN
,
Date,PRECIO
03/12/2018,3.3
30/11/2018,3.18
29/11/2018,3.12
28/11/2018,3.15
27/11/2018,3
26/11/2018,2.91
23/11/2018,3.04
22/11/2018,3.1
21/11/2018,3.09
20/11/2018,3.17
16/11/2018,3.25
15/11/2018,3.1
14/11/2018,3.16
13/11/2018,3.06
12/11/2018,3.16
09/11/2018,3.12
08/11/2018,3.17
07/11/2018,3.5
06/11/2018,3.4
05/11/2018,3.39
01/11/2018,3.37
31/10/2018,3.31
30/10/2018,3.17
29/10/2018,3.1
26/10/2018,3.25
25/10/2018,3.36
24/10/2018,3.33
23/10/2018,3.47
22/10/2018,3.51
19/10/2018,3.58
18/10/2018,3.68
17/10/2018,3.77
16/10/2018,3.69
15/10/2018,3.64
12/10/2018,3.76
11/10/2018,3.72
10/10/2018,3.76
09/10/2018,3.8
08/10/2018,3.83
05/10/2018,3.81
04/10/2018,3.72
03/10/2018,3.68
02/10/2018,3.65
01/10/2018,3.72
28/09/2018,3.73
27/09/2018,3.71
26/09/2018,3.78
25/09/2018,3.7
24/09/2018,3.81
21/09/2018,3.81
20/09/2018,3.78
19/09/2018,3.76
18/09/2018,3.7
17/09/2018,3.67
14/09/2018,3.72
13/09/2018,3.77
12/09/2018,3.69
11/09/2018,3.52
10/09/2018,3.55
07/09/2018,3.65
06/09/2018,3.73
05/09/2018,3.75
04/09/2018,3.78
03/09/2018,3.85
31/08/2018,3.82
30/08/2018,3.82
29/08/2018,3.87
28/08/2018,3.86
27/08/2018,3.96
24/08/2018,3.79
23/08/2018,3.81
22/08/2018,3.82
21/08/2018,3.79
20/08/2018,3.78
17/08/2018,3.75
16/08/2018,3.8
15/08/2018,3.86
14/08/2018,3.88
13/08/2018,3.85
10/08/2018,3.8
09/08/2018,3.85
08/08/2018,3.94
07/08/2018,3.93
06/08/2018,3.75
03/08/2018,3.84
02/08/2018,3.75
01/08/2018,3.88
31/07/2018,3.87
30/07/2018,3.88
27/07/2018,3.89
26/07/2018,3.89
25/07/2018,3.85
24/07/2018,3.83
23/07/2018,3.87
20/07/2018,3.87
19/07/2018,3.98
18/07/2018,3.95
17/07/2018,3.88
16/07/2018,3.98
13/07/2018,3.91
12/07/2018,3.95
11/07/2018,3.97
10/07/2018,3.96
09/07/2018,4.03
06/07/2018,4.15
05/07/2018,3.98
04/07/2018,3.86
03/07/2018,3.87
02/07/2018,3.9
29/06/2018,3.97
28/06/2018,3.94
27/06/2018,4.02
26/06/2018,3.98
25/06/2018,3.89
22/06/2018,3.92
21/06/2018,3.85
20/06/2018,3.93
19/06/2018,3.99
18/06/2018,4.01
15/06/2018,3.95
14/06/2018,4.16
13/06/2018,4.2
12/06/2018,4.21
11/06/2018,4.19
08/06/2018,4.24
07/06/2018,4.05
06/06/2018,4.15
05/06/2018,4.15
04/06/2018,4.25
01/06/2018,4.19
31/05/2018,4.13
30/05/2018,4.25
29/05/2018,4.23
28/05/2018,4.28
25/05/2018,4.2
24/05/2018,4.28
23/05/2018,4.33
22/05/2018,4.26
21/05/2018,4.22
18/05/2018,4.26
17/05/2018,4.25
16/05/2018,4.34
15/05/2018,4.31
14/05/2018,4.41
11/05/2018,4.3
10/05/2018,4.45
09/05/2018,4.41
08/05/2018,4.22
07/05/2018,4.16
04/05/2018,4.22
03/05/2018,4.2
02/05/2018,4.26
30/04/2018,4.24
27/04/2018,4.32
26/04/2018,4.36
25/04/2018,4.37
24/04/2018,4.4
23/04/2018,4.36
20/04/2018,4.41
19/04/2018,4.44
18/04/2018,4.63
17/04/2018,4.69
16/04/2018,4.61
13/04/2018,4.37
12/04/2018,4.38
11/04/2018,4.29
10/04/2018,4.31
09/04/2018,4.17
06/04/2018,4.21
05/04/2018,4.21
04/04/2018,4.19
03/04/2018,4.01
02/04/2018,3.97
28/03/2018,4.09
27/03/2018,4.14
26/03/2018,4.13
23/03/2018,4.15
22/03/2018,4.27
21/03/2018,4.3
20/03/2018,4.2
16/03/2018,4.19
15/03/2018,4.2
14/03/2018,4.21
13/03/2018,4.21
12/03/2018,4.2
09/03/2018,4.24
08/03/2018,4.2
07/03/2018,4.23
06/03/2018,4.23
05/03/2018,4.19
02/03/2018,4.24
01/03/2018,4.29
28/02/2018,4.39
27/02/2018,4.48
26/02/2018,4.58
23/02/2018,4.56
22/02/2018,4.55
21/02/2018,4.63
20/02/2018,4.65
19/02/2018,4.51
16/02/2018,4.45
15/02/2018,4.6
14/02/2018,4.6
13/02/2018,4.74
12/02/2018,4.46
09/02/2018,4.44
08/02/2018,4.53
07/02/2018,4.81
06/02/2018,4.89
02/02/2018,4.8
01/02/2018,4.8
31/01/2018,4.76
30/01/2018,4.53
29/01/2018,4.4
26/01/2018,4.36
25/01/2018,4.42
24/01/2018,4.47
23/01/2018,4.47
22/01/2018,4.22
19/01/2018,4.12
18/01/2018,3.92
17/01/2018,3.95
16/01/2018,3.87
15/01/2018,3.83
12/01/2018,3.8
11/01/2018,3.66
10/01/2018,3.8
09/01/2018,3.92
08/01/2018,3.96
05/01/2018,3.96
04/01/2018,3.85
03/01/2018,3.84
02/01/2018,3.77
29/12/2017,3.78
28/12/2017,3.73
27/12/2017,3.74
26/12/2017,3.72
22/12/2017,3.66
21/12/2017,3.66
20/12/2017,3.78
19/12/2017,3.72
18/12/2017,3.79
15/12/2017,3.73
14/12/2017,3.72
13/12/2017,3.79
11/12/2017,3.83
08/12/2017,3.82
07/12/2017,3.81
06/12/2017,3.88
05/12/2017,3.89
04/12/2017,3.93
01/12/2017,4.02
30/11/2017,4.04
29/11/2017,4.13
28/11/2017,4.11
27/11/2017,4.14
24/11/2017,4.25
23/11/2017,4.34
22/11/2017,4.35
21/11/2017,4.34
17/11/2017,4.22
16/11/2017,4.18
15/11/2017,4.24
14/11/2017,4.3
13/11/2017,4.4
10/11/2017,4.46
09/11/2017,4.4
08/11/2017,4.33
07/11/2017,4.27
06/11/2017,4.33
03/11/2017,4.13
01/11/2017,4.14
31/10/2017,4.15
30/10/2017,4.1
27/10/2017,4.16
26/10/2017,4.06
25/10/2017,4.05
24/10/2017,4.16
23/10/2017,4
20/10/2017,4.08
19/10/2017,4.29
18/10/2017,4.33
17/10/2017,4.36
16/10/2017,4.61
13/10/2017,4.88
12/10/2017,4.84
11/10/2017,4.43
10/10/2017,4.4
09/10/2017,4.4
06/10/2017,4.41
05/10/2017,4.41
04/10/2017,4.4
03/10/2017,4.36
02/10/2017,4.32
29/09/2017,4.32
28/09/2017,4.31
27/09/2017,4.32
26/09/2017,4.38
25/09/2017,4.36
22/09/2017,4.35
21/09/2017,4.4
20/09/2017,4.48
19/09/2017,4.22
18/09/2017,4.21
15/09/2017,4.18
14/09/2017,4.17
13/09/2017,4.2
12/09/2017,4.19
11/09/2017,4.22
08/09/2017,4.22
07/09/2017,4.2
06/09/2017,4.21
05/09/2017,4.23
04/09/2017,4.24
01/09/2017,4.23
31/08/2017,4.16
30/08/2017,4.21
29/08/2017,4.18
28/08/2017,4.24
25/08/2017,4.28
24/08/2017,4.25
23/08/2017,4.26
22/08/2017,4.22
21/08/2017,4.3
18/08/2017,4.22
17/08/2017,4.18
16/08/2017,4.3
15/08/2017,4.18
14/08/2017,4.17
11/08/2017,4.11
10/08/2017,4.11
09/08/2017,4.24
08/08/2017,4.23
07/08/2017,4.33
04/08/2017,4.16
03/08/2017,4.12
02/08/2017,4.11
01/08/2017,4.09
31/07/2017,4.23
28/07/2017,4.21
27/07/2017,4.44
26/07/2017,4.6
25/07/2017,4.45
24/07/2017,4.31
21/07/2017,4.32
20/07/2017,4.31
19/07/2017,4.3
18/07/2017,4.27
17/07/2017,4.27
14/07/2017,4.28
13/07/2017,4.16
12/07/2017,4.15
11/07/2017,4.1
10/07/2017,4.14
07/07/2017,4.11
06/07/2017,4.08
05/07/2017,3.91
04/07/2017,3.73
03/07/2017,3.76
30/06/2017,3.77
29/06/2017,3.69
28/06/2017,3.7
27/06/2017,3.71
26/06/2017,3.7
23/06/2017,3.77
22/06/2017,3.72
21/06/2017,3.69
20/06/2017,3.78
19/06/2017,3.76
16/06/2017,3.74
15/06/2017,3.63
14/06/2017,3.68
13/06/2017,3.84
12/06/2017,3.71
09/06/2017,3.51
08/06/2017,3.36
07/06/2017,3.4
06/06/2017,3.38
05/06/2017,3.39
02/06/2017,3.39
01/06/2017,3.39
31/05/2017,3.42
30/05/2017,3.42
29/05/2017,3.55
26/05/2017,3.62
25/05/2017,3.61
24/05/2017,3.57
23/05/2017,3.44
22/05/2017,3.47
19/05/2017,3.51
18/05/2017,3.54
17/05/2017,3.51
16/05/2017,3.62
15/05/2017,3.74
12/05/2017,3.8
11/05/2017,3.67
10/05/2017,3.76
09/05/2017,3.8
08/05/2017,3.83
05/05/2017,3.82
04/05/2017,3.93
03/05/2017,4.05
02/05/2017,4.13
28/04/2017,4.12
27/04/2017,4.14
26/04/2017,4.02
25/04/2017,4.3
24/04/2017,4.09
21/04/2017,3.98
20/04/2017,3.71
19/04/2017,3.7
18/04/2017,3.6
17/04/2017,3.65
12/04/2017,3.59
11/04/2017,3.58
10/04/2017,3.7
07/04/2017,3.72
06/04/2017,3.7
05/04/2017,3.74
04/04/2017,3.71
03/04/2017,3.74
31/03/2017,3.75
30/03/2017,3.76
29/03/2017,3.86
28/03/2017,3.79
27/03/2017,3.83
24/03/2017,3.81
23/03/2017,3.82
22/03/2017,3.84
21/03/2017,3.86
17/03/2017,3.94
16/03/2017,3.89
15/03/2017,3.9
14/03/2017,3.86
13/03/2017,3.87
10/03/2017,3.88
09/03/2017,3.86
08/03/2017,3.88
07/03/2017,3.91
06/03/2017,3.94
03/03/2017,3.9
02/03/2017,3.91
01/03/2017,3.9
28/02/2017,3.68
27/02/2017,3.64
24/02/2017,3.68
23/02/2017,3.67
22/02/2017,3.69
21/02/2017,3.56
20/02/2017,3.55
17/02/2017,3.54
16/02/2017,3.69
15/02/2017,3.41
14/02/2017,3.39
13/02/2017,3.43
10/02/2017,3.56
09/02/2017,3.61
08/02/2017,3.64
07/02/2017,3.6
03/02/2017,3.63
02/02/2017,3.67
01/02/2017,3.67
31/01/2017,3.7
30/01/2017,3.64
27/01/2017,3.62
26/01/2017,3.58
25/01/2017,3.69
24/01/2017,3.61
23/01/2017,3.45
20/01/2017,3.34
19/01/2017,3.3
18/01/2017,3.45
17/01/2017,3.56
16/01/2017,3.76
13/01/2017,3.86
12/01/2017,3.71
11/01/2017,3.71
10/01/2017,3.68
09/01/2017,3.74
06/01/2017,3.95
05/01/2017,4.02
04/01/2017,3.83
03/01/2017,3.83
02/01/2017,3.62
30/12/2016,3.52
29/12/2016,3.45
28/12/2016,3.54
27/12/2016,3.47
26/12/2016,3.62
23/12/2016,3.62
22/12/2016,3.65
21/12/2016,3.75
20/12/2016,3.87
19/12/2016,3.92
16/12/2016,4.07
15/12/2016,4.18
14/12/2016,4.19
13/12/2016,4.21
09/12/2016,4.16
08/12/2016,3.9
07/12/2016,4.01
06/12/2016,3.9
05/12/2016,3.84
02/12/2016,3.8
01/12/2016,3.95
30/11/2016,4.07
29/11/2016,4.02
28/11/2016,3.98
25/11/2016,4.15
24/11/2016,4.06
23/11/2016,4.03
22/11/2016,4.18
18/11/2016,4.31
17/11/2016,4.46
16/11/2016,4.52
15/11/2016,4.58
14/11/2016,4.5
11/11/2016,4.48
10/11/2016,4.27
09/11/2016,4.49
08/11/2016,4.84
07/11/2016,4.77
04/11/2016,4.56
03/11/2016,4.39
01/11/2016,4.5
31/10/2016,4.69
28/10/2016,4.69
27/10/2016,4.84
26/10/2016,4.89
25/10/2016,5.02
24/10/2016,4.98
21/10/2016,5.06
20/10/2016,5.19
19/10/2016,5.27
18/10/2016,5
17/10/2016,4.85
14/10/2016,4.93
13/10/2016,4.9
12/10/2016,5.03
11/10/2016,5.02
10/10/2016,4.74
07/10/2016,4.64
06/10/2016,4.69
05/10/2016,4.69
04/10/2016,4.48
03/10/2016,4.4
30/09/2016,4.46
29/09/2016,4.56
28/09/2016,4.7
27/09/2016,4.6
26/09/2016,4.56
23/09/2016,4.73
22/09/2016,4.58
21/09/2016,4.37
20/09/2016,4.41
19/09/2016,4.47
15/09/2016,4.55
14/09/2016,4.49
13/09/2016,4.49
12/09/2016,4.66
09/09/2016,4.71
08/09/2016,4.8
07/09/2016,4.81
06/09/2016,4.96
05/09/2016,5.02
02/09/2016,5.05
01/09/2016,5.03
31/08/2016,5.06
30/08/2016,5.17
29/08/2016,5.13
26/08/2016,5.13
25/08/2016,5.1
24/08/2016,5.06
23/08/2016,5.1
22/08/2016,5.16
19/08/2016,5.19
18/08/2016,5.15
17/08/2016,5
16/08/2016,5.06
15/08/2016,5.18
12/08/2016,5.2
11/08/2016,5.24
10/08/2016,5.26
09/08/2016,5.27
08/08/2016,5.3
05/08/2016,5.27
04/08/2016,5.41
03/08/2016,5.62
02/08/2016,5.6
01/08/2016,5.64
29/07/2016,5.59
28/07/2016,5.73
27/07/2016,5.69
26/07/2016,5.9
25/07/2016,5.85
22/07/2016,5.79
21/07/2016,5.63
20/07/2016,5.92
19/07/2016,6.02
18/07/2016,6.41
15/07/2016,6.33
14/07/2016,6.42
13/07/2016,6.36
12/07/2016,6.37
11/07/2016,6.43
08/07/2016,6.31
07/07/2016,6.24
06/07/2016,6.26
05/07/2016,6.3
04/07/2016,6.38
01/07/2016,6.3
30/06/2016,6.27
29/06/2016,6.37
28/06/2016,6.26
27/06/2016,6.15
24/06/2016,6.46
23/06/2016,6.6
22/06/2016,6.57
21/06/2016,6.49
20/06/2016,6.5
17/06/2016,6.41
16/06/2016,6.38
15/06/2016,6.42
14/06/2016,6.4
13/06/2016,6.6
10/06/2016,6.76
09/06/2016,6.97
08/06/2016,6.54
07/06/2016,6.25
06/06/2016,6.45
03/06/2016,6.43
02/06/2016,6.36
01/06/2016,6.34
31/05/2016,6.45
30/05/2016,6.66
27/05/2016,6.7
26/05/2016,6.76
25/05/2016,6.82
24/05/2016,6.94
23/05/2016,6.97
20/05/2016,7.06
19/05/2016,7.02
18/05/2016,6.94
17/05/2016,7.04
16/05/2016,7.14
13/05/2016,7.22
12/05/2016,7.26
11/05/2016,7.3
10/05/2016,7.36
09/05/2016,7.21
06/05/2016,7.39
05/05/2016,7.5
04/05/2016,7.3
03/05/2016,7.52
02/05/2016,7.58
29/04/2016,7.63
28/04/2016,7.66
27/04/2016,7.7
26/04/2016,7.71
25/04/2016,7.69
22/04/2016,7.92
21/04/2016,7.7
20/04/2016,7.64
19/04/2016,7.88
18/04/2016,7.77
15/04/2016,7.98
14/04/2016,8.05
13/04/2016,8.08
12/04/2016,8.1
11/04/2016,8.05
08/04/2016,8.1
07/04/2016,8.16
06/04/2016,8.22
05/04/2016,8.23
04/04/2016,8.41
01/04/2016,8.49
31/03/2016,8.48
30/03/2016,8.33
29/03/2016,8
28/03/2016,8.14
23/03/2016,8.09
22/03/2016,8.18
18/03/2016,8.17
17/03/2016,8.24
16/03/2016,8.26
15/03/2016,8.22
14/03/2016,8.4
11/03/2016,8.39
10/03/2016,8.32
09/03/2016,8.33
08/03/2016,8.07
07/03/2016,8.28
04/03/2016,8.12
03/03/2016,7.91
02/03/2016,7.71
01/03/2016,7.67
29/02/2016,7.61
26/02/2016,7.7
25/02/2016,7.75
24/02/2016,7.67
23/02/2016,7.66
22/02/2016,7.75
19/02/2016,7.74
18/02/2016,7.69
17/02/2016,7.74
16/02/2016,7.77
15/02/2016,7.84
12/02/2016,7.71
11/02/2016,7.6
10/02/2016,7.71
09/02/2016,7.82
08/02/2016,7.66
05/02/2016,7.57
04/02/2016,7.75
03/02/2016,7.89
02/02/2016,7.97
29/01/2016,7.95
28/01/2016,8.01
27/01/2016,8.06
26/01/2016,7.97
25/01/2016,7.82
22/01/2016,7.97
21/01/2016,7.96
20/01/2016,8
19/01/2016,8.27
18/01/2016,8.51
15/01/2016,8.52
14/01/2016,8.49
13/01/2016,8.66
12/01/2016,8.75
11/01/2016,8.77
08/01/2016,8.41
07/01/2016,8.33
06/01/2016,8.76
05/01/2016,8.5
04/01/2016,8.5
31/12/2015,8.7
30/12/2015,8.73
29/12/2015,8.75
28/12/2015,8.71
24/12/2015,8.73
23/12/2015,8.8
22/12/2015,8.59
21/12/2015,8.56
18/12/2015,8.44
17/12/2015,8.25
16/12/2015,8.47
15/12/2015,8.43
14/12/2015,8.58
11/12/2015,8.65
10/12/2015,8.69
09/12/2015,8.96
08/12/2015,8.86
07/12/2015,8.91
04/12/2015,8.78
03/12/2015,8.79
02/12/2015,8.72
01/12/2015,8.49
30/11/2015,8.14
27/11/2015,8.57
26/11/2015,8.11
25/11/2015,7.98
24/11/2015,8.19
23/11/2015,7.96
20/11/2015,7.9
19/11/2015,7.86
18/11/2015,7.93
17/11/2015,7.78
13/11/2015,7.41
12/11/2015,7.18
11/11/2015,7.14
10/11/2015,7.2
09/11/2015,7.18
06/11/2015,7.19
05/11/2015,7.18
04/11/2015,7.22
03/11/2015,7.23
30/10/2015,7.12
29/10/2015,7.13
28/10/2015,6.86
27/10/2015,6.81
26/10/2015,7.07
23/10/2015,7.21
22/10/2015,7.08
21/10/2015,7.38
20/10/2015,7.59
19/10/2015,7.63
16/10/2015,7.58
15/10/2015,7.71
14/10/2015,7.82
13/10/2015,7.8
12/10/2015,7.8
09/10/2015,7.58
08/10/2015,7.53
07/10/2015,7.7
06/10/2015,7.71
05/10/2015,7.53
02/10/2015,7.72
01/10/2015,7.96
30/09/2015,7.91
29/09/2015,7.99
28/09/2015,7.95
25/09/2015,7.89
24/09/2015,7.65
23/09/2015,7.71
22/09/2015,7.86
21/09/2015,7.89
18/09/2015,7.9
17/09/2015,7.93
15/09/2015,7.68
14/09/2015,7.65
11/09/2015,7.4
10/09/2015,7.15
09/09/2015,7.14
08/09/2015,7.09
07/09/2015,6.94
04/09/2015,6.88
03/09/2015,6.98
02/09/2015,6.93
01/09/2015,6.89
31/08/2015,6.79
28/08/2015,6.68
27/08/2015,6.76
26/08/2015,6.77
25/08/2015,6.75
24/08/2015,6.43
21/08/2015,5.89
20/08/2015,6
19/08/2015,5.8
18/08/2015,6.07
17/08/2015,6.21
14/08/2015,6.28
13/08/2015,6.26
12/08/2015,6.25
11/08/2015,6.43
10/08/2015,6.58
07/08/2015,6.41
06/08/2015,6.27
05/08/2015,6.08
04/08/2015,5.94
03/08/2015,6.22
31/07/2015,5.96
30/07/2015,5.43
29/07/2015,4.95
28/07/2015,4.89
27/07/2015,4.86
24/07/2015,4.86
23/07/2015,4.89
22/07/2015,4.86
21/07/2015,4.92
20/07/2015,4.95
17/07/2015,4.94
16/07/2015,4.86
15/07/2015,4.86
14/07/2015,4.91
13/07/2015,4.86
10/07/2015,5.02
09/07/2015,4.93
08/07/2015,4.81
07/07/2015,4.95
06/07/2015,4.93
03/07/2015,4.96
02/07/2015,4.92
01/07/2015,4.84
30/06/2015,4.87
29/06/2015,4.9
26/06/2015,5.02
25/06/2015,5
24/06/2015,5.06
23/06/2015,5.01
22/06/2015,5.01
19/06/2015,4.97
18/06/2015,4.95
17/06/2015,4.96
16/06/2015,4.98
15/06/2015,4.92
12/06/2015,4.97
11/06/2015,4.89
10/06/2015,4.85
09/06/2015,4.92
08/06/2015,4.65
05/06/2015,4.69
04/06/2015,4.68
03/06/2015,4.65
02/06/2015,4.7
01/06/2015,4.73
29/05/2015,4.68
28/05/2015,4.76
27/05/2015,4.8
26/05/2015,4.77
25/05/2015,4.79
22/05/2015,4.8
21/05/2015,4.81
20/05/2015,4.83
19/05/2015,4.83
18/05/2015,4.71
15/05/2015,4.7
14/05/2015,4.69
13/05/2015,4.3
12/05/2015,4.22
11/05/2015,4.26
08/05/2015,4.26
07/05/2015,4.24
06/05/2015,4.27
05/05/2015,4.37
04/05/2015,4.38
30/04/2015,4.46
29/04/2015,4.47
28/04/2015,4.51
27/04/2015,4.5
24/04/2015,4.56
23/04/2015,4.48
22/04/2015,4.69
21/04/2015,4.65
20/04/2015,4.68
17/04/2015,4.7
16/04/2015,4.71
15/04/2015,4.65
14/04/2015,4.76
13/04/2015,4.81
10/04/2015,4.67
09/04/2015,4.65
08/04/2015,4.72
07/04/2015,4.81
06/04/2015,4.82
01/04/2015,4.82
31/03/2015,4.87
30/03/2015,4.82
27/03/2015,4.99
26/03/2015,4.91
25/03/2015,4.89
24/03/2015,4.96
23/03/2015,5.04
20/03/2015,5
19/03/2015,5.04
18/03/2015,4.49
17/03/2015,4.43
13/03/2015,4.23
12/03/2015,4.13
11/03/2015,4.12
10/03/2015,4.02
09/03/2015,4.23
06/03/2015,4.2
05/03/2015,4.27
04/03/2015,4.26
03/03/2015,4.43
02/03/2015,4.5
27/02/2015,4.41
26/02/2015,4.23
25/02/2015,4.08
24/02/2015,4.18
23/02/2015,4.36
20/02/2015,4.14
19/02/2015,3.95
18/02/2015,3.88
17/02/2015,3.94
16/02/2015,3.89
13/02/2015,3.65
12/02/2015,3.65
11/02/2015,3.53
10/02/2015,3.56
09/02/2015,3.47
06/02/2015,3.6
05/02/2015,3.5
04/02/2015,3.23
03/02/2015,3.26
30/01/2015,3.41
29/01/2015,3.46
28/01/2015,3.15
27/01/2015,3.14
26/01/2015,3.17
23/01/2015,3.15
22/01/2015,3.18
21/01/2015,3.19
20/01/2015,3.15
19/01/2015,3.16
16/01/2015,3.14
15/01/2015,3.16
14/01/2015,3.19
13/01/2015,3.16
12/01/2015,3.23
09/01/2015,3.3
08/01/2015,3.34
07/01/2015,3.27
06/01/2015,3.22
05/01/2015,3.21
02/01/2015,3.3
31/12/2014,3.38
30/12/2014,3.4
29/12/2014,3.39
26/12/2014,3.4
24/12/2014,3.44
23/12/2014,3.46
22/12/2014,3.57
19/12/2014,3.51
18/12/2014,3.54
17/12/2014,3.4
16/12/2014,3.21
15/12/2014,3.18
11/12/2014,3.35
10/12/2014,3.41
09/12/2014,3.55
08/12/2014,3.65
05/12/2014,3.77
04/12/2014,3.54
03/12/2014,3.69
02/12/2014,3.53
01/12/2014,3.73
28/11/2014,3.82
27/11/2014,3.83
26/11/2014,3.84
25/11/2014,3.82
24/11/2014,3.75
21/11/2014,3.74
20/11/2014,3.76
19/11/2014,3.63
18/11/2014,3.37
14/11/2014,3.36
13/11/2014,3.47
12/11/2014,3.55
11/11/2014,3.64
10/11/2014,3.63
07/11/2014,3.64
06/11/2014,3.53
05/11/2014,3.49
04/11/2014,3.54
03/11/2014,3.59
31/10/2014,3.57
30/10/2014,3.59
29/10/2014,3.57
28/10/2014,3.59
27/10/2014,3.46
24/10/2014,3.67
23/10/2014,3.83
22/10/2014,3.45
21/10/2014,3.46
20/10/2014,3.48
17/10/2014,3.47
16/10/2014,3.35
15/10/2014,3.39
14/10/2014,3.47
13/10/2014,3.52
10/10/2014,3.51
09/10/2014,3.6
08/10/2014,3.63
07/10/2014,3.64
06/10/2014,3.8
03/10/2014,3.83
02/10/2014,3.91
01/10/2014,3.94
30/09/2014,3.91
29/09/2014,4.03
26/09/2014,4.06
25/09/2014,4.11
24/09/2014,4.1
23/09/2014,4.12
22/09/2014,4.05
19/09/2014,4.11
18/09/2014,4.07
17/09/2014,4.15
15/09/2014,4.26
12/09/2014,4.27
11/09/2014,4.22
10/09/2014,4.05
09/09/2014,4.09
08/09/2014,4.16
05/09/2014,4.15
04/09/2014,4.16
03/09/2014,4.2
02/09/2014,4.17
01/09/2014,4.11
29/08/2014,4.09
28/08/2014,4.26
27/08/2014,4.31
26/08/2014,4.4
25/08/2014,4.41
22/08/2014,4.4
21/08/2014,4.36
20/08/2014,4.38
19/08/2014,4.4
18/08/2014,4.36
15/08/2014,4.41
14/08/2014,4.48
13/08/2014,4.5
12/08/2014,4.51
11/08/2014,4.5
08/08/2014,4.45
07/08/2014,4.48
06/08/2014,4.56
05/08/2014,4.56
04/08/2014,4.55
01/08/2014,4.61
31/07/2014,4.55
30/07/2014,4.71
29/07/2014,4.7
28/07/2014,4.64
25/07/2014,4.58
24/07/2014,4.62
23/07/2014,4.52
22/07/2014,4.59
21/07/2014,4.71
18/07/2014,4.76
17/07/2014,4.7
16/07/2014,4.67
15/07/2014,4.68
14/07/2014,4.83
11/07/2014,4.8
10/07/2014,4.91
09/07/2014,4.82
08/07/2014,5.09
07/07/2014,5.11
04/07/2014,5.12
03/07/2014,5.03
02/07/2014,4.81
01/07/2014,4.8
30/06/2014,4.83
27/06/2014,4.82
26/06/2014,4.91
25/06/2014,4.86
24/06/2014,4.88
23/06/2014,4.95
20/06/2014,5
19/06/2014,5.07
18/06/2014,5.01
17/06/2014,4.91
16/06/2014,4.87
13/06/2014,5.06
12/06/2014,5.14
11/06/2014,5.23
10/06/2014,4.89
09/06/2014,4.9
06/06/2014,5.03
05/06/2014,4.98
04/06/2014,4.69
03/06/2014,4.74
02/06/2014,4.51
30/05/2014,4.45
29/05/2014,4.55
28/05/2014,4.47
27/05/2014,4.52
26/05/2014,4.52
23/05/2014,4.55
22/05/2014,4.58
21/05/2014,4.61
20/05/2014,4.62
19/05/2014,4.62
16/05/2014,4.54
15/05/2014,4.57
14/05/2014,4.63
13/05/2014,4.67
12/05/2014,4.43
09/05/2014,4.49
08/05/2014,4.5
07/05/2014,4.48
06/05/2014,4.46
05/05/2014,4.39
02/05/2014,4.39
30/04/2014,4.37
29/04/2014,4.54
28/04/2014,4.51
25/04/2014,4.59
24/04/2014,4.63
23/04/2014,4.6
22/04/2014,4.58
21/04/2014,4.62
16/04/2014,4.66
15/04/2014,4.52
14/04/2014,4.67
11/04/2014,4.58
10/04/2014,4.54
09/04/2014,4.67
08/04/2014,4.69
07/04/2014,4.66
04/04/2014,4.75
03/04/2014,4.56
02/04/2014,4.58
01/04/2014,4.52
31/03/2014,4.46
28/03/2014,4.51
27/03/2014,4.43
26/03/2014,4.56
25/03/2014,4.6
24/03/2014,4.76
21/03/2014,4.85
20/03/2014,4.56
19/03/2014,4.34
18/03/2014,4.27
14/03/2014,4.16
13/03/2014,4.06
12/03/2014,4.18
11/03/2014,4.33
10/03/2014,4.35
07/03/2014,4.39
06/03/2014,4.39
05/03/2014,4.37
04/03/2014,4.43
03/03/2014,4.34
28/02/2014,4.69
27/02/2014,4.68
26/02/2014,4.78
25/02/2014,4.88
24/02/2014,4.88
21/02/2014,4.9
20/02/2014,4.91
19/02/2014,4.88
18/02/2014,4.94
17/02/2014,5.03
14/02/2014,5.15
13/02/2014,5.08
12/02/2014,5.15
11/02/2014,5.34
10/02/2014,5.11
07/02/2014,5.16
06/02/2014,5.14
05/02/2014,5.26
04/02/2014,5.27
31/01/2014,5.42
30/01/2014,5.36
29/01/2014,5.33
28/01/2014,5.28
27/01/2014,5.22
24/01/2014,5.25
23/01/2014,5.37
22/01/2014,5.43
21/01/2014,5.41
20/01/2014,5.03
17/01/2014,4.81
16/01/2014,4.9
15/01/2014,5.24
14/01/2014,5.42
13/01/2014,5.38
10/01/2014,5.16
09/01/2014,5
08/01/2014,4.66
07/01/2014,4.4
06/01/2014,4.39
03/01/2014,4.55
02/01/2014,4.6
31/12/2013,4.68
30/12/2013,4.79
27/12/2013,4.67
26/12/2013,4.51
24/12/2013,4.54
23/12/2013,4.28
20/12/2013,4.04
19/12/2013,3.95
18/12/2013,3.94
17/12/2013,3.83
16/12/2013,3.75
13/12/2013,3.8
11/12/2013,3.82
10/12/2013,3.85
09/12/2013,3.84
06/12/2013,3.82
05/12/2013,3.78
04/12/2013,3.8
03/12/2013,3.83
02/12/2013,3.89
29/11/2013,3.88
28/11/2013,3.82
27/11/2013,3.8
26/11/2013,3.71
25/11/2013,3.94
22/11/2013,3.96
21/11/2013,3.99
20/11/2013,3.98
19/11/2013,3.86
15/11/2013,3.92
14/11/2013,3.85
13/11/2013,3.9
12/11/2013,3.8
11/11/2013,3.89
08/11/2013,3.89
07/11/2013,3.97
06/11/2013,4.02
05/11/2013,4.01
04/11/2013,4.07
01/11/2013,4.03
31/10/2013,4.09
30/10/2013,4.01
29/10/2013,4.14
28/10/2013,4.09
25/10/2013,3.98
24/10/2013,3.99
23/10/2013,3.98
22/10/2013,4.03
21/10/2013,4.01
18/10/2013,4.05
17/10/2013,4.1
16/10/2013,4.08
15/10/2013,4.07
14/10/2013,4.13
11/10/2013,4.15
10/10/2013,4.13
09/10/2013,4.03
08/10/2013,4.03
07/10/2013,4.07
04/10/2013,4.11
03/10/2013,4.07
02/10/2013,4.09
01/10/2013,4.11
30/09/2013,3.99
27/09/2013,4.13
26/09/2013,4.19
25/09/2013,4.2
24/09/2013,4.19
23/09/2013,4.19
20/09/2013,4.25
19/09/2013,4.28
18/09/2013,4.3
17/09/2013,4.3
13/09/2013,4.5
12/09/2013,4.5
11/09/2013,4.47
10/09/2013,4.4
09/09/2013,4.39
06/09/2013,4.22
05/09/2013,4.2
04/09/2013,4.21
03/09/2013,4.11
02/09/2013,4.24
30/08/2013,4.34
29/08/2013,4.08
28/08/2013,4.02
27/08/2013,3.73
26/08/2013,3.97
23/08/2013,4.05
22/08/2013,4.01
21/08/2013,4.09
20/08/2013,4.14
19/08/2013,4.1
16/08/2013,4.17
15/08/2013,4.15
14/08/2013,4.23
13/08/2013,4.19
12/08/2013,4.24
09/08/2013,4.39
08/08/2013,4.42
07/08/2013,4.49
06/08/2013,4.49
05/08/2013,4.55
02/08/2013,4.42
01/08/2013,4.42
31/07/2013,4.32
30/07/2013,4.3
29/07/2013,4.36
26/07/2013,4.34
25/07/2013,4.36
24/07/2013,4.39
23/07/2013,4.45
22/07/2013,4.37
19/07/2013,4.46
18/07/2013,4.41
17/07/2013,4.29
16/07/2013,4.45
15/07/2013,4.49
12/07/2013,4.46
11/07/2013,4.46
10/07/2013,4.44
09/07/2013,4.33
08/07/2013,4.32
05/07/2013,4.46
04/07/2013,4.6
03/07/2013,4.57
02/07/2013,4.6
01/07/2013,4.67
28/06/2013,4.48
27/06/2013,4.52
26/06/2013,4.39
25/06/2013,4.31
24/06/2013,4.15
21/06/2013,4.21
20/06/2013,4.01
19/06/2013,4.2
18/06/2013,4.28
17/06/2013,4.46
14/06/2013,4.29
13/06/2013,4.24
12/06/2013,4.17
11/06/2013,4.26
10/06/2013,4.33
07/06/2013,4.24
06/06/2013,4.23
05/06/2013,4.19
04/06/2013,4.26
03/06/2013,4.32
31/05/2013,4.34
30/05/2013,4.53
29/05/2013,4.38
28/05/2013,4.54
27/05/2013,4.66
24/05/2013,4.57
23/05/2013,4.44
22/05/2013,4.33
21/05/2013,4.36
20/05/2013,4.42
17/05/2013,4.56
16/05/2013,4.67
15/05/2013,4.74
14/05/2013,4.75
13/05/2013,4.7
10/05/2013,4.68
09/05/2013,4.77
08/05/2013,4.64
07/05/2013,4.6
06/05/2013,4.21
03/05/2013,4.05
02/05/2013,3.93
30/04/2013,3.93
29/04/2013,3.84
26/04/2013,3.87
25/04/2013,3.74
24/04/2013,3.61
23/04/2013,3.72
22/04/2013,3.74
19/04/2013,3.72
18/04/2013,3.56
17/04/2013,3.48
16/04/2013,3.5
15/04/2013,3.49
12/04/2013,3.64
11/04/2013,3.68
10/04/2013,3.67
09/04/2013,3.72
08/04/2013,3.71
05/04/2013,3.66
04/04/2013,3.64
03/04/2013,3.74
02/04/2013,3.73
01/04/2013,3.7
27/03/2013,3.75
26/03/2013,3.77
25/03/2013,3.8
22/03/2013,3.75
21/03/2013,3.69
20/03/2013,3.54
19/03/2013,3.4
15/03/2013,3.49
14/03/2013,3.61
13/03/2013,3.69
12/03/2013,3.63
11/03/2013,3.42
08/03/2013,3.2
07/03/2013,3.17
06/03/2013,3.16
05/03/2013,3.16
04/03/2013,3.19
01/03/2013,3
28/02/2013,2.94
27/02/2013,3.05
26/02/2013,2.97
25/02/2013,3.01
22/02/2013,3.03
21/02/2013,3.15
20/02/2013,3.17
19/02/2013,3.21
18/02/2013,3.08
15/02/2013,3.12
14/02/2013,3.18
13/02/2013,3.13
12/02/2013,3.26
11/02/2013,3.44
08/02/2013,3.23
07/02/2013,3.29
06/02/2013,3.48
05/02/2013,3.55
01/02/2013,3.54
31/01/2013,3.55
30/01/2013,3.6
29/01/2013,3.57
28/01/2013,3.47
25/01/2013,3.46
24/01/2013,3.48
23/01/2013,3.43
22/01/2013,3.53
21/01/2013,3.62
18/01/2013,3.34
17/01/2013,3.47
16/01/2013,3.42
15/01/2013,3.17
14/01/2013,3.12
11/01/2013,3.08
10/01/2013,3.32
09/01/2013,3.08
08/01/2013,2.94
07/01/2013,2.84
04/01/2013,2.69
03/01/2013,2.82
02/01/2013,2.92
31/12/2012,2.91
28/12/2012,2.95
27/12/2012,2.87
26/12/2012,2.63
24/12/2012,2.57
21/12/2012,2.41
20/12/2012,2.51
19/12/2012,2.32
18/12/2012,2.28
17/12/2012,2.3
14/12/2012,2.28
13/12/2012,2.3
11/12/2012,2.28
10/12/2012,2.26
07/12/2012,2.32
06/12/2012,2.37
05/12/2012,2.41
04/12/2012,2.59
03/12/2012,2.57
30/11/2012,2.53
29/11/2012,2.54
28/11/2012,2.57
27/11/2012,2.54
26/11/2012,2.64
23/11/2012,2.69
22/11/2012,2.65
21/11/2012,2.34
20/11/2012,2.35
16/11/2012,2.42
15/11/2012,2.4
14/11/2012,2.48
13/11/2012,2.86
12/11/2012,2.9
09/11/2012,2.91
08/11/2012,2.95
07/11/2012,2.95
06/11/2012,2.9
05/11/2012,2.7
01/11/2012,2.88
31/10/2012,2.94
30/10/2012,2.96
29/10/2012,3.38
26/10/2012,3.32
25/10/2012,3.48
24/10/2012,3.68
23/10/2012,3.59
22/10/2012,3.78
19/10/2012,3.79
18/10/2012,4
17/10/2012,3.59
16/10/2012,3.43
15/10/2012,3.19
12/10/2012,3.13
11/10/2012,3.11
10/10/2012,3.13
09/10/2012,3.05
08/10/2012,3.06
05/10/2012,3.14
04/10/2012,3.15
03/10/2012,3.19
02/10/2012,3.03
01/10/2012,2.96
28/09/2012,3.19
27/09/2012,3.23
26/09/2012,3.14
25/09/2012,3.03
24/09/2012,3.38
21/09/2012,3.18
20/09/2012,2.88
19/09/2012,2.63
18/09/2012,2.58
17/09/2012,2.61
14/09/2012,2.64
13/09/2012,2.57
12/09/2012,2.46
11/09/2012,2.46
10/09/2012,2.44
07/09/2012,2.43
06/09/2012,2.44
05/09/2012,2.42
04/09/2012,2.49
03/09/2012,2.49
31/08/2012,2.32
30/08/2012,2.36
29/08/2012,2.34
28/08/2012,2.31
27/08/2012,2.4
24/08/2012,2.37
23/08/2012,2.3
22/08/2012,2.22
21/08/2012,2.19
20/08/2012,2.19
17/08/2012,2.33
16/08/2012,2.19
15/08/2012,2.38
14/08/2012,2.37
13/08/2012,2.36
10/08/2012,2.44
09/08/2012,2.4
08/08/2012,2.4
07/08/2012,2.33
06/08/2012,2.19
03/08/2012,1.94
02/08/2012,1.91
01/08/2012,1.95
31/07/2012,2.03
30/07/2012,2.19
27/07/2012,2.49
26/07/2012,2.68
25/07/2012,2.71
24/07/2012,2.72
23/07/2012,2.75
20/07/2012,2.8
19/07/2012,2.85
18/07/2012,2.93
17/07/2012,3.04
16/07/2012,2.99
13/07/2012,2.86
12/07/2012,2.84
11/07/2012,2.86
10/07/2012,2.86
09/07/2012,2.88
06/07/2012,2.9
05/07/2012,2.92
04/07/2012,2.93
03/07/2012,2.96
02/07/2012,2.96
29/06/2012,2.98
28/06/2012,2.95
27/06/2012,2.96
26/06/2012,2.87
25/06/2012,2.87
22/06/2012,2.91
21/06/2012,2.75
20/06/2012,2.72
19/06/2012,2.8
18/06/2012,2.71
15/06/2012,2.79
14/06/2012,2.86
13/06/2012,2.92
12/06/2012,3.02
11/06/2012,3.02
08/06/2012,3.15
07/06/2012,3.14
06/06/2012,3.11
05/06/2012,3.17
04/06/2012,3.19
01/06/2012,3.21
31/05/2012,3.22
30/05/2012,3.06
29/05/2012,3.08
28/05/2012,3.17
25/05/2012,3.17
24/05/2012,3.2
23/05/2012,3.23
22/05/2012,3.36
21/05/2012,3.4
18/05/2012,3.4
17/05/2012,3.44
16/05/2012,3.47
15/05/2012,3.51
14/05/2012,3.6
11/05/2012,3.7
10/05/2012,3.75
09/05/2012,3.71
08/05/2012,3.72
07/05/2012,3.6
04/05/2012,3.6
03/05/2012,3.61
02/05/2012,3.61
30/04/2012,3.56
27/04/2012,3.85
26/04/2012,3.91
25/04/2012,3.95
24/04/2012,3.98
23/04/2012,4.02
20/04/2012,4.13
19/04/2012,4.09
18/04/2012,4.16
17/04/2012,4.07
16/04/2012,3.9
13/04/2012,3.86
12/04/2012,4
11/04/2012,4.03
10/04/2012,3.99
09/04/2012,4.12
04/04/2012,4.18
03/04/2012,4.21
02/04/2012,4.23
30/03/2012,4.29
29/03/2012,4.31
28/03/2012,4.34
27/03/2012,4.35
26/03/2012,4.32
23/03/2012,4.3
22/03/2012,4.25
21/03/2012,4.26
20/03/2012,4.26
16/03/2012,4.32
15/03/2012,4.28
14/03/2012,4.3
13/03/2012,4.35
12/03/2012,4.38
09/03/2012,4.39
08/03/2012,4.47
07/03/2012,4.36
06/03/2012,4.34
05/03/2012,4.43
02/03/2012,4.48
01/03/2012,4.37
29/02/2012,4.29
28/02/2012,4.49
27/02/2012,4.5
24/02/2012,4.56
23/02/2012,4.76
22/02/2012,4.85
21/02/2012,4.93
20/02/2012,5.09
17/02/2012,4.94
16/02/2012,4.95
15/02/2012,5.04
14/02/2012,5.12
13/02/2012,5.45
10/02/2012,5.07
09/02/2012,4.76
08/02/2012,4.56
07/02/2012,4.6
03/02/2012,4.53
02/02/2012,4.53
01/02/2012,4.61
31/01/2012,4.5
30/01/2012,4.43
27/01/2012,4.43
26/01/2012,4.49
25/01/2012,4.46
24/01/2012,4.47
23/01/2012,4.48
20/01/2012,4.54
19/01/2012,4.48
18/01/2012,4.47
17/01/2012,4.32
16/01/2012,4.29
13/01/2012,4.28
12/01/2012,4.35
11/01/2012,4.34
10/01/2012,4.32
09/01/2012,4.27
06/01/2012,4.25
05/01/2012,4.39
04/01/2012,4.43
03/01/2012,4.44
02/01/2012,4.46
30/12/2011,4.45
29/12/2011,4.47
28/12/2011,4.35
27/12/2011,4.41
26/12/2011,4.45
23/12/2011,4.43
22/12/2011,4.45
21/12/2011,4.43
20/12/2011,4.46
19/12/2011,4.45
16/12/2011,4.46
15/12/2011,4.22
14/12/2011,4.24
13/12/2011,4.25
09/12/2011,4.48
08/12/2011,4.3
07/12/2011,4.37
06/12/2011,4.37
05/12/2011,4.34
02/12/2011,4.28
01/12/2011,4.29
30/11/2011,4.37
29/11/2011,4.27
28/11/2011,4.46
25/11/2011,4.38
24/11/2011,4.43
23/11/2011,4.5
22/11/2011,4.79
18/11/2011,4.84
17/11/2011,5
16/11/2011,5.12
15/11/2011,5.33
14/11/2011,4.96
11/11/2011,4.61
10/11/2011,4.32
09/11/2011,4.32
08/11/2011,4.45
07/11/2011,4.3
04/11/2011,4.23
03/11/2011,4.3
01/11/2011,4.28
31/10/2011,4.4
28/10/2011,4.81
27/10/2011,4.99
26/10/2011,4.85
25/10/2011,4.81
24/10/2011,4.98
21/10/2011,4.94
20/10/2011,4.91
19/10/2011,4.99
18/10/2011,5.1
17/10/2011,5.01
14/10/2011,5.14
13/10/2011,5.05
12/10/2011,5.08
11/10/2011,4.96
10/10/2011,4.92
07/10/2011,4.88
06/10/2011,4.8
05/10/2011,4.79
04/10/2011,4.94
03/10/2011,4.93
30/09/2011,5.06
29/09/2011,5.38
28/09/2011,5.35
27/09/2011,5.47
26/09/2011,5.27
23/09/2011,5.23
22/09/2011,5.15
21/09/2011,5.41
20/09/2011,5.56
19/09/2011,5.66
15/09/2011,5.68
14/09/2011,5.57
13/09/2011,5.48
12/09/2011,5.33
09/09/2011,5.39
08/09/2011,5.69
07/09/2011,5.86
06/09/2011,5.73
05/09/2011,5.71
02/09/2011,5.89
01/09/2011,5.98
31/08/2011,6.12
30/08/2011,5.96
29/08/2011,5.98
26/08/2011,5.75
25/08/2011,5.67
24/08/2011,5.82
23/08/2011,5.81
22/08/2011,5.55
19/08/2011,5.52
18/08/2011,5.68
17/08/2011,5.87
16/08/2011,5.66
15/08/2011,5.54
12/08/2011,5.23
11/08/2011,5.28
10/08/2011,5.09
09/08/2011,5.21
08/08/2011,5.2
05/08/2011,5.89
04/08/2011,5.97
03/08/2011,6.57
02/08/2011,6.58
01/08/2011,6.9
29/07/2011,6.81
28/07/2011,6.74
27/07/2011,6.77
26/07/2011,6.7
25/07/2011,6.69
22/07/2011,6.62
21/07/2011,6.48
20/07/2011,6.4
19/07/2011,6.27
18/07/2011,6.23
15/07/2011,6.23
14/07/2011,6.3
13/07/2011,6.38
12/07/2011,6.46
11/07/2011,6.47
08/07/2011,6.62
07/07/2011,6.69
06/07/2011,6.68
05/07/2011,6.66
04/07/2011,6.49
01/07/2011,6.51
30/06/2011,6.48
29/06/2011,6.45
28/06/2011,6.51
27/06/2011,6.33
24/06/2011,6.21
23/06/2011,6.12
22/06/2011,6.1
21/06/2011,6.11
20/06/2011,5.98
17/06/2011,6.03
16/06/2011,6.05
15/06/2011,6.04
14/06/2011,6.1
13/06/2011,6.08
10/06/2011,6.2
09/06/2011,6.31
08/06/2011,6.25
07/06/2011,6.26
06/06/2011,6.22
03/06/2011,6.29
02/06/2011,6.23
01/06/2011,6.2
31/05/2011,6.31
30/05/2011,6.3
27/05/2011,6.37
26/05/2011,6.39
25/05/2011,6.42
24/05/2011,6.41
23/05/2011,6.47
20/05/2011,6.61
19/05/2011,6.6
18/05/2011,6.7
17/05/2011,6.41
16/05/2011,6.44
13/05/2011,6.49
12/05/2011,6.55
11/05/2011,6.56
10/05/2011,6.56
09/05/2011,6.61
06/05/2011,6.64
05/05/2011,6.72
04/05/2011,6.89
03/05/2011,6.86
02/05/2011,6.84
29/04/2011,6.82
28/04/2011,6.96
27/04/2011,6.99
26/04/2011,6.97
25/04/2011,6.96
20/04/2011,6.9
19/04/2011,6.75
18/04/2011,6.71
15/04/2011,6.89
14/04/2011,6.93
13/04/2011,7.1
12/04/2011,7.13
11/04/2011,7.07
08/04/2011,7.15
07/04/2011,6.89
06/04/2011,6.97
05/04/2011,6.9
04/04/2011,6.95
01/04/2011,7.03
31/03/2011,6.96
30/03/2011,6.76
29/03/2011,6.75
28/03/2011,6.72
25/03/2011,6.74
24/03/2011,6.79
23/03/2011,6.81
22/03/2011,6.7
18/03/2011,6.69
17/03/2011,6.78
16/03/2011,6.74
15/03/2011,6.78
14/03/2011,6.86
11/03/2011,6.85
10/03/2011,6.83
09/03/2011,6.92
08/03/2011,6.89
07/03/2011,6.83
04/03/2011,6.9
03/03/2011,6.94
02/03/2011,6.95
01/03/2011,6.95
28/02/2011,6.94
25/02/2011,7.08
24/02/2011,6.95
23/02/2011,6.96
22/02/2011,7.12
21/02/2011,7.24
18/02/2011,7.27
17/02/2011,7.25
16/02/2011,7.07
15/02/2011,7.15
14/02/2011,7.03
11/02/2011,7.06
10/02/2011,7.04
09/02/2011,7.07
08/02/2011,7.12
04/02/2011,7.08
03/02/2011,7.17
02/02/2011,7.26
01/02/2011,7.09
31/01/2011,7.04
28/01/2011,7.02
27/01/2011,7.06
26/01/2011,7.1
25/01/2011,7.06
24/01/2011,7.1
21/01/2011,7.1
20/01/2011,7.11
19/01/2011,7.1
18/01/2011,7.11
17/01/2011,7.16
14/01/2011,7.09
13/01/2011,7.2
12/01/2011,7.17
11/01/2011,7.12
10/01/2011,7.2
07/01/2011,7.21
06/01/2011,7.22
05/01/2011,7.24
04/01/2011,7.21
03/01/2011,7.2
31/12/2010,7.11
30/12/2010,7.12
29/12/2010,7.22
28/12/2010,7.19
27/12/2010,7.19
24/12/2010,7.16
23/12/2010,7.16
22/12/2010,7.18
21/12/2010,7.28
20/12/2010,7.24
17/12/2010,7.3
16/12/2010,7.37
15/12/2010,7.35
14/12/2010,7.5
13/12/2010,7.62
10/12/2010,7.63
09/12/2010,7.63
08/12/2010,7.63
07/12/2010,7.62
06/12/2010,7.68
03/12/2010,7.45
02/12/2010,7.5
01/12/2010,7.53
30/11/2010,7.5
29/11/2010,7.53
26/11/2010,7.5
25/11/2010,7.56
24/11/2010,7.79
23/11/2010,7.21
22/11/2010,7.4
19/11/2010,7.35
18/11/2010,7.3
17/11/2010,7.18
16/11/2010,7.15
12/11/2010,7.32
11/11/2010,7.44
10/11/2010,7.45
09/11/2010,7.51
08/11/2010,7.68
05/11/2010,7.67
04/11/2010,7.75
03/11/2010,7.71
01/11/2010,7.36
29/10/2010,7.3
28/10/2010,7.25
27/10/2010,7.18
26/10/2010,7.21
25/10/2010,7.28
22/10/2010,7.22
21/10/2010,7.37
20/10/2010,7.46
19/10/2010,7.49
18/10/2010,7.57
15/10/2010,7.57
14/10/2010,7.68
13/10/2010,7.57
12/10/2010,7.5
11/10/2010,7.52
08/10/2010,7.51
07/10/2010,7.54
06/10/2010,7.54
05/10/2010,7.6
04/10/2010,7.44
01/10/2010,7.37
30/09/2010,7.45
29/09/2010,7.5
28/09/2010,7.58
27/09/2010,7.74
24/09/2010,7.78
23/09/2010,7.69
22/09/2010,7.73
21/09/2010,7.81
20/09/2010,7.82
15/09/2010,7.8
14/09/2010,7.87
13/09/2010,7.89
10/09/2010,7.97
09/09/2010,7.83
08/09/2010,7.53
07/09/2010,7.42
06/09/2010,7.5
03/09/2010,7.11
02/09/2010,7
01/09/2010,7.04
31/08/2010,6.76
30/08/2010,6.51
27/08/2010,6.74
26/08/2010,6.9
25/08/2010,7.04
24/08/2010,6.92
23/08/2010,7.39
20/08/2010,7.5
19/08/2010,7.56
18/08/2010,7.66
17/08/2010,7.75
16/08/2010,7.86
13/08/2010,8.06
12/08/2010,8.34
11/08/2010,7.49
10/08/2010,7.68
09/08/2010,7.84
06/08/2010,8.08
05/08/2010,8.09
04/08/2010,8.01
03/08/2010,8.2
02/08/2010,8.24
30/07/2010,8.13
29/07/2010,7.98
28/07/2010,8.02
27/07/2010,7.99
26/07/2010,7.89
23/07/2010,7.89
22/07/2010,7.78
21/07/2010,7.65
20/07/2010,7.71
19/07/2010,7.62
16/07/2010,7.6
15/07/2010,7.73
14/07/2010,7.71
13/07/2010,7.76
12/07/2010,7.68
09/07/2010,7.73
08/07/2010,7.72
07/07/2010,7.73
06/07/2010,7.62
05/07/2010,7.72
02/07/2010,7.71
01/07/2010,7.71
30/06/2010,7.71
29/06/2010,7.56
28/06/2010,7.74
25/06/2010,7.69
24/06/2010,7.7
23/06/2010,7.63
22/06/2010,7.57
21/06/2010,7.63
18/06/2010,7.65
17/06/2010,7.68
16/06/2010,7.61
15/06/2010,7.65
14/06/2010,7.66
11/06/2010,7.61
10/06/2010,7.38
09/06/2010,7.15
08/06/2010,7.09
07/06/2010,6.98
04/06/2010,6.98
03/06/2010,7.05
02/06/2010,7.1
01/06/2010,7.14
31/05/2010,7.36
28/05/2010,7.25
27/05/2010,7.36
26/05/2010,7.18
25/05/2010,7.14
24/05/2010,7.26
21/05/2010,7.38
20/05/2010,7.23
19/05/2010,7.07
18/05/2010,7.15
17/05/2010,7.3
14/05/2010,7.45
13/05/2010,7.71
12/05/2010,7.69
11/05/2010,7.87
10/05/2010,7.91
07/05/2010,7.63
06/05/2010,7.76
05/05/2010,8.01
04/05/2010,7.99
03/05/2010,8.37
30/04/2010,8.38
29/04/2010,9.09
28/04/2010,9.36
27/04/2010,9.38
26/04/2010,9.9
23/04/2010,9.89
22/04/2010,9.79
21/04/2010,9.68
20/04/2010,9.83
19/04/2010,9.85
16/04/2010,9.82
15/04/2010,10.23
14/04/2010,10.56
13/04/2010,10.1
12/04/2010,10.22
09/04/2010,10.47
08/04/2010,10.12
07/04/2010,9.53
06/04/2010,9.67
05/04/2010,9.63
31/03/2010,9.45
30/03/2010,9.24
29/03/2010,9.3
26/03/2010,9.4
25/03/2010,9.61
24/03/2010,9.92
23/03/2010,10.11
22/03/2010,10.17
19/03/2010,10.17
18/03/2010,10.26
17/03/2010,10.5
16/03/2010,10.38
12/03/2010,10.18
11/03/2010,10.15
10/03/2010,10.14
09/03/2010,10.22
08/03/2010,10.31
05/03/2010,10.46
04/03/2010,10.41
03/03/2010,10.37
02/03/2010,10.15
01/03/2010,10.45
26/02/2010,10.32
25/02/2010,10.76
24/02/2010,11.23
23/02/2010,11.65
22/02/2010,11.87
19/02/2010,12.02
18/02/2010,11.95
17/02/2010,11.96
16/02/2010,12.15
15/02/2010,11.94
12/02/2010,11.68
11/02/2010,11.86
10/02/2010,12.11
09/02/2010,12.21
08/02/2010,11.76
05/02/2010,11.38
04/02/2010,11.5
03/02/2010,11.96
02/02/2010,11.45
29/01/2010,11.72
28/01/2010,11.87
27/01/2010,12.09
26/01/2010,12.29
25/01/2010,12.02
22/01/2010,12.07
21/01/2010,12.52
20/01/2010,12.75
19/01/2010,13.3
18/01/2010,13.38
15/01/2010,13.3
14/01/2010,13.16
13/01/2010,13.03
12/01/2010,13.27
11/01/2010,13.25
08/01/2010,13.13
07/01/2010,12.88
06/01/2010,12.93
05/01/2010,12.79
04/01/2010,12.61
31/12/2009,11.86
30/12/2009,11.63
29/12/2009,12.03
28/12/2009,12.36
24/12/2009,12.54
23/12/2009,12.44
22/12/2009,12.51
21/12/2009,11.88
18/12/2009,11.75
17/12/2009,11.77
16/12/2009,11.89
15/12/2009,11.59
14/12/2009,11.98
11/12/2009,11.99
10/12/2009,11.53
09/12/2009,10.99
08/12/2009,11.08
07/12/2009,11.33
04/12/2009,11.44
03/12/2009,11.42
02/12/2009,11.68
01/12/2009,11.89
30/11/2009,12.34
27/11/2009,11.96
26/11/2009,11.34
25/11/2009,12.12
24/11/2009,12.35
23/11/2009,12.21
20/11/2009,11.75
19/11/2009,11.22
18/11/2009,10.96
17/11/2009,9.94
13/11/2009,10.06
12/11/2009,9.87
11/11/2009,10.1
10/11/2009,9.94
09/11/2009,9.91
06/11/2009,9.94
05/11/2009,9.84
04/11/2009,9.97
03/11/2009,9.93
30/10/2009,9.82
29/10/2009,10.2
28/10/2009,9.78
27/10/2009,9.92
26/10/2009,10.37
23/10/2009,10.57
22/10/2009,10.5
21/10/2009,10.96
20/10/2009,10.84
19/10/2009,10.3
16/10/2009,10.17
15/10/2009,10.54
14/10/2009,10.39
13/10/2009,10.55
12/10/2009,10.45
09/10/2009,10.34
08/10/2009,10.34
07/10/2009,10.32
06/10/2009,10.18
05/10/2009,9.8
02/10/2009,9.68
01/10/2009,9.65
30/09/2009,10.04
29/09/2009,9.9
28/09/2009,10.04
25/09/2009,9.88
24/09/2009,9.63
23/09/2009,10.18
22/09/2009,10.52
21/09/2009,10.67
18/09/2009,10.22
17/09/2009,9.72
15/09/2009,9.29
14/09/2009,9.21
11/09/2009,8.76
10/09/2009,9.04
09/09/2009,8.95
08/09/2009,9.22
07/09/2009,8.9
04/09/2009,8.24
03/09/2009,7.8
02/09/2009,8.06
01/09/2009,8.21
31/08/2009,8.63
28/08/2009,8.9
27/08/2009,8.61
26/08/2009,8.62
25/08/2009,8.54
24/08/2009,8.92
21/08/2009,8.84
20/08/2009,8.75
19/08/2009,8.5
18/08/2009,8.51
17/08/2009,8.45
14/08/2009,8.8
13/08/2009,8.69
12/08/2009,8.52
11/08/2009,8.22
10/08/2009,8.33
07/08/2009,7.98
06/08/2009,7.4
05/08/2009,7.17
04/08/2009,7.18
03/08/2009,7.3
31/07/2009,7.15
30/07/2009,7.17
29/07/2009,7.26
28/07/2009,7.41
27/07/2009,7.45
24/07/2009,7.36
23/07/2009,7.61
22/07/2009,7.35
21/07/2009,7.29
20/07/2009,7.23
17/07/2009,7.3
16/07/2009,7.21
15/07/2009,7.19
14/07/2009,6.87
13/07/2009,6.86
10/07/2009,6.92
09/07/2009,6.95
08/07/2009,6.8
07/07/2009,6.88
06/07/2009,6.87
03/07/2009,7.09
02/07/2009,7.1
01/07/2009,7.22
30/06/2009,7.15
29/06/2009,7.18
26/06/2009,7.31
25/06/2009,7.3
24/06/2009,7.03
23/06/2009,7.07
22/06/2009,6.95
19/06/2009,7.11
18/06/2009,7.17
17/06/2009,6.84
16/06/2009,6.73
15/06/2009,7.3
12/06/2009,7.65
11/06/2009,7.69
10/06/2009,7.39
09/06/2009,7.36
08/06/2009,7.36
05/06/2009,7.38
04/06/2009,7.24
03/06/2009,7.17
02/06/2009,7.47
01/06/2009,7.46
29/05/2009,7.37
28/05/2009,7.26
27/05/2009,7.42
26/05/2009,7.3
25/05/2009,6.92
22/05/2009,6.78
21/05/2009,6.53
20/05/2009,6.97
19/05/2009,7.06
18/05/2009,7.06
15/05/2009,6.89
14/05/2009,6.94
13/05/2009,6.82
12/05/2009,6.87
11/05/2009,6.97
08/05/2009,7.18
07/05/2009,7.02
06/05/2009,7.19
05/05/2009,6.55
04/05/2009,5.83
30/04/2009,5.67
29/04/2009,5.61
28/04/2009,5.59
27/04/2009,5.63
24/04/2009,5.82
23/04/2009,5.88
22/04/2009,5.84
21/04/2009,5.56
20/04/2009,5.77
17/04/2009,5.95
16/04/2009,6.1
15/04/2009,6.08
14/04/2009,6.09
13/04/2009,6.39
08/04/2009,5.8
07/04/2009,5.78
06/04/2009,6.07
03/04/2009,6.19
02/04/2009,6.19
01/04/2009,5.71
31/03/2009,5.7
30/03/2009,5.49
27/03/2009,5.8
26/03/2009,5.76
25/03/2009,5.74
24/03/2009,5.49
23/03/2009,5.51
20/03/2009,4.98
19/03/2009,4.98
18/03/2009,4.99
17/03/2009,5.06
13/03/2009,5.1
12/03/2009,5.06
11/03/2009,4.63
10/03/2009,4.67
09/03/2009,4.43
06/03/2009,4.67
05/03/2009,4.8
04/03/2009,5.05
03/03/2009,4.91
02/03/2009,5.18
27/02/2009,5.46
26/02/2009,5.71
25/02/2009,5.51
24/02/2009,5.51
23/02/2009,5.49
20/02/2009,5.75
19/02/2009,6.01
18/02/2009,6.05
17/02/2009,5.94
16/02/2009,6.14
13/02/2009,6.08
12/02/2009,6.15
11/02/2009,6.15
10/02/2009,6.16
09/02/2009,6.7
06/02/2009,6.44
05/02/2009,6.18
04/02/2009,6.21
03/02/2009,6
30/01/2009,5.93
29/01/2009,6.06
28/01/2009,6.26
27/01/2009,6.14
26/01/2009,6.3
23/01/2009,6.25
22/01/2009,6.47
21/01/2009,6.41
20/01/2009,6.43
19/01/2009,7
16/01/2009,6.97
15/01/2009,6.71
14/01/2009,6.96
13/01/2009,7.12
12/01/2009,7.16
09/01/2009,7.54
08/01/2009,7.55
07/01/2009,7.56
06/01/2009,8.31
05/01/2009,8.12
02/01/2009,7.65
31/12/2008,7.47
30/12/2008,7.33
29/12/2008,7.39
26/12/2008,7.36
24/12/2008,7.59
23/12/2008,7.39
22/12/2008,6.97
19/12/2008,7
18/12/2008,6.93
17/12/2008,7.01
16/12/2008,7.11
15/12/2008,6.56
11/12/2008,7.27
10/12/2008,7.12
09/12/2008,5.94
08/12/2008,5.82
05/12/2008,5.64
04/12/2008,5.35
03/12/2008,5.4
02/12/2008,5.2
01/12/2008,5.24
28/11/2008,5.53
27/11/2008,5.24
26/11/2008,5.1
25/11/2008,5.09
24/11/2008,5.59
21/11/2008,5.35
20/11/2008,5.17
19/11/2008,5.23
18/11/2008,5.27
14/11/2008,5.58
13/11/2008,5.7
12/11/2008,5.47
11/11/2008,6.15
10/11/2008,6.29
07/11/2008,6.19
06/11/2008,5.95
05/11/2008,6.26
04/11/2008,6.59
03/11/2008,6.2
31/10/2008,6.28
30/10/2008,6.63
29/10/2008,6.08
28/10/2008,5.92
27/10/2008,6.11
24/10/2008,6.16
23/10/2008,6.45
22/10/2008,6.86
21/10/2008,7.55
20/10/2008,7.99
17/10/2008,7.58
16/10/2008,8.05
15/10/2008,7.87
14/10/2008,8.83
13/10/2008,8.78
10/10/2008,7.28
09/10/2008,7.4
08/10/2008,6.22
07/10/2008,6.76
06/10/2008,7.01
03/10/2008,8.28
02/10/2008,8.86
01/10/2008,9.83
30/09/2008,9.97
29/09/2008,9.88
26/09/2008,10.74
25/09/2008,10.82
24/09/2008,11.04
23/09/2008,11.15
22/09/2008,11.43
19/09/2008,11.56
18/09/2008,10.91
17/09/2008,11.56
15/09/2008,12.9
12/09/2008,13.11
11/09/2008,13.29
10/09/2008,13.36
09/09/2008,13.45
08/09/2008,13.64
05/09/2008,13.53
04/09/2008,13.63
03/09/2008,13.45
02/09/2008,13.02
01/09/2008,12.59
29/08/2008,12.6
28/08/2008,12.51
27/08/2008,12.44
26/08/2008,12.49
25/08/2008,12.72
22/08/2008,12.9
21/08/2008,12.85
20/08/2008,13.09
19/08/2008,13.17
18/08/2008,13.51
15/08/2008,13.99
14/08/2008,14.1
13/08/2008,14.2
12/08/2008,14.51
11/08/2008,14.61
08/08/2008,14.78
07/08/2008,14.76
06/08/2008,14.9
05/08/2008,15.02
04/08/2008,14.87
01/08/2008,15.09
31/07/2008,14.87
30/07/2008,14.49
29/07/2008,13.83
28/07/2008,13.93
25/07/2008,14.58
24/07/2008,15.21
23/07/2008,16.02
22/07/2008,16.19
21/07/2008,16.72
18/07/2008,17.23
17/07/2008,17.2
16/07/2008,16.78
15/07/2008,16.61
14/07/2008,16.31
11/07/2008,16.48
10/07/2008,16.82
09/07/2008,17.13
08/07/2008,17.44
07/07/2008,17.46
04/07/2008,17.98
03/07/2008,17.99
02/07/2008,18.45
01/07/2008,18.85
30/06/2008,18.87
27/06/2008,18.78
26/06/2008,18.07
25/06/2008,18.02
24/06/2008,18.25
23/06/2008,18.32
20/06/2008,18.57
19/06/2008,18.39
18/06/2008,18.51
17/06/2008,18.63
16/06/2008,19.14
13/06/2008,19.04
12/06/2008,19.03
11/06/2008,19.06
10/06/2008,18.76
09/06/2008,19.05
06/06/2008,19.12
05/06/2008,19.8
04/06/2008,19.93
03/06/2008,19.61
02/06/2008,19.9
30/05/2008,20.42
29/05/2008,20.77
28/05/2008,21.19
27/05/2008,21.09
26/05/2008,21.24
23/05/2008,21.27
22/05/2008,21.31
21/05/2008,21.44
20/05/2008,21.18
19/05/2008,22.19
16/05/2008,22.38
15/05/2008,21.64
14/05/2008,20.34
13/05/2008,19.34
12/05/2008,19.4
09/05/2008,19.27
08/05/2008,19.23
07/05/2008,19.29
06/05/2008,19
05/05/2008,19.28
02/05/2008,19.68
30/04/2008,19.4
29/04/2008,18.59
28/04/2008,19.73
25/04/2008,20.02
24/04/2008,20.89
23/04/2008,20.64
22/04/2008,20.98
21/04/2008,21.06
18/04/2008,21.25
17/04/2008,21.23
16/04/2008,21.23
15/04/2008,21.41
14/04/2008,21.81
11/04/2008,22.12
10/04/2008,22.71
09/04/2008,22.59
08/04/2008,22.41
07/04/2008,22.32
04/04/2008,22.3
03/04/2008,22.62
02/04/2008,22.97
01/04/2008,23.37
31/03/2008,22.99
28/03/2008,21.87
27/03/2008,21.47
26/03/2008,21.67
25/03/2008,21.33
24/03/2008,20.6
19/03/2008,20.46
18/03/2008,22.09
14/03/2008,22.76
13/03/2008,23
12/03/2008,23.08
11/03/2008,23.26
10/03/2008,22.89
07/03/2008,22.95
06/03/2008,22.97
05/03/2008,23.66
04/03/2008,23.81
03/03/2008,23.71
29/02/2008,23.66
28/02/2008,23.86
27/02/2008,24.14
26/02/2008,24.06
25/02/2008,24.43
22/02/2008,23.87
21/02/2008,23.8
20/02/2008,23.99
19/02/2008,24.21
18/02/2008,24.7
15/02/2008,24.51
14/02/2008,24.66
13/02/2008,25.06
12/02/2008,25.52
11/02/2008,25.77
08/02/2008,25.05
07/02/2008,24.85
06/02/2008,24.5
05/02/2008,24.8
01/02/2008,25.72
31/01/2008,25.76
30/01/2008,25.63
29/01/2008,25.37
28/01/2008,24.07
25/01/2008,24.08
24/01/2008,25.02
23/01/2008,25.27
22/01/2008,25.97
21/01/2008,25.83
18/01/2008,25.85
17/01/2008,26.05
16/01/2008,26.47
15/01/2008,26.98
14/01/2008,27.66
11/01/2008,27.16
10/01/2008,27.43
09/01/2008,27
08/01/2008,26.63
07/01/2008,26.87
04/01/2008,27.02
03/01/2008,27.32
02/01/2008,27.1
31/12/2007,27.21
28/12/2007,26.5
27/12/2007,26.52
26/12/2007,27.05
24/12/2007,26.43
21/12/2007,25.89
20/12/2007,24.72
19/12/2007,25.06
18/12/2007,25.67
17/12/2007,25.25
14/12/2007,26.3
13/12/2007,26.32
11/12/2007,26.36
10/12/2007,27.12
07/12/2007,28.27
06/12/2007,28.19
05/12/2007,28
04/12/2007,27.22
03/12/2007,26.99
30/11/2007,26.4
29/11/2007,25.5
28/11/2007,25.24
27/11/2007,24.52
26/11/2007,24
23/11/2007,24.81
22/11/2007,24.74
21/11/2007,24.58
20/11/2007,25.31
16/11/2007,25.14
15/11/2007,25.14
14/11/2007,26
13/11/2007,26
12/11/2007,24.67
09/11/2007,25.57
08/11/2007,25.5
07/11/2007,25.83
06/11/2007,26.79
05/11/2007,26.47
01/11/2007,26.72
31/10/2007,27.73
30/10/2007,27.3
29/10/2007,27.98
26/10/2007,28.88
25/10/2007,29.13
24/10/2007,29.55
23/10/2007,29.8
22/10/2007,29.94
19/10/2007,29.89
18/10/2007,30.37
17/10/2007,30
16/10/2007,29.99
15/10/2007,29.85
12/10/2007,30.19
11/10/2007,30.48
10/10/2007,30.49
09/10/2007,30.23
08/10/2007,29.87
05/10/2007,29.7
04/10/2007,29.06
03/10/2007,29.84
02/10/2007,28.63
01/10/2007,28.02
28/09/2007,27.92
27/09/2007,27.89
26/09/2007,26.97
25/09/2007,26.67
24/09/2007,26.75
21/09/2007,26.67
20/09/2007,26.22
19/09/2007,26.67
18/09/2007,27.17
17/09/2007,27.08
14/09/2007,27.07
13/09/2007,26.7
12/09/2007,26.92
11/09/2007,26.86
10/09/2007,26.67
07/09/2007,25.93
06/09/2007,26.93
05/09/2007,26.87
04/09/2007,27.01
03/09/2007,26.67
31/08/2007,25.85
30/08/2007,25.06
29/08/2007,25.2
28/08/2007,25.15
27/08/2007,25.67
24/08/2007,25.77
23/08/2007,25.29
22/08/2007,25.46
21/08/2007,25.33
20/08/2007,25.33
17/08/2007,25.35
16/08/2007,23.61
15/08/2007,24.73
14/08/2007,25.65
13/08/2007,25.46
10/08/2007,25
09/08/2007,25.7
08/08/2007,26.37
07/08/2007,25.17
06/08/2007,24.98
03/08/2007,25
02/08/2007,25.83
01/08/2007,25.93
31/07/2007,26.67
30/07/2007,27
27/07/2007,26.66
26/07/2007,26.65
25/07/2007,27.5
24/07/2007,27.32
23/07/2007,27.69
20/07/2007,27.44
19/07/2007,27.67
18/07/2007,27.22
17/07/2007,27.22
16/07/2007,27.49
13/07/2007,27.7
12/07/2007,27.27
11/07/2007,27.56
10/07/2007,26
09/07/2007,24.25
06/07/2007,23.41
05/07/2007,22.53
04/07/2007,22.17
03/07/2007,22.19
02/07/2007,22.1
29/06/2007,22
28/06/2007,21.79
27/06/2007,21.06
26/06/2007,20.48
25/06/2007,20.74
22/06/2007,20.87
21/06/2007,21.04
20/06/2007,20.73
19/06/2007,20.82
18/06/2007,19.82
15/06/2007,19
14/06/2007,18.63
13/06/2007,18.04
12/06/2007,17.99
11/06/2007,18.08
08/06/2007,18.02
07/06/2007,17.99
06/06/2007,18.3
05/06/2007,18.72
04/06/2007,18.67
01/06/2007,18.73
31/05/2007,18.6
30/05/2007,18.48
29/05/2007,18.61
28/05/2007,18.67
25/05/2007,18.67
24/05/2007,18.47
23/05/2007,18.67
22/05/2007,18.2
21/05/2007,18.17
18/05/2007,18.27
17/05/2007,17.99
16/05/2007,17.6
15/05/2007,17.53
14/05/2007,17.4
11/05/2007,17.38
10/05/2007,17.28
09/05/2007,17.38
08/05/2007,17.36
07/05/2007,17.34
04/05/2007,17.42
03/05/2007,17.32
02/05/2007,17.28
30/04/2007,17.17
27/04/2007,17.25
26/04/2007,17.27
25/04/2007,17.17
24/04/2007,17.1
23/04/2007,17.07
20/04/2007,17.33
19/04/2007,17.5
18/04/2007,17.5
17/04/2007,17.51
16/04/2007,17.32
13/04/2007,17
12/04/2007,16.56
11/04/2007,16.64
10/04/2007,15.63
09/04/2007,15.64
04/04/2007,15.67
03/04/2007,15.63
02/04/2007,15.29
30/03/2007,14.61
29/03/2007,14.71
28/03/2007,14.52
27/03/2007,14.58
26/03/2007,14.57
23/03/2007,14.62
22/03/2007,14.39
21/03/2007,14.31
20/03/2007,14.28
16/03/2007,14.44
15/03/2007,13.93
14/03/2007,13.55
13/03/2007,13.45
12/03/2007,13.6
09/03/2007,13.43
08/03/2007,13.4
07/03/2007,13.21
06/03/2007,13.4
05/03/2007,13.83
02/03/2007,13.75
01/03/2007,13.21
28/02/2007,13.4
27/02/2007,13.2
26/02/2007,13.97
23/02/2007,14.05
22/02/2007,14
21/02/2007,14.05
20/02/2007,14.4
19/02/2007,14.2
16/02/2007,14.07
15/02/2007,13.62
14/02/2007,13.27
13/02/2007,13.28
12/02/2007,13.31
09/02/2007,13.5
08/02/2007,13.75
07/02/2007,13.85
06/02/2007,13.2
02/02/2007,12.93
01/02/2007,13.02
31/01/2007,12.6
30/01/2007,12.52
29/01/2007,12.54
26/01/2007,12.58
25/01/2007,12.5
24/01/2007,12.33
23/01/2007,12.01
22/01/2007,11.76
19/01/2007,11.91
18/01/2007,11.97
17/01/2007,12.2
16/01/2007,12.31
15/01/2007,12.33
12/01/2007,12.06
11/01/2007,12.04
10/01/2007,11.87
09/01/2007,12
08/01/2007,12.03
05/01/2007,11.94
04/01/2007,12.11
03/01/2007,11.33
02/01/2007,11.33
29/12/2006,11
28/12/2006,10.78
27/12/2006,10.79
26/12/2006,10.77
22/12/2006,10.64
21/12/2006,10.66
20/12/2006,10.66
19/12/2006,10.17
18/12/2006,9.93
15/12/2006,9.7
14/12/2006,9.58
13/12/2006,9.75
11/12/2006,9.79
08/12/2006,9.61
07/12/2006,9.5
06/12/2006,9.07
05/12/2006,8.93
04/12/2006,8.93
30/11/2006,8.9
29/11/2006,8.92
28/11/2006,8.59
27/11/2006,8.42
24/11/2006,8.33
23/11/2006,8.17
22/11/2006,8.12
21/11/2006,8
17/11/2006,7.92
16/11/2006,7.93
15/11/2006,7.92
14/11/2006,8
13/11/2006,8.03
10/11/2006,8.05
09/11/2006,8.09
08/11/2006,8.07
07/11/2006,8
06/11/2006,7.83
03/11/2006,7.84
01/11/2006,7.8
31/10/2006,7.67
30/10/2006,7.76
27/10/2006,7.77
26/10/2006,7.92
25/10/2006,7.27
24/10/2006,7.3
23/10/2006,7.33
20/10/2006,7.33
19/10/2006,7.33
18/10/2006,7.27
17/10/2006,7.33
16/10/2006,7.5
13/10/2006,7.5
12/10/2006,7.5
11/10/2006,7.5
10/10/2006,7.51
09/10/2006,7.73
06/10/2006,7.97
05/10/2006,8.05
04/10/2006,8.07
03/10/2006,7.73
02/10/2006,7.6
29/09/2006,7.6
28/09/2006,7.73
27/09/2006,7.67
26/09/2006,7.77
25/09/2006,7.77
22/09/2006,7.63
21/09/2006,7.63
20/09/2006,7.6
19/09/2006,7.41
18/09/2006,7.45
15/09/2006,7.5
14/09/2006,7.43
13/09/2006,7.43
12/09/2006,7.4
11/09/2006,7.33
08/09/2006,7.47
07/09/2006,7.33
05/09/2006,7.27
04/09/2006,7.33
01/09/2006,7.33
31/08/2006,7.23
30/08/2006,7.33
29/08/2006,7.37
28/08/2006,7.3
25/08/2006,7.21
24/08/2006,7.13
23/08/2006,7.1
22/08/2006,7.17
21/08/2006,7.2
18/08/2006,7.33
17/08/2006,7.47
16/08/2006,7.5
15/08/2006,7.43
14/08/2006,7.43
11/08/2006,7.53
10/08/2006,7.54
09/08/2006,7.53
08/08/2006,7.47
07/08/2006,7.5
04/08/2006,7.64
03/08/2006,7.64
02/08/2006,7.64
01/08/2006,7.5
31/07/2006,7.5
28/07/2006,7.5
27/07/2006,7.33
26/07/2006,7.3
25/07/2006,7.3
24/07/2006,7.27
21/07/2006,7.27
20/07/2006,7.27
19/07/2006,7.42
18/07/2006,7.33
17/07/2006,7.33
14/07/2006,7.17
13/07/2006,7.33
12/07/2006,7.33
11/07/2006,7.3
10/07/2006,7.32
07/07/2006,7.17
06/07/2006,7.32
04/07/2006,7.33
03/07/2006,7.17
30/06/2006,7
29/06/2006,6.98
28/06/2006,6.97
27/06/2006,7
26/06/2006,7.04
22/06/2006,7.17
21/06/2006,7.33
20/06/2006,7.17
19/06/2006,7.23
16/06/2006,7.25
15/06/2006,7.25
14/06/2006,7.17
13/06/2006,7.31
09/06/2006,7.33
08/06/2006,7.33
06/06/2006,7.72
02/06/2006,7.83
01/06/2006,7.83
31/05/2006,7.57
30/05/2006,7.67
29/05/2006,7.57
26/05/2006,7.8
25/05/2006,7.67
24/05/2006,7.67
23/05/2006,7.77
22/05/2006,7.77
19/05/2006,8.17
18/05/2006,8.35
17/05/2006,8.34
16/05/2006,8.62
15/05/2006,8.34
11/05/2006,8.66
10/05/2006,8.83
09/05/2006,8.58
08/05/2006,8.58
05/05/2006,8.63
04/05/2006,8.76
03/05/2006,8.77
02/05/2006,8.39
28/04/2006,8.3
27/04/2006,8.33
26/04/2006,8.17
25/04/2006,8.2
24/04/2006,8.23
21/04/2006,8.23
20/04/2006,8.23
19/04/2006,8.23
18/04/2006,8.26
12/04/2006,8.33
11/04/2006,8.32
10/04/2006,8.33
07/04/2006,8.43
06/04/2006,8.43
05/04/2006,8.58
04/04/2006,8.6
03/04/2006,8.59
31/03/2006,8.78
30/03/2006,8.33
29/03/2006,8.67
28/03/2006,8.67
27/03/2006,8.8
24/03/2006,8.8
23/03/2006,8.7
22/03/2006,8.82
20/03/2006,8.83
17/03/2006,8.84
16/03/2006,8.83
15/03/2006,8.67
14/03/2006,8.33
13/03/2006,8.15
10/03/2006,8.27
09/03/2006,8.02
08/03/2006,8
07/03/2006,8.17
06/03/2006,8.58
03/03/2006,8.77
02/03/2006,8.4
01/03/2006,8.35
28/02/2006,8.34
27/02/2006,8.43
24/02/2006,8.43
23/02/2006,8.43
22/02/2006,8.4
21/02/2006,8.07
20/02/2006,8
17/02/2006,8
16/02/2006,8.02
14/02/2006,8.3
13/02/2006,8.33
10/02/2006,8.33
09/02/2006,8.33
08/02/2006,8.33
07/02/2006,8.33
03/02/2006,8.33
02/02/2006,8.5
01/02/2006,8.5
31/01/2006,8.52
30/01/2006,8.5
27/01/2006,8.63
26/01/2006,8.66
24/01/2006,8.8
23/01/2006,8.83
20/01/2006,8.75
19/01/2006,8.7
18/01/2006,8.57
17/01/2006,8.67
16/01/2006,8.57
13/01/2006,8.57
12/01/2006,8.33
11/01/2006,8.22
10/01/2006,8.19
09/01/2006,8.5
06/01/2006,8.61
05/01/2006,8.67
04/01/2006,8.68
03/01/2006,8.87
02/01/2006,9.03
30/12/2005,9.1
29/12/2005,8.67
28/12/2005,8.63
23/12/2005,8.63
22/12/2005,8.59
21/12/2005,8.5
20/12/2005,8.5
19/12/2005,8.58
16/12/2005,8.6
15/12/2005,8.59
14/12/2005,8.5
13/12/2005,8.57
09/12/2005,8.59
08/12/2005,8.49
07/12/2005,8.33
06/12/2005,8.3
