Security,ALSEA* MM Equity                                                
Start Date,08/01/2001 00:00
End Date,07/01/2019 00:00
Period,D
Currency,MXN
,
Date,PRECIO
07/01/2019,54.26
04/01/2019,52.68
03/01/2019,52.25
02/01/2019,51.34
31/12/2018,51.24
28/12/2018,51.7
27/12/2018,51.21
26/12/2018,51.65
24/12/2018,49.8
21/12/2018,49.9
20/12/2018,50.64
19/12/2018,50.02
18/12/2018,49.61
17/12/2018,48.5
14/12/2018,49.24
13/12/2018,51.21
11/12/2018,49.64
10/12/2018,50
07/12/2018,50.11
06/12/2018,50.31
05/12/2018,50.77
04/12/2018,50.8
03/12/2018,50.79
30/11/2018,51.01
29/11/2018,51.05
28/11/2018,50.14
27/11/2018,48.42
26/11/2018,46.65
23/11/2018,48.63
22/11/2018,48.96
21/11/2018,49.4
20/11/2018,48.74
16/11/2018,47.55
15/11/2018,45.44
14/11/2018,46.87
13/11/2018,48.23
12/11/2018,49.96
09/11/2018,52.47
08/11/2018,51.61
07/11/2018,54.28
06/11/2018,53.91
05/11/2018,53.08
01/11/2018,52.59
31/10/2018,51.94
30/10/2018,52.34
29/10/2018,54.88
26/10/2018,56.21
25/10/2018,57.45
24/10/2018,57.58
23/10/2018,57.84
22/10/2018,55.97
19/10/2018,57.93
18/10/2018,58.08
17/10/2018,59.91
16/10/2018,58.88
15/10/2018,59.15
12/10/2018,59.26
11/10/2018,59.09
10/10/2018,59.65
09/10/2018,60.41
08/10/2018,61.04
05/10/2018,60.71
04/10/2018,62.91
03/10/2018,63.08
02/10/2018,62.78
01/10/2018,64.22
28/09/2018,63.67
27/09/2018,65.08
26/09/2018,65.46
25/09/2018,65.23
24/09/2018,64.46
21/09/2018,64.65
20/09/2018,65.23
19/09/2018,66.15
18/09/2018,65.35
17/09/2018,65.69
14/09/2018,66.84
13/09/2018,65.96
12/09/2018,65.3
11/09/2018,66.05
10/09/2018,67.2
07/09/2018,67.32
06/09/2018,65.9
05/09/2018,65.91
04/09/2018,66.66
03/09/2018,67.37
31/08/2018,68.06
30/08/2018,67.52
29/08/2018,69.47
28/08/2018,69.03
27/08/2018,68.78
24/08/2018,67.62
23/08/2018,68.02
22/08/2018,67.58
21/08/2018,67.5
20/08/2018,67.2
17/08/2018,66
16/08/2018,65.1
15/08/2018,65
14/08/2018,65.05
13/08/2018,64.65
10/08/2018,64.26
09/08/2018,65.67
08/08/2018,66.43
07/08/2018,66.35
06/08/2018,66.37
03/08/2018,65.5
02/08/2018,64.01
01/08/2018,64.54
31/07/2018,64.29
30/07/2018,64.22
27/07/2018,65.47
26/07/2018,65.67
25/07/2018,66.73
24/07/2018,67.14
23/07/2018,66.73
20/07/2018,67.67
19/07/2018,65.83
18/07/2018,66
17/07/2018,65.16
16/07/2018,66.37
13/07/2018,66.77
12/07/2018,67.84
11/07/2018,68.42
10/07/2018,68.25
09/07/2018,69.98
06/07/2018,69.15
05/07/2018,69.4
04/07/2018,65.91
03/07/2018,66.06
02/07/2018,65.57
29/06/2018,68.4
28/06/2018,66.02
27/06/2018,65.39
26/06/2018,65.75
25/06/2018,66.65
22/06/2018,66.16
21/06/2018,63.68
20/06/2018,65.78
19/06/2018,63.58
18/06/2018,63.62
15/06/2018,63.68
14/06/2018,63.74
13/06/2018,64.77
12/06/2018,64.42
11/06/2018,63.88
08/06/2018,64.33
07/06/2018,64.15
06/06/2018,65.08
05/06/2018,65.46
04/06/2018,65.98
01/06/2018,64.02
31/05/2018,65.41
30/05/2018,65.69
29/05/2018,65.83
28/05/2018,68.28
25/05/2018,68.55
24/05/2018,68.1
23/05/2018,69.5
22/05/2018,68.95
21/05/2018,69.5
18/05/2018,68.83
17/05/2018,68.67
16/05/2018,69.52
15/05/2018,68.45
14/05/2018,69.91
11/05/2018,69.75
10/05/2018,69.74
09/05/2018,68.76
08/05/2018,68.45
07/05/2018,67.89
04/05/2018,68.57
03/05/2018,69.58
02/05/2018,70.63
30/04/2018,69.56
27/04/2018,68.95
26/04/2018,68.68
25/04/2018,69.12
24/04/2018,69
23/04/2018,69.94
20/04/2018,70.11
19/04/2018,69.84
18/04/2018,69.54
17/04/2018,69.51
16/04/2018,68.67
13/04/2018,68.52
12/04/2018,68.87
11/04/2018,67.09
10/04/2018,66.59
09/04/2018,65.32
06/04/2018,65.54
05/04/2018,65.67
04/04/2018,65.38
03/04/2018,65.1
02/04/2018,63.18
28/03/2018,63.53
27/03/2018,65.37
26/03/2018,64
23/03/2018,64.53
22/03/2018,65.06
21/03/2018,65.73
20/03/2018,65.16
16/03/2018,64.99
15/03/2018,65.28
14/03/2018,64.34
13/03/2018,64.44
12/03/2018,64.55
09/03/2018,64.58
08/03/2018,64.47
07/03/2018,64
06/03/2018,63.93
05/03/2018,64.1
02/03/2018,63.71
01/03/2018,63.98
28/02/2018,64.26
27/02/2018,64.2
26/02/2018,64.18
23/02/2018,64.19
22/02/2018,63.88
21/02/2018,62.35
20/02/2018,62
19/02/2018,61.91
16/02/2018,62.28
15/02/2018,61.46
14/02/2018,61.69
13/02/2018,62.27
12/02/2018,61.21
09/02/2018,61.26
08/02/2018,60.93
07/02/2018,62.14
06/02/2018,61.23
02/02/2018,62.11
01/02/2018,61.49
31/01/2018,60.88
30/01/2018,60.7
29/01/2018,61.3
26/01/2018,61.99
25/01/2018,63.25
24/01/2018,63.88
23/01/2018,63.3
22/01/2018,63.05
19/01/2018,63.72
18/01/2018,63.96
17/01/2018,64.34
16/01/2018,64.38
15/01/2018,64.18
12/01/2018,62.95
11/01/2018,62.84
10/01/2018,62.88
09/01/2018,65.53
08/01/2018,65.29
05/01/2018,65.26
04/01/2018,64.69
03/01/2018,65.15
02/01/2018,65.04
29/12/2017,64.37
28/12/2017,63.2
27/12/2017,62.75
26/12/2017,64.44
22/12/2017,63.69
21/12/2017,63.27
20/12/2017,63.33
19/12/2017,64.57
18/12/2017,65.57
15/12/2017,65.51
14/12/2017,64.63
13/12/2017,64.55
11/12/2017,62.49
08/12/2017,62.89
07/12/2017,61.8
06/12/2017,61.65
05/12/2017,61.53
04/12/2017,61.37
01/12/2017,61.65
30/11/2017,61.59
29/11/2017,61.8
28/11/2017,61.52
27/11/2017,61.15
24/11/2017,61.28
23/11/2017,61.44
22/11/2017,61.39
21/11/2017,61.39
17/11/2017,58.39
16/11/2017,57.14
15/11/2017,57.78
14/11/2017,56.97
13/11/2017,57.17
10/11/2017,56.92
09/11/2017,58.48
08/11/2017,57.82
07/11/2017,59.06
06/11/2017,59.12
03/11/2017,57.24
01/11/2017,57.41
31/10/2017,58.12
30/10/2017,57.69
27/10/2017,56.08
26/10/2017,55.48
25/10/2017,56.16
24/10/2017,57.12
23/10/2017,57.17
20/10/2017,58.66
19/10/2017,59.67
18/10/2017,59.91
17/10/2017,59.79
16/10/2017,60.52
13/10/2017,59.95
12/10/2017,60.54
11/10/2017,61.9
10/10/2017,61.56
09/10/2017,62.62
06/10/2017,64.13
05/10/2017,66.68
04/10/2017,66.8
03/10/2017,66.8
02/10/2017,66.83
29/09/2017,66.97
28/09/2017,66.92
27/09/2017,66.39
26/09/2017,67.01
25/09/2017,65.99
22/09/2017,64.93
21/09/2017,65.05
20/09/2017,64.52
19/09/2017,64.79
18/09/2017,63.98
15/09/2017,63.5
14/09/2017,64.35
13/09/2017,65.08
12/09/2017,65.27
11/09/2017,64.81
08/09/2017,63.68
07/09/2017,64.82
06/09/2017,64.27
05/09/2017,63.7
04/09/2017,63.65
01/09/2017,64.01
31/08/2017,65.05
30/08/2017,65.46
29/08/2017,64.57
28/08/2017,64.5
25/08/2017,65.73
24/08/2017,66.66
23/08/2017,67.75
22/08/2017,68
21/08/2017,68.33
18/08/2017,67.86
17/08/2017,67.88
16/08/2017,67.38
15/08/2017,67.93
14/08/2017,68.56
11/08/2017,68
10/08/2017,67.39
09/08/2017,68.87
08/08/2017,69.36
07/08/2017,69.87
04/08/2017,70.41
03/08/2017,70.34
02/08/2017,69.96
01/08/2017,69.32
31/07/2017,69.3
28/07/2017,67.16
27/07/2017,68.38
26/07/2017,70.27
25/07/2017,70.01
24/07/2017,69.59
21/07/2017,69.39
20/07/2017,68.76
19/07/2017,69.38
18/07/2017,70.29
17/07/2017,70.15
14/07/2017,69.84
13/07/2017,70.09
12/07/2017,70.59
11/07/2017,69.13
10/07/2017,69.95
07/07/2017,69.46
06/07/2017,69.64
05/07/2017,69.88
04/07/2017,69.01
03/07/2017,69.6
30/06/2017,68.69
29/06/2017,69.21
28/06/2017,70.04
27/06/2017,69.08
26/06/2017,70.32
23/06/2017,69.73
22/06/2017,70.5
21/06/2017,70.22
20/06/2017,69.93
19/06/2017,70.01
16/06/2017,69.85
15/06/2017,70.22
14/06/2017,69.64
13/06/2017,69.48
12/06/2017,69.04
09/06/2017,69.03
08/06/2017,69.02
07/06/2017,68.75
06/06/2017,69.13
05/06/2017,69.46
02/06/2017,68.02
01/06/2017,67.54
31/05/2017,67.17
30/05/2017,67.39
29/05/2017,68.89
26/05/2017,69.39
25/05/2017,67.98
24/05/2017,67.94
23/05/2017,67.79
22/05/2017,67.95
19/05/2017,68.02
18/05/2017,67.96
17/05/2017,67.99
16/05/2017,70.04
15/05/2017,71.59
12/05/2017,70.27
11/05/2017,70.19
10/05/2017,69.38
09/05/2017,70.02
08/05/2017,69.71
05/05/2017,69.26
04/05/2017,67.96
03/05/2017,67.57
02/05/2017,67.46
28/04/2017,66.89
27/04/2017,66.91
26/04/2017,66.56
25/04/2017,65.87
24/04/2017,64.85
21/04/2017,64.36
20/04/2017,63.85
19/04/2017,63.51
18/04/2017,62.85
17/04/2017,62.94
12/04/2017,62.89
11/04/2017,64.04
10/04/2017,64.79
07/04/2017,64.43
06/04/2017,62.52
05/04/2017,62.57
04/04/2017,62.26
03/04/2017,62.98
31/03/2017,62.39
30/03/2017,63.23
29/03/2017,63.9
28/03/2017,63.28
27/03/2017,62.57
24/03/2017,64.04
23/03/2017,63.18
22/03/2017,62.54
21/03/2017,62.15
17/03/2017,59.94
16/03/2017,57.85
15/03/2017,56.67
14/03/2017,56.75
13/03/2017,56.65
10/03/2017,57.48
09/03/2017,57.07
08/03/2017,56.53
07/03/2017,56.74
06/03/2017,57.52
03/03/2017,56.62
02/03/2017,56.35
01/03/2017,56.04
28/02/2017,56.65
27/02/2017,57.52
24/02/2017,56.78
23/02/2017,57.52
22/02/2017,57.79
21/02/2017,58.07
20/02/2017,57.62
17/02/2017,58.16
16/02/2017,58.26
15/02/2017,59.05
14/02/2017,58.13
13/02/2017,57.96
10/02/2017,58.56
09/02/2017,56.88
08/02/2017,57.12
07/02/2017,57.06
03/02/2017,57.88
02/02/2017,58.41
01/02/2017,60.2
31/01/2017,60.29
30/01/2017,59.52
27/01/2017,59.71
26/01/2017,58.38
25/01/2017,58.33
24/01/2017,56.93
23/01/2017,52.89
20/01/2017,51
19/01/2017,49.87
18/01/2017,51.68
17/01/2017,52.27
16/01/2017,53.75
13/01/2017,54.35
12/01/2017,54.44
11/01/2017,53.76
10/01/2017,53.17
09/01/2017,54.34
06/01/2017,57.67
05/01/2017,58.95
04/01/2017,59.32
03/01/2017,59.47
02/01/2017,59.4
30/12/2016,59.33
29/12/2016,60.24
28/12/2016,58.66
27/12/2016,58.75
26/12/2016,58.64
23/12/2016,58.8
22/12/2016,58.81
21/12/2016,59.09
20/12/2016,59.42
19/12/2016,59.36
16/12/2016,58.82
15/12/2016,59.21
14/12/2016,59.6
13/12/2016,59.19
09/12/2016,58.07
08/12/2016,58.1
07/12/2016,58.62
06/12/2016,57.97
05/12/2016,58.22
02/12/2016,58.54
01/12/2016,59.4
30/11/2016,60.4
29/11/2016,60.1
28/11/2016,59.66
25/11/2016,60.02
24/11/2016,59.88
23/11/2016,59.63
22/11/2016,59.95
18/11/2016,59.82
17/11/2016,60.85
16/11/2016,60.47
15/11/2016,61.53
14/11/2016,58.86
11/11/2016,58.05
10/11/2016,59.82
09/11/2016,67.71
08/11/2016,69.93
07/11/2016,68.93
04/11/2016,68.58
03/11/2016,67.49
01/11/2016,67.84
31/10/2016,70.54
28/10/2016,70.43
27/10/2016,70.24
26/10/2016,70.02
25/10/2016,70.24
24/10/2016,70.1
21/10/2016,69.59
20/10/2016,70.59
19/10/2016,70.25
18/10/2016,69.03
17/10/2016,68.64
14/10/2016,68.61
13/10/2016,67.99
12/10/2016,67.58
11/10/2016,68.08
10/10/2016,67.69
07/10/2016,67
06/10/2016,67.26
05/10/2016,67.08
04/10/2016,67.18
03/10/2016,66.91
30/09/2016,65.78
29/09/2016,66.14
28/09/2016,66.57
27/09/2016,66.67
26/09/2016,66.32
23/09/2016,67.04
22/09/2016,68.37
21/09/2016,67.95
20/09/2016,67.49
19/09/2016,66.92
15/09/2016,66.02
14/09/2016,66.08
13/09/2016,66.38
12/09/2016,66.08
09/09/2016,66.72
08/09/2016,67.4
07/09/2016,67.3
06/09/2016,67.58
05/09/2016,67.66
02/09/2016,67.94
01/09/2016,67.53
31/08/2016,67.66
30/08/2016,67.47
29/08/2016,67.82
26/08/2016,67.31
25/08/2016,68.16
24/08/2016,67.91
23/08/2016,66.94
22/08/2016,67.96
19/08/2016,67.63
18/08/2016,67.64
17/08/2016,67.29
16/08/2016,66.68
15/08/2016,66.56
12/08/2016,66.53
11/08/2016,66.64
10/08/2016,66.87
09/08/2016,67.43
08/08/2016,66.88
05/08/2016,67.97
04/08/2016,67.68
03/08/2016,67.3
02/08/2016,66.65
01/08/2016,66.83
29/07/2016,66.87
28/07/2016,67.21
27/07/2016,67.68
26/07/2016,67.91
25/07/2016,68.6
22/07/2016,69.53
21/07/2016,69.21
20/07/2016,68.51
19/07/2016,68.12
18/07/2016,68.56
15/07/2016,68.85
14/07/2016,69.84
13/07/2016,69.15
12/07/2016,69.79
11/07/2016,70.03
08/07/2016,69.87
07/07/2016,69.18
06/07/2016,68.98
05/07/2016,67.95
04/07/2016,69.03
01/07/2016,69.66
30/06/2016,69.52
29/06/2016,70.04
28/06/2016,68.78
27/06/2016,68.35
24/06/2016,69.31
23/06/2016,72.01
22/06/2016,71.16
21/06/2016,71.56
20/06/2016,70.08
17/06/2016,69.1
16/06/2016,69.03
15/06/2016,69.55
14/06/2016,70.22
13/06/2016,70.18
10/06/2016,70.78
09/06/2016,71.74
08/06/2016,72.68
07/06/2016,71.17
06/06/2016,70.69
03/06/2016,70.36
02/06/2016,70.43
01/06/2016,69.66
31/05/2016,70.1
30/05/2016,70.47
27/05/2016,70.59
26/05/2016,70.99
25/05/2016,70.33
24/05/2016,70.76
23/05/2016,71.22
20/05/2016,70.95
19/05/2016,70.77
18/05/2016,70.55
17/05/2016,70.9
16/05/2016,70.44
13/05/2016,70.24
12/05/2016,70.65
11/05/2016,69.99
10/05/2016,70.82
09/05/2016,70.64
06/05/2016,68.89
05/05/2016,67.96
04/05/2016,66.87
03/05/2016,67.31
02/05/2016,66.13
29/04/2016,65.89
28/04/2016,66.97
27/04/2016,67.04
26/04/2016,67.28
25/04/2016,66.69
22/04/2016,67.06
21/04/2016,67.56
20/04/2016,67.59
19/04/2016,68.01
18/04/2016,67.4
15/04/2016,67.09
14/04/2016,67.49
13/04/2016,67.05
12/04/2016,66.33
11/04/2016,66.99
08/04/2016,65.9
07/04/2016,66.4
06/04/2016,66.4
05/04/2016,65.22
04/04/2016,64.95
01/04/2016,65.06
31/03/2016,64.84
30/03/2016,66.17
29/03/2016,66.39
28/03/2016,65.26
23/03/2016,65.37
22/03/2016,64.71
18/03/2016,66.24
17/03/2016,66.09
16/03/2016,65.3
15/03/2016,64.48
14/03/2016,63.77
11/03/2016,63.85
10/03/2016,63.58
09/03/2016,64.5
08/03/2016,64.29
07/03/2016,66.27
04/03/2016,68.02
03/03/2016,66.44
02/03/2016,66.95
01/03/2016,68.03
29/02/2016,68.2
26/02/2016,65.63
25/02/2016,64.99
24/02/2016,65.3
23/02/2016,65.24
22/02/2016,64.85
19/02/2016,63.11
18/02/2016,64.02
17/02/2016,64.3
16/02/2016,63.25
15/02/2016,63.83
12/02/2016,62.81
11/02/2016,64.84
10/02/2016,65.06
09/02/2016,64.4
08/02/2016,64.35
05/02/2016,63.58
04/02/2016,62.11
03/02/2016,63.03
02/02/2016,63.28
29/01/2016,64.2
28/01/2016,62.58
27/01/2016,61.25
26/01/2016,62.82
25/01/2016,62.8
22/01/2016,62.13
21/01/2016,61.52
20/01/2016,58.99
19/01/2016,59.4
18/01/2016,59.78
15/01/2016,59.5
14/01/2016,59.5
13/01/2016,59.29
12/01/2016,59.48
11/01/2016,57.82
08/01/2016,56.74
07/01/2016,56.93
06/01/2016,59.19
05/01/2016,59.41
04/01/2016,58.93
31/12/2015,59.85
30/12/2015,59.25
29/12/2015,59.16
28/12/2015,59.04
24/12/2015,58.4
23/12/2015,58.56
22/12/2015,58.61
21/12/2015,58.15
18/12/2015,58.4
17/12/2015,60.52
16/12/2015,59.98
15/12/2015,57.57
14/12/2015,55.26
11/12/2015,55.31
10/12/2015,55.56
09/12/2015,56.97
08/12/2015,57.75
07/12/2015,57.79
04/12/2015,59.2
03/12/2015,58.94
02/12/2015,58.86
01/12/2015,59.08
30/11/2015,59.06
27/11/2015,60.44
26/11/2015,59.93
25/11/2015,59.36
24/11/2015,60.58
23/11/2015,60.19
20/11/2015,59.04
19/11/2015,58.06
18/11/2015,58.02
17/11/2015,57.95
13/11/2015,55.98
12/11/2015,55.24
11/11/2015,55.18
10/11/2015,55.4
09/11/2015,55.66
06/11/2015,56.92
05/11/2015,56.06
04/11/2015,56.11
03/11/2015,55.49
30/10/2015,54.28
29/10/2015,54.91
28/10/2015,55.91
27/10/2015,55.57
26/10/2015,55.61
23/10/2015,55.76
22/10/2015,56.06
21/10/2015,55.9
20/10/2015,56.02
19/10/2015,56.16
16/10/2015,54.48
15/10/2015,53.93
14/10/2015,53.98
13/10/2015,53.87
12/10/2015,54.54
09/10/2015,54.39
08/10/2015,53.45
07/10/2015,52.91
06/10/2015,52.98
05/10/2015,52.5
02/10/2015,52.32
01/10/2015,50.92
30/09/2015,50.22
29/09/2015,49.73
28/09/2015,49.42
25/09/2015,49.61
24/09/2015,50.18
23/09/2015,50.64
22/09/2015,50.3
21/09/2015,51.09
18/09/2015,51.3
17/09/2015,51.65
15/09/2015,50.49
14/09/2015,49.51
11/09/2015,49.73
10/09/2015,49.86
09/09/2015,50.27
08/09/2015,50.06
07/09/2015,50.52
04/09/2015,50.51
03/09/2015,50.34
02/09/2015,50.21
01/09/2015,50.21
31/08/2015,51.62
28/08/2015,50.7
27/08/2015,50.52
26/08/2015,48.76
25/08/2015,48.94
24/08/2015,48.56
21/08/2015,49.01
20/08/2015,50.46
19/08/2015,51.2
18/08/2015,51.71
17/08/2015,51.99
14/08/2015,51.55
13/08/2015,51.9
12/08/2015,52.13
11/08/2015,52.34
10/08/2015,53.2
07/08/2015,52.37
06/08/2015,53
05/08/2015,53.44
04/08/2015,53.01
03/08/2015,52.91
31/07/2015,52.42
30/07/2015,53.22
29/07/2015,53.14
28/07/2015,51.2
27/07/2015,50.45
24/07/2015,51.73
23/07/2015,52.17
22/07/2015,51.95
21/07/2015,52.74
20/07/2015,53.62
17/07/2015,51.39
16/07/2015,51.34
15/07/2015,50.61
14/07/2015,51.29
13/07/2015,51.01
10/07/2015,50.38
09/07/2015,50.09
08/07/2015,49.08
07/07/2015,48.85
06/07/2015,48.2
03/07/2015,48.67
02/07/2015,49.12
01/07/2015,48.3
30/06/2015,47.46
29/06/2015,47.32
26/06/2015,48.47
25/06/2015,48.4
24/06/2015,48.81
23/06/2015,48.45
22/06/2015,47.87
19/06/2015,47.48
18/06/2015,46.88
17/06/2015,47.12
16/06/2015,47.23
15/06/2015,47.37
12/06/2015,46.77
11/06/2015,46.31
10/06/2015,47.22
09/06/2015,45.64
08/06/2015,45.31
05/06/2015,45.56
04/06/2015,45.66
03/06/2015,45.47
02/06/2015,45.77
01/06/2015,46.32
29/05/2015,46.31
28/05/2015,46.63
27/05/2015,45.8
26/05/2015,45.89
25/05/2015,46.34
22/05/2015,46.21
21/05/2015,46.81
20/05/2015,46.93
19/05/2015,47.3
18/05/2015,47.41
15/05/2015,47.72
14/05/2015,47.08
13/05/2015,47.19
12/05/2015,47.96
11/05/2015,47.55
08/05/2015,47.13
07/05/2015,46.89
06/05/2015,46.88
05/05/2015,46.82
04/05/2015,46.64
30/04/2015,46.07
29/04/2015,46.34
28/04/2015,46.71
27/04/2015,47.22
24/04/2015,46.87
23/04/2015,45.62
22/04/2015,44.88
21/04/2015,46.02
20/04/2015,46.52
17/04/2015,46.91
16/04/2015,47.08
15/04/2015,46.72
14/04/2015,46.47
13/04/2015,46.3
10/04/2015,44.92
09/04/2015,45.23
08/04/2015,45.73
07/04/2015,45.73
06/04/2015,46.09
01/04/2015,44.3
31/03/2015,44.59
30/03/2015,44.52
27/03/2015,44.97
26/03/2015,45.13
25/03/2015,45.37
24/03/2015,46.12
23/03/2015,46.55
20/03/2015,46.87
19/03/2015,45.71
18/03/2015,45.67
17/03/2015,45.5
13/03/2015,45.38
12/03/2015,46.02
11/03/2015,46.53
10/03/2015,46.52
09/03/2015,46.36
06/03/2015,45.38
05/03/2015,47
04/03/2015,45.37
03/03/2015,45.27
02/03/2015,45.57
27/02/2015,45.85
26/02/2015,43.98
25/02/2015,43.8
24/02/2015,44.22
23/02/2015,43.47
20/02/2015,42.65
19/02/2015,42.78
18/02/2015,41.94
17/02/2015,41.66
16/02/2015,41.58
13/02/2015,41.72
12/02/2015,41.79
11/02/2015,41.17
10/02/2015,41.44
09/02/2015,40.99
06/02/2015,41.67
05/02/2015,40.22
04/02/2015,40.06
03/02/2015,40.11
30/01/2015,40.12
29/01/2015,41.66
28/01/2015,41.22
27/01/2015,41.37
26/01/2015,41.45
23/01/2015,41.1
22/01/2015,40.29
21/01/2015,39.54
20/01/2015,39.45
19/01/2015,38.95
16/01/2015,39.13
15/01/2015,39.43
14/01/2015,39.61
13/01/2015,40.48
12/01/2015,40.6
09/01/2015,41.06
08/01/2015,41.75
07/01/2015,41.3
06/01/2015,39.65
05/01/2015,39
02/01/2015,39.9
31/12/2014,40.77
30/12/2014,40.69
29/12/2014,40.95
26/12/2014,40.97
24/12/2014,41.07
23/12/2014,40.97
22/12/2014,40.95
19/12/2014,40.63
18/12/2014,41.11
17/12/2014,38.44
16/12/2014,38.26
15/12/2014,38.78
11/12/2014,40.92
10/12/2014,39.94
09/12/2014,40.97
08/12/2014,41.14
05/12/2014,41.79
04/12/2014,40.77
03/12/2014,41.15
02/12/2014,42.01
01/12/2014,42.66
28/11/2014,43
27/11/2014,42.22
26/11/2014,42.56
25/11/2014,42.59
24/11/2014,42.81
21/11/2014,42.45
20/11/2014,41.85
19/11/2014,41.3
18/11/2014,40.67
14/11/2014,41.31
13/11/2014,42.36
12/11/2014,41.54
11/11/2014,42.4
10/11/2014,43.25
07/11/2014,42.9
06/11/2014,43.15
05/11/2014,42.67
04/11/2014,42.3
03/11/2014,42.24
31/10/2014,42.06
30/10/2014,41.55
29/10/2014,41.5
28/10/2014,41.33
27/10/2014,39.96
24/10/2014,40.17
23/10/2014,40.24
22/10/2014,40.4
21/10/2014,40.41
20/10/2014,39.15
17/10/2014,39.09
16/10/2014,38.04
15/10/2014,38.52
14/10/2014,38.96
13/10/2014,38.32
10/10/2014,38.71
09/10/2014,40.23
08/10/2014,40.93
07/10/2014,41.96
06/10/2014,42.12
03/10/2014,42.59
02/10/2014,43.18
01/10/2014,42.55
30/09/2014,42.49
29/09/2014,42.98
26/09/2014,43.26
25/09/2014,43.33
24/09/2014,43.66
23/09/2014,43.77
22/09/2014,43.77
19/09/2014,43.88
18/09/2014,44.05
17/09/2014,44.33
15/09/2014,44.44
12/09/2014,44.12
11/09/2014,44.62
10/09/2014,44.63
09/09/2014,44.33
08/09/2014,45.11
05/09/2014,45.3
04/09/2014,45.61
03/09/2014,46.09
02/09/2014,45.97
01/09/2014,45.27
29/08/2014,45.11
28/08/2014,45.49
27/08/2014,45.04
26/08/2014,45.1
25/08/2014,45.21
22/08/2014,45.36
21/08/2014,45.21
20/08/2014,44.35
19/08/2014,44.05
18/08/2014,44.14
15/08/2014,43.7
14/08/2014,43.37
13/08/2014,43.61
12/08/2014,43.76
11/08/2014,43.89
08/08/2014,44.16
07/08/2014,43.58
06/08/2014,44.08
05/08/2014,43.47
04/08/2014,45.18
01/08/2014,44.82
31/07/2014,44.99
30/07/2014,45.78
29/07/2014,46.19
28/07/2014,45.98
25/07/2014,46.41
24/07/2014,46.1
23/07/2014,46.01
22/07/2014,46.02
21/07/2014,46.67
18/07/2014,46.85
17/07/2014,45.71
16/07/2014,46.5
15/07/2014,46.63
14/07/2014,46.86
11/07/2014,47.27
10/07/2014,47.66
09/07/2014,48
08/07/2014,47.98
07/07/2014,47.53
04/07/2014,47.35
03/07/2014,47.45
02/07/2014,47.53
01/07/2014,47.48
30/06/2014,46.67
27/06/2014,47.21
26/06/2014,46.05
25/06/2014,46.5
24/06/2014,46.12
23/06/2014,46.16
20/06/2014,47.27
19/06/2014,47.93
18/06/2014,47.55
17/06/2014,47.25
16/06/2014,47.11
13/06/2014,47.55
12/06/2014,47.8
11/06/2014,46.69
10/06/2014,44.99
09/06/2014,45.31
06/06/2014,45.45
05/06/2014,44.95
04/06/2014,44.56
03/06/2014,44.57
02/06/2014,44.82
30/05/2014,43.83
29/05/2014,43.99
28/05/2014,44.87
27/05/2014,44.99
26/05/2014,44.86
23/05/2014,44.66
22/05/2014,44.68
21/05/2014,44.19
20/05/2014,44.02
19/05/2014,44.5
16/05/2014,43.93
15/05/2014,44.08
14/05/2014,44.72
13/05/2014,45.04
12/05/2014,43.86
09/05/2014,43.75
08/05/2014,43.15
07/05/2014,43.54
06/05/2014,42.86
05/05/2014,44.01
02/05/2014,44.77
30/04/2014,45.19
29/04/2014,46.57
28/04/2014,46.23
25/04/2014,45.5
24/04/2014,46.09
23/04/2014,46.28
22/04/2014,46.82
21/04/2014,46.61
16/04/2014,46.72
15/04/2014,46.74
14/04/2014,46.61
11/04/2014,46.46
10/04/2014,46.29
09/04/2014,46.63
08/04/2014,46.23
07/04/2014,47
04/04/2014,47.88
03/04/2014,47.3
02/04/2014,47.8
01/04/2014,47.37
31/03/2014,47.5
28/03/2014,47.39
27/03/2014,47.45
26/03/2014,46.38
25/03/2014,46.7
24/03/2014,45.73
21/03/2014,47.29
20/03/2014,45.95
19/03/2014,44.59
18/03/2014,43.02
14/03/2014,41.61
13/03/2014,41
12/03/2014,40.54
11/03/2014,39.57
10/03/2014,39.15
07/03/2014,40.12
06/03/2014,40.45
05/03/2014,40.36
04/03/2014,40.83
03/03/2014,40.15
28/02/2014,41.08
27/02/2014,40.91
26/02/2014,40.54
25/02/2014,41.24
24/02/2014,41.38
21/02/2014,41.2
20/02/2014,41.09
19/02/2014,40.88
18/02/2014,41.02
17/02/2014,41.33
14/02/2014,41.75
13/02/2014,38.75
12/02/2014,39.4
11/02/2014,39.6
10/02/2014,38.28
07/02/2014,37.86
06/02/2014,38.81
05/02/2014,37.89
04/02/2014,39.52
31/01/2014,39.9
30/01/2014,39.49
29/01/2014,39.2
28/01/2014,39.75
27/01/2014,39.87
24/01/2014,40.48
23/01/2014,42.05
22/01/2014,42.33
21/01/2014,42.78
20/01/2014,42.62
17/01/2014,42.56
16/01/2014,42.57
15/01/2014,42.76
14/01/2014,42.56
13/01/2014,42.63
10/01/2014,42.57
09/01/2014,42.15
08/01/2014,42.09
07/01/2014,42.49
06/01/2014,41.7
03/01/2014,40.95
02/01/2014,41.04
31/12/2013,40.79
30/12/2013,40.75
27/12/2013,40.27
26/12/2013,40.31
24/12/2013,40.77
23/12/2013,40.07
20/12/2013,40.47
19/12/2013,40.16
18/12/2013,40.13
17/12/2013,39.09
16/12/2013,38.88
13/12/2013,39.88
11/12/2013,40
10/12/2013,40.07
09/12/2013,39.29
06/12/2013,39.86
05/12/2013,38.69
04/12/2013,39.21
03/12/2013,39.1
02/12/2013,39.24
29/11/2013,39.49
28/11/2013,39.06
27/11/2013,38.55
26/11/2013,37.84
25/11/2013,38.53
22/11/2013,38.7
21/11/2013,39.57
20/11/2013,40.01
19/11/2013,40.22
15/11/2013,40.34
14/11/2013,40.32
13/11/2013,38.35
12/11/2013,38.53
11/11/2013,38.76
08/11/2013,39.64
07/11/2013,39.83
06/11/2013,39.23
05/11/2013,39.98
04/11/2013,40.58
01/11/2013,41.33
31/10/2013,40.58
30/10/2013,40.47
29/10/2013,40.58
28/10/2013,40.14
25/10/2013,40
24/10/2013,40.1
23/10/2013,41.39
22/10/2013,41.38
21/10/2013,40.14
18/10/2013,39.62
17/10/2013,38.59
16/10/2013,38.51
15/10/2013,39.48
14/10/2013,40.58
11/10/2013,40.96
10/10/2013,39.92
09/10/2013,37.11
08/10/2013,37.01
07/10/2013,37.2
04/10/2013,37.33
03/10/2013,36.58
02/10/2013,37.26
01/10/2013,36.71
30/09/2013,36.66
27/09/2013,36.91
26/09/2013,37.25
25/09/2013,37.43
24/09/2013,37.12
23/09/2013,36.43
20/09/2013,35.39
19/09/2013,35.55
18/09/2013,35.64
17/09/2013,35.15
13/09/2013,35.26
12/09/2013,34.42
11/09/2013,34.36
10/09/2013,34.84
09/09/2013,35.45
06/09/2013,34.07
05/09/2013,33.22
04/09/2013,33.32
03/09/2013,33.33
02/09/2013,33.49
30/08/2013,33.79
29/08/2013,34.29
28/08/2013,32.88
27/08/2013,33.36
26/08/2013,32.22
23/08/2013,34.03
22/08/2013,32.66
21/08/2013,32.8
20/08/2013,33.37
19/08/2013,34.04
16/08/2013,35.02
15/08/2013,35.18
14/08/2013,35.42
13/08/2013,35.8
12/08/2013,36.33
09/08/2013,37.09
08/08/2013,37.34
07/08/2013,36.85
06/08/2013,36.17
05/08/2013,35.98
02/08/2013,35.96
01/08/2013,35.58
31/07/2013,34.9
30/07/2013,35.46
29/07/2013,35.4
26/07/2013,35.99
25/07/2013,35.9
24/07/2013,36.25
23/07/2013,36.23
22/07/2013,35.56
19/07/2013,34.35
18/07/2013,35.24
17/07/2013,34.29
16/07/2013,32.34
15/07/2013,32.15
12/07/2013,32.11
11/07/2013,32.63
10/07/2013,32.81
09/07/2013,33.07
08/07/2013,33.26
05/07/2013,32.85
04/07/2013,32.9
03/07/2013,32.27
02/07/2013,32.33
01/07/2013,32.18
28/06/2013,30.84
27/06/2013,30.16
26/06/2013,28.16
25/06/2013,27.65
24/06/2013,28.75
21/06/2013,29.5
20/06/2013,30.11
19/06/2013,31.83
18/06/2013,32.01
17/06/2013,31.89
14/06/2013,33.6
13/06/2013,34.04
12/06/2013,33.78
11/06/2013,33.91
10/06/2013,34.5
07/06/2013,33.71
06/06/2013,34.7
05/06/2013,33.56
04/06/2013,34.67
03/06/2013,35.59
31/05/2013,35.53
30/05/2013,34.73
29/05/2013,34.79
28/05/2013,35.23
27/05/2013,34.23
24/05/2013,33.71
23/05/2013,33.01
22/05/2013,33.02
21/05/2013,33.83
20/05/2013,34.93
17/05/2013,35.93
16/05/2013,36.29
15/05/2013,35.92
14/05/2013,36.37
13/05/2013,35.98
10/05/2013,35.56
09/05/2013,36.2
08/05/2013,35.95
07/05/2013,36.15
06/05/2013,35.73
03/05/2013,35.93
02/05/2013,37.31
30/04/2013,37.12
29/04/2013,37.6
26/04/2013,37.44
25/04/2013,38
24/04/2013,37.5
23/04/2013,37.35
22/04/2013,36.95
19/04/2013,36.88
18/04/2013,35.55
17/04/2013,36.52
16/04/2013,36.99
15/04/2013,36.94
12/04/2013,36.94
11/04/2013,37.04
10/04/2013,37.18
09/04/2013,37.07
08/04/2013,36.93
05/04/2013,37.25
04/04/2013,36.96
03/04/2013,37.1
02/04/2013,36.61
01/04/2013,35.42
27/03/2013,35.48
26/03/2013,34.01
25/03/2013,32.56
22/03/2013,32.35
21/03/2013,32.04
20/03/2013,32.79
19/03/2013,31.1
15/03/2013,32.3
14/03/2013,32.81
13/03/2013,32.7
12/03/2013,32.19
11/03/2013,32.36
08/03/2013,32.53
07/03/2013,31.98
06/03/2013,32.07
05/03/2013,32.47
04/03/2013,32.29
01/03/2013,32.24
28/02/2013,31.97
27/02/2013,31.92
26/02/2013,30.86
25/02/2013,30.8
22/02/2013,30.8
21/02/2013,29.59
20/02/2013,29.13
19/02/2013,29.53
18/02/2013,29.75
15/02/2013,29.98
14/02/2013,29.68
13/02/2013,29
12/02/2013,29.17
11/02/2013,28.76
08/02/2013,28.29
07/02/2013,28.29
06/02/2013,28.66
05/02/2013,29.23
01/02/2013,29.43
31/01/2013,29.48
30/01/2013,29.01
29/01/2013,28.73
28/01/2013,28.91
25/01/2013,28.56
24/01/2013,28.41
23/01/2013,28.88
22/01/2013,28.62
21/01/2013,28.82
18/01/2013,28.85
17/01/2013,28.78
16/01/2013,29.21
15/01/2013,29.14
14/01/2013,29.51
11/01/2013,28.42
10/01/2013,28.98
09/01/2013,28.65
08/01/2013,27.05
07/01/2013,26.85
04/01/2013,27.13
03/01/2013,27.03
02/01/2013,27.23
31/12/2012,25.78
28/12/2012,25.59
27/12/2012,25.35
26/12/2012,25.52
24/12/2012,25.22
21/12/2012,25.02
20/12/2012,25.61
19/12/2012,26.02
18/12/2012,26.04
17/12/2012,25.08
14/12/2012,24.79
13/12/2012,23.84
11/12/2012,24.24
10/12/2012,24
07/12/2012,23.64
06/12/2012,23.01
05/12/2012,23
04/12/2012,22.88
03/12/2012,22.69
30/11/2012,22.6
29/11/2012,21.88
28/11/2012,20.91
27/11/2012,21.53
26/11/2012,21.19
23/11/2012,21.23
22/11/2012,20.41
21/11/2012,20.04
20/11/2012,20.43
16/11/2012,20.14
15/11/2012,20.27
14/11/2012,20.78
13/11/2012,21.5
12/11/2012,21.17
09/11/2012,20.69
08/11/2012,21.25
07/11/2012,21.6
06/11/2012,21.78
05/11/2012,21.57
01/11/2012,21.48
31/10/2012,21
30/10/2012,20.7
29/10/2012,20.23
26/10/2012,20.74
25/10/2012,21.23
24/10/2012,22.08
23/10/2012,21.54
22/10/2012,21.42
19/10/2012,21.92
18/10/2012,22.4
17/10/2012,22.27
16/10/2012,22.54
15/10/2012,22.74
12/10/2012,21.37
11/10/2012,20.4
10/10/2012,20.27
09/10/2012,20.76
08/10/2012,20.41
05/10/2012,20.47
04/10/2012,20.43
03/10/2012,20.68
02/10/2012,20.75
01/10/2012,20.61
28/09/2012,20.04
27/09/2012,19.89
26/09/2012,18.98
25/09/2012,18.77
24/09/2012,18.75
21/09/2012,18.7
20/09/2012,18.6
19/09/2012,18.71
18/09/2012,18.64
17/09/2012,18.7
14/09/2012,18.75
13/09/2012,18.9
12/09/2012,18.46
11/09/2012,18.46
10/09/2012,18.49
07/09/2012,18.37
06/09/2012,18.49
05/09/2012,18.49
04/09/2012,18.59
03/09/2012,18.43
31/08/2012,18.89
30/08/2012,18.77
29/08/2012,18.84
28/08/2012,18.66
27/08/2012,18.4
24/08/2012,18.51
23/08/2012,18.5
22/08/2012,18.61
21/08/2012,18.78
20/08/2012,18.98
17/08/2012,19.01
16/08/2012,18.87
15/08/2012,19
14/08/2012,18.93
13/08/2012,18.67
10/08/2012,18.96
09/08/2012,18.97
08/08/2012,18.99
07/08/2012,19.03
06/08/2012,19.18
03/08/2012,19.08
02/08/2012,18.44
01/08/2012,18.51
31/07/2012,18.36
30/07/2012,18.39
27/07/2012,18.48
26/07/2012,18.49
25/07/2012,18.23
24/07/2012,18.12
23/07/2012,18.34
20/07/2012,18.67
19/07/2012,19.09
18/07/2012,18.39
17/07/2012,18.33
16/07/2012,18.38
13/07/2012,18.28
12/07/2012,17.95
11/07/2012,18.04
10/07/2012,18.61
09/07/2012,18.69
06/07/2012,18.24
05/07/2012,18.21
04/07/2012,18.19
03/07/2012,18.25
02/07/2012,17.8
29/06/2012,17.82
28/06/2012,18
27/06/2012,17.88
26/06/2012,17.4
25/06/2012,17.34
22/06/2012,17.52
21/06/2012,17.05
20/06/2012,16.98
19/06/2012,16.88
18/06/2012,16.87
15/06/2012,16.48
14/06/2012,16.4
13/06/2012,15.31
12/06/2012,15.13
11/06/2012,15.44
08/06/2012,15.53
07/06/2012,15.9
06/06/2012,15.86
05/06/2012,16.07
04/06/2012,16.19
01/06/2012,16.51
31/05/2012,16.77
30/05/2012,16.59
29/05/2012,16.32
28/05/2012,16.15
25/05/2012,16.24
24/05/2012,16.11
23/05/2012,16.11
22/05/2012,16.59
21/05/2012,16.93
18/05/2012,16.69
17/05/2012,16.55
16/05/2012,16.96
15/05/2012,17.12
14/05/2012,17.46
11/05/2012,17.61
10/05/2012,17.6
09/05/2012,17.68
08/05/2012,17.74
07/05/2012,17.75
04/05/2012,17.85
03/05/2012,17.74
02/05/2012,17.86
30/04/2012,17.84
27/04/2012,17.98
26/04/2012,18.03
25/04/2012,17.89
24/04/2012,17.67
23/04/2012,17.44
20/04/2012,17.67
19/04/2012,17.97
18/04/2012,18.56
17/04/2012,18.87
16/04/2012,19.19
13/04/2012,18.85
12/04/2012,18.64
11/04/2012,18.27
10/04/2012,18
09/04/2012,18.14
04/04/2012,18.2
03/04/2012,18.18
02/04/2012,17.82
30/03/2012,17.73
29/03/2012,17.27
28/03/2012,17.21
27/03/2012,17.15
26/03/2012,17.21
23/03/2012,17.17
22/03/2012,17.14
21/03/2012,17.17
20/03/2012,17.05
16/03/2012,17.1
15/03/2012,17.03
14/03/2012,16.85
13/03/2012,16.85
12/03/2012,16.74
09/03/2012,16.66
08/03/2012,16.65
07/03/2012,16.7
06/03/2012,16.47
05/03/2012,16.73
02/03/2012,16.74
01/03/2012,16.32
29/02/2012,16.31
28/02/2012,16.32
27/02/2012,16.35
24/02/2012,16.36
23/02/2012,16.46
22/02/2012,16.21
21/02/2012,16.16
20/02/2012,15.9
17/02/2012,15.08
16/02/2012,15.23
15/02/2012,14.9
14/02/2012,14.62
13/02/2012,14.77
10/02/2012,14.56
09/02/2012,14.54
08/02/2012,14.52
07/02/2012,14.78
03/02/2012,14.56
02/02/2012,14.48
01/02/2012,14.42
31/01/2012,14.32
30/01/2012,14.36
27/01/2012,14.44
26/01/2012,14.48
25/01/2012,14
24/01/2012,14.03
23/01/2012,14.03
20/01/2012,13.78
19/01/2012,13.82
18/01/2012,13.7
17/01/2012,13.25
16/01/2012,13.3
13/01/2012,13.23
12/01/2012,13.45
11/01/2012,13.61
10/01/2012,13.57
09/01/2012,13.34
06/01/2012,13.55
05/01/2012,13.48
04/01/2012,13.69
03/01/2012,13.61
02/01/2012,13.7
30/12/2011,13.71
29/12/2011,13.04
28/12/2011,12.88
27/12/2011,13.21
26/12/2011,13.36
23/12/2011,13.16
22/12/2011,13.16
21/12/2011,13.23
20/12/2011,12.97
19/12/2011,12.8
16/12/2011,12.9
15/12/2011,12.94
14/12/2011,12.91
13/12/2011,13.43
09/12/2011,13.89
08/12/2011,13.52
07/12/2011,13.55
06/12/2011,13.44
05/12/2011,13.51
02/12/2011,13.39
01/12/2011,13.2
30/11/2011,13.4
29/11/2011,13.07
28/11/2011,13.14
25/11/2011,12.89
24/11/2011,12.88
23/11/2011,13.08
22/11/2011,13.04
18/11/2011,13.39
17/11/2011,13.37
16/11/2011,13.38
15/11/2011,13.64
14/11/2011,13.26
11/11/2011,13.86
10/11/2011,13.74
09/11/2011,13.81
08/11/2011,13.86
07/11/2011,13.86
04/11/2011,13.73
03/11/2011,13.77
01/11/2011,13.58
31/10/2011,13.47
28/10/2011,13.6
27/10/2011,13.65
26/10/2011,13.36
25/10/2011,13.41
24/10/2011,12.87
21/10/2011,12.48
20/10/2011,11.96
19/10/2011,12.26
18/10/2011,11.94
17/10/2011,11.2
14/10/2011,11.43
13/10/2011,11.54
12/10/2011,11.3
11/10/2011,10.72
10/10/2011,10.69
07/10/2011,10.6
06/10/2011,10.5
05/10/2011,9.88
04/10/2011,9.57
03/10/2011,9.55
30/09/2011,9.86
29/09/2011,10.28
28/09/2011,10.54
27/09/2011,10.84
26/09/2011,10.95
23/09/2011,10.62
22/09/2011,10.39
21/09/2011,11.01
20/09/2011,11.31
19/09/2011,11.38
15/09/2011,11.69
14/09/2011,11.67
13/09/2011,11.14
12/09/2011,10.89
09/09/2011,10.87
08/09/2011,11.24
07/09/2011,11.54
06/09/2011,11.48
05/09/2011,11.28
02/09/2011,11.68
01/09/2011,11.57
31/08/2011,11.4
30/08/2011,11.38
29/08/2011,11.02
26/08/2011,10.78
25/08/2011,10.79
24/08/2011,11.02
23/08/2011,10.97
22/08/2011,10.91
19/08/2011,10.84
18/08/2011,11.04
17/08/2011,11.46
16/08/2011,11.49
15/08/2011,11.69
12/08/2011,11.78
11/08/2011,11.75
10/08/2011,11.69
09/08/2011,11.61
08/08/2011,11.41
05/08/2011,12.08
04/08/2011,11.82
03/08/2011,11.92
02/08/2011,12.53
01/08/2011,12.89
29/07/2011,12.94
28/07/2011,12.47
27/07/2011,12.42
26/07/2011,12.69
25/07/2011,12.82
22/07/2011,12.91
21/07/2011,13.09
20/07/2011,12.72
19/07/2011,12.6
18/07/2011,12.58
15/07/2011,12.46
14/07/2011,12.12
13/07/2011,11.89
12/07/2011,11.79
11/07/2011,11.84
08/07/2011,11.74
07/07/2011,11.82
06/07/2011,11.82
05/07/2011,11.48
04/07/2011,11.66
01/07/2011,11.7
30/06/2011,11.61
29/06/2011,11.79
28/06/2011,11.87
27/06/2011,11.82
24/06/2011,11.69
23/06/2011,11.88
22/06/2011,11.92
21/06/2011,11.92
20/06/2011,11.92
17/06/2011,11.55
16/06/2011,11.56
15/06/2011,11.71
14/06/2011,11.79
13/06/2011,11.82
10/06/2011,11.89
09/06/2011,12.2
08/06/2011,12.16
07/06/2011,12.17
06/06/2011,11.74
03/06/2011,12.15
02/06/2011,12.2
01/06/2011,12.05
31/05/2011,12.1
30/05/2011,11.83
27/05/2011,11.8
26/05/2011,11.66
25/05/2011,11.68
24/05/2011,11.46
23/05/2011,11.59
20/05/2011,11.59
19/05/2011,11.62
18/05/2011,11.84
17/05/2011,11.85
16/05/2011,11.72
13/05/2011,11.85
12/05/2011,11.91
11/05/2011,11.83
10/05/2011,12.41
09/05/2011,12.57
06/05/2011,12.37
05/05/2011,12.23
04/05/2011,12.41
03/05/2011,12.38
02/05/2011,12.57
29/04/2011,12.73
28/04/2011,12.86
27/04/2011,12.86
26/04/2011,12.85
25/04/2011,13.18
20/04/2011,13.52
19/04/2011,13.01
18/04/2011,12.88
15/04/2011,13.2
14/04/2011,13.19
13/04/2011,13.05
12/04/2011,12.78
11/04/2011,12.62
08/04/2011,12.64
07/04/2011,12.45
06/04/2011,12.42
05/04/2011,12.52
04/04/2011,12.46
01/04/2011,12.41
31/03/2011,12.28
30/03/2011,12.32
29/03/2011,12.03
28/03/2011,11.93
25/03/2011,11.93
24/03/2011,11.93
23/03/2011,11.82
22/03/2011,11.7
18/03/2011,12.01
17/03/2011,11.69
16/03/2011,11.59
15/03/2011,11.53
14/03/2011,11.84
11/03/2011,12.03
10/03/2011,12.03
09/03/2011,11.81
08/03/2011,12.04
07/03/2011,12.1
04/03/2011,12.02
03/03/2011,12.15
02/03/2011,12.03
01/03/2011,12.04
28/02/2011,12.57
25/02/2011,12.47
24/02/2011,12.66
23/02/2011,12.76
22/02/2011,12.82
21/02/2011,12.71
18/02/2011,12.8
17/02/2011,12.78
16/02/2011,12.97
15/02/2011,12.73
14/02/2011,12.8
11/02/2011,12.57
10/02/2011,12.66
09/02/2011,12.79
08/02/2011,12.94
04/02/2011,13.21
03/02/2011,13.26
02/02/2011,13.38
01/02/2011,13.33
31/01/2011,13.39
28/01/2011,13.34
27/01/2011,13.64
26/01/2011,13.6
25/01/2011,13.95
24/01/2011,13.33
21/01/2011,12.91
20/01/2011,12.81
19/01/2011,12.81
18/01/2011,12.81
17/01/2011,12.73
14/01/2011,12.71
13/01/2011,12.83
12/01/2011,12.76
11/01/2011,12.7
10/01/2011,12.68
07/01/2011,12.68
06/01/2011,12.7
05/01/2011,12.69
04/01/2011,12.68
03/01/2011,12.69
31/12/2010,12.59
30/12/2010,12.61
29/12/2010,12.66
28/12/2010,12.69
27/12/2010,12.55
24/12/2010,12.63
23/12/2010,12.59
22/12/2010,12.53
21/12/2010,12.56
20/12/2010,12.48
17/12/2010,12.49
16/12/2010,12.41
15/12/2010,12.27
14/12/2010,12.44
13/12/2010,12.51
10/12/2010,12.45
09/12/2010,12.3
08/12/2010,12.22
07/12/2010,12.18
06/12/2010,12.14
03/12/2010,11.98
02/12/2010,11.95
01/12/2010,11.83
30/11/2010,11.62
29/11/2010,11.66
26/11/2010,11.61
25/11/2010,11.64
24/11/2010,11.64
23/11/2010,11.6
22/11/2010,11.69
19/11/2010,11.69
18/11/2010,11.65
17/11/2010,11.44
16/11/2010,11.6
12/11/2010,11.98
11/11/2010,12.14
10/11/2010,12.24
09/11/2010,12.27
08/11/2010,12.26
05/11/2010,12.22
04/11/2010,12.17
03/11/2010,12.15
01/11/2010,12.1
29/10/2010,12.22
28/10/2010,12.39
27/10/2010,12.29
26/10/2010,12.38
25/10/2010,12.32
22/10/2010,12.27
21/10/2010,12.15
20/10/2010,12.33
19/10/2010,12.32
18/10/2010,12.26
15/10/2010,12.27
14/10/2010,12.33
13/10/2010,12.4
12/10/2010,12.28
11/10/2010,12.2
08/10/2010,12.26
07/10/2010,12.13
06/10/2010,12.29
05/10/2010,12.29
04/10/2010,12.26
01/10/2010,12.36
30/09/2010,12.24
29/09/2010,12.27
28/09/2010,12.32
27/09/2010,12.28
24/09/2010,12.42
23/09/2010,12.34
22/09/2010,12.38
21/09/2010,12.39
20/09/2010,12.46
15/09/2010,12.27
14/09/2010,12.38
13/09/2010,12.16
10/09/2010,12.1
09/09/2010,12.08
08/09/2010,12.18
07/09/2010,12.3
06/09/2010,12.36
03/09/2010,12.28
02/09/2010,12.05
01/09/2010,12.07
31/08/2010,12.05
30/08/2010,12.08
27/08/2010,12.16
26/08/2010,12.11
25/08/2010,12.1
24/08/2010,12.04
23/08/2010,12.2
20/08/2010,12.09
19/08/2010,12.04
18/08/2010,12.3
17/08/2010,12.19
16/08/2010,12.28
13/08/2010,12.27
12/08/2010,12.25
11/08/2010,12.18
10/08/2010,12.34
09/08/2010,12.46
06/08/2010,12.44
05/08/2010,12.46
04/08/2010,12.42
03/08/2010,12.34
02/08/2010,12.38
30/07/2010,12.22
29/07/2010,12.46
28/07/2010,12.49
27/07/2010,12.37
26/07/2010,12.47
23/07/2010,12.62
22/07/2010,12.57
21/07/2010,12.56
20/07/2010,12.42
19/07/2010,12.46
16/07/2010,12.27
15/07/2010,12.61
14/07/2010,12.58
13/07/2010,12.59
12/07/2010,12.52
09/07/2010,12.56
08/07/2010,12.59
07/07/2010,12.39
06/07/2010,11.97
05/07/2010,11.98
02/07/2010,11.81
01/07/2010,11.79
30/06/2010,11.79
29/06/2010,11.97
28/06/2010,12.19
25/06/2010,12.4
24/06/2010,12.21
23/06/2010,12.36
22/06/2010,12.43
21/06/2010,12.57
18/06/2010,12.58
17/06/2010,12.39
16/06/2010,12.38
15/06/2010,12.51
14/06/2010,12.22
11/06/2010,12.39
10/06/2010,12.25
09/06/2010,12.08
08/06/2010,12.13
07/06/2010,12.26
04/06/2010,12.29
03/06/2010,12.47
02/06/2010,12.49
01/06/2010,12.47
31/05/2010,12.52
28/05/2010,12.49
27/05/2010,12.46
26/05/2010,12.33
25/05/2010,12.01
24/05/2010,12.08
21/05/2010,11.82
20/05/2010,11.51
19/05/2010,11.73
18/05/2010,11.89
17/05/2010,11.98
14/05/2010,12.04
13/05/2010,12.22
12/05/2010,12.18
11/05/2010,11.82
10/05/2010,12.22
07/05/2010,11.68
06/05/2010,11.79
05/05/2010,12.04
04/05/2010,12.07
03/05/2010,12.7
30/04/2010,12.94
29/04/2010,13.07
28/04/2010,12.85
27/04/2010,12.72
26/04/2010,13.26
23/04/2010,13.35
22/04/2010,13.3
21/04/2010,13.22
20/04/2010,13.22
19/04/2010,13.02
16/04/2010,13.17
15/04/2010,13.29
14/04/2010,13.33
13/04/2010,13.16
12/04/2010,12.98
09/04/2010,12.67
08/04/2010,12.5
07/04/2010,12.63
06/04/2010,13.02
05/04/2010,13.17
31/03/2010,13.05
30/03/2010,12.71
29/03/2010,12.79
26/03/2010,12.67
25/03/2010,12.8
24/03/2010,12.76
23/03/2010,12.86
22/03/2010,12.51
19/03/2010,12.15
18/03/2010,12.08
17/03/2010,11.81
16/03/2010,11.86
12/03/2010,11.72
11/03/2010,11.67
10/03/2010,11.67
09/03/2010,11.69
08/03/2010,11.87
05/03/2010,11.82
04/03/2010,11.61
03/03/2010,11.57
02/03/2010,11.19
01/03/2010,11.12
26/02/2010,11.22
25/02/2010,11.06
24/02/2010,11.02
23/02/2010,10.98
22/02/2010,10.48
19/02/2010,10.37
18/02/2010,9.99
17/02/2010,9.94
16/02/2010,9.81
15/02/2010,9.74
12/02/2010,9.78
11/02/2010,9.85
10/02/2010,9.94
09/02/2010,9.94
08/02/2010,9.78
05/02/2010,9.81
04/02/2010,10
03/02/2010,10.16
02/02/2010,9.85
29/01/2010,10.1
28/01/2010,10.14
27/01/2010,9.92
26/01/2010,9.86
25/01/2010,9.65
22/01/2010,9.63
21/01/2010,9.6
20/01/2010,9.76
19/01/2010,10.02
18/01/2010,10.18
15/01/2010,10.18
14/01/2010,10.17
13/01/2010,9.63
12/01/2010,9.63
11/01/2010,9.72
08/01/2010,9.88
07/01/2010,9.88
06/01/2010,9.94
05/01/2010,9.94
04/01/2010,9.94
31/12/2009,9.83
30/12/2009,9.61
29/12/2009,9.59
28/12/2009,9.41
24/12/2009,9.23
23/12/2009,9.39
22/12/2009,9.37
21/12/2009,9.32
18/12/2009,9.2
17/12/2009,9.25
16/12/2009,9.28
15/12/2009,9.46
14/12/2009,9.4
11/12/2009,9.45
10/12/2009,9.21
09/12/2009,9.18
08/12/2009,9.19
07/12/2009,9.58
04/12/2009,9.94
03/12/2009,9.79
02/12/2009,9.89
01/12/2009,9.91
30/11/2009,9.97
27/11/2009,9.6
26/11/2009,9.29
25/11/2009,9.5
24/11/2009,9.5
23/11/2009,9.64
20/11/2009,9.46
19/11/2009,9.25
18/11/2009,9.35
17/11/2009,9.3
13/11/2009,9.08
12/11/2009,9.08
11/11/2009,9.26
10/11/2009,9.08
09/11/2009,9.24
06/11/2009,9.23
05/11/2009,8.91
04/11/2009,8.75
03/11/2009,8.6
30/10/2009,8.57
29/10/2009,8.82
28/10/2009,8.44
27/10/2009,8.44
26/10/2009,8.97
23/10/2009,8.99
22/10/2009,8.96
21/10/2009,8.99
20/10/2009,8.94
19/10/2009,9.14
16/10/2009,8.85
15/10/2009,9.01
14/10/2009,9.08
13/10/2009,9.19
12/10/2009,9.74
09/10/2009,8.47
08/10/2009,8.56
07/10/2009,8.38
06/10/2009,8.53
05/10/2009,8.41
02/10/2009,8.29
01/10/2009,8.34
30/09/2009,8.5
29/09/2009,8.43
28/09/2009,8.37
25/09/2009,8.18
24/09/2009,7.96
23/09/2009,8.29
22/09/2009,8.41
21/09/2009,8.15
18/09/2009,8.13
17/09/2009,8.43
15/09/2009,8.46
14/09/2009,8.55
11/09/2009,8.48
10/09/2009,8.55
09/09/2009,8.53
08/09/2009,8.64
07/09/2009,8.39
04/09/2009,8.42
03/09/2009,8.34
02/09/2009,8.43
01/09/2009,8.07
31/08/2009,8.04
28/08/2009,8.09
27/08/2009,8.16
26/08/2009,8.19
25/08/2009,8.07
24/08/2009,8.38
21/08/2009,7.75
20/08/2009,7.72
19/08/2009,7.76
18/08/2009,7.61
17/08/2009,7.37
14/08/2009,7.84
13/08/2009,7.99
12/08/2009,7.97
11/08/2009,7.67
10/08/2009,7.98
07/08/2009,7.94
06/08/2009,8.09
05/08/2009,8.25
04/08/2009,8.18
03/08/2009,7.68
31/07/2009,7.53
30/07/2009,7.5
29/07/2009,7.41
28/07/2009,7.4
27/07/2009,7.46
24/07/2009,7.16
23/07/2009,7.28
22/07/2009,7.32
21/07/2009,7.25
20/07/2009,7.36
17/07/2009,7.37
16/07/2009,7.45
15/07/2009,7.42
14/07/2009,6.97
13/07/2009,6.7
10/07/2009,6.78
09/07/2009,6.73
08/07/2009,6.6
07/07/2009,7.01
06/07/2009,7.03
03/07/2009,7.24
02/07/2009,7.32
01/07/2009,7.55
30/06/2009,7.29
29/06/2009,7.33
26/06/2009,7.05
25/06/2009,6.97
24/06/2009,6.82
23/06/2009,6.82
22/06/2009,6.61
19/06/2009,6.82
18/06/2009,6.78
17/06/2009,6.88
16/06/2009,6.62
15/06/2009,6.87
12/06/2009,7.3
11/06/2009,7.39
10/06/2009,7.22
09/06/2009,7.45
08/06/2009,7.27
05/06/2009,7.18
04/06/2009,7.01
03/06/2009,7.01
02/06/2009,7.01
01/06/2009,7.07
29/05/2009,7.2
28/05/2009,7.09
27/05/2009,7.11
26/05/2009,7.57
25/05/2009,7.39
22/05/2009,6.57
21/05/2009,6.13
20/05/2009,6.37
19/05/2009,6.45
18/05/2009,6.29
15/05/2009,6.04
14/05/2009,6
13/05/2009,5.83
12/05/2009,5.94
11/05/2009,6.28
08/05/2009,6.26
07/05/2009,6.23
06/05/2009,6.4
05/05/2009,6.09
04/05/2009,5.65
30/04/2009,5.47
29/04/2009,5.65
28/04/2009,5.5
27/04/2009,5.82
24/04/2009,6.38
23/04/2009,6.24
22/04/2009,5.56
21/04/2009,5.35
20/04/2009,5.21
17/04/2009,5.38
16/04/2009,5.28
15/04/2009,5.33
14/04/2009,5.26
13/04/2009,5.57
08/04/2009,5.06
07/04/2009,4.97
06/04/2009,4.93
03/04/2009,4.88
02/04/2009,4.88
01/04/2009,4.29
31/03/2009,4.05
30/03/2009,3.78
27/03/2009,3.97
26/03/2009,3.93
25/03/2009,3.94
24/03/2009,4.03
23/03/2009,3.93
20/03/2009,3.75
19/03/2009,3.75
18/03/2009,3.9
17/03/2009,3.72
13/03/2009,3.59
12/03/2009,3.42
11/03/2009,3.12
10/03/2009,3.2
09/03/2009,3.24
06/03/2009,3.31
05/03/2009,3.68
04/03/2009,3.76
03/03/2009,3.76
02/03/2009,3.88
27/02/2009,4.13
26/02/2009,4.37
25/02/2009,4.35
24/02/2009,4.31
23/02/2009,4.43
20/02/2009,4.46
19/02/2009,4.56
18/02/2009,4.57
17/02/2009,4.48
16/02/2009,4.67
13/02/2009,4.71
12/02/2009,4.71
11/02/2009,4.69
10/02/2009,4.78
09/02/2009,4.82
06/02/2009,4.88
05/02/2009,4.9
04/02/2009,4.87
03/02/2009,4.64
30/01/2009,4.84
29/01/2009,4.98
28/01/2009,5.02
27/01/2009,5.07
26/01/2009,5.13
23/01/2009,5.26
22/01/2009,5.33
21/01/2009,5.28
20/01/2009,5.2
19/01/2009,5.25
16/01/2009,5.22
15/01/2009,5.34
14/01/2009,5.54
13/01/2009,5.55
12/01/2009,5.66
09/01/2009,5.92
08/01/2009,5.81
07/01/2009,5.94
06/01/2009,6.01
05/01/2009,6.19
02/01/2009,6.22
31/12/2008,6.07
30/12/2008,6.3
29/12/2008,6.32
26/12/2008,6.48
24/12/2008,6.42
23/12/2008,6.42
22/12/2008,6.36
19/12/2008,6.33
18/12/2008,6.29
17/12/2008,6.21
16/12/2008,6.09
15/12/2008,5.88
11/12/2008,5.86
10/12/2008,5.83
09/12/2008,5.84
08/12/2008,5.82
05/12/2008,5.73
04/12/2008,5.82
03/12/2008,5.8
02/12/2008,5.81
01/12/2008,5.75
28/11/2008,6.05
27/11/2008,5.99
26/11/2008,6.01
25/11/2008,5.92
24/11/2008,5.98
21/11/2008,5.88
20/11/2008,5.81
19/11/2008,6.41
18/11/2008,6.53
14/11/2008,7.52
13/11/2008,6.89
12/11/2008,6.71
11/11/2008,7.44
10/11/2008,7.69
07/11/2008,7.82
06/11/2008,7.44
05/11/2008,7.72
04/11/2008,7.83
03/11/2008,7.47
31/10/2008,6.83
30/10/2008,6.48
29/10/2008,6.31
28/10/2008,5.94
27/10/2008,5.58
24/10/2008,5.25
23/10/2008,5.77
22/10/2008,6.33
21/10/2008,6.77
20/10/2008,7.36
17/10/2008,6.86
16/10/2008,6.62
15/10/2008,6.83
14/10/2008,7.37
13/10/2008,7.79
10/10/2008,6.27
09/10/2008,6.42
08/10/2008,6.86
07/10/2008,6.97
06/10/2008,7.5
03/10/2008,8.11
02/10/2008,8.19
01/10/2008,8.01
30/09/2008,7.95
29/09/2008,8.54
26/09/2008,8.62
25/09/2008,8.74
24/09/2008,8.74
23/09/2008,8.86
22/09/2008,8.77
19/09/2008,9.09
18/09/2008,8.91
17/09/2008,8.87
15/09/2008,9.49
12/09/2008,9.73
11/09/2008,10.07
10/09/2008,10.27
09/09/2008,10.67
08/09/2008,10.54
05/09/2008,10.61
04/09/2008,10.91
03/09/2008,10.75
02/09/2008,10.98
01/09/2008,10.91
29/08/2008,10.97
28/08/2008,11.16
27/08/2008,10.69
26/08/2008,10.61
25/08/2008,10.77
22/08/2008,11.01
21/08/2008,11.2
20/08/2008,10.97
19/08/2008,11.14
18/08/2008,10.99
15/08/2008,11.45
14/08/2008,11.22
13/08/2008,11.01
12/08/2008,10.71
11/08/2008,10.65
08/08/2008,10.52
07/08/2008,10.32
06/08/2008,10.22
05/08/2008,10.4
04/08/2008,10.42
01/08/2008,10.72
31/07/2008,11.02
30/07/2008,10.5
29/07/2008,10.5
28/07/2008,10.46
25/07/2008,10.58
24/07/2008,10.39
23/07/2008,10.79
22/07/2008,10.73
21/07/2008,11.22
18/07/2008,11.4
17/07/2008,11.28
16/07/2008,11.15
15/07/2008,11.03
14/07/2008,11.36
11/07/2008,11.67
10/07/2008,12.08
09/07/2008,12.33
08/07/2008,12.57
07/07/2008,12.47
04/07/2008,12.66
03/07/2008,12.63
02/07/2008,12.58
01/07/2008,12.47
30/06/2008,12.62
27/06/2008,12.76
26/06/2008,12.8
25/06/2008,13.05
24/06/2008,12.94
23/06/2008,12.8
20/06/2008,12.76
19/06/2008,13.07
18/06/2008,13.1
17/06/2008,12.98
16/06/2008,13.03
13/06/2008,13.3
12/06/2008,13.43
11/06/2008,13.65
10/06/2008,13.83
09/06/2008,13.73
06/06/2008,13.53
05/06/2008,13.93
04/06/2008,13.51
03/06/2008,13.08
02/06/2008,12.96
30/05/2008,12.99
29/05/2008,13.07
28/05/2008,12.84
27/05/2008,12.84
26/05/2008,12.84
23/05/2008,13.08
22/05/2008,13.13
21/05/2008,13.11
20/05/2008,13.04
19/05/2008,13.08
16/05/2008,12.91
15/05/2008,12.49
14/05/2008,12.45
13/05/2008,12.39
12/05/2008,12.48
09/05/2008,12.41
08/05/2008,12.69
07/05/2008,13.06
06/05/2008,13.26
05/05/2008,13.32
02/05/2008,13.38
30/04/2008,13.26
29/04/2008,13.3
28/04/2008,13.46
25/04/2008,13.57
24/04/2008,13.73
23/04/2008,13.92
22/04/2008,13.9
21/04/2008,13.98
18/04/2008,12.73
17/04/2008,12.61
16/04/2008,12.81
15/04/2008,12.68
14/04/2008,12.61
11/04/2008,12.79
10/04/2008,12.65
09/04/2008,12.65
08/04/2008,12.69
07/04/2008,12.64
04/04/2008,12.48
03/04/2008,12.54
02/04/2008,12.62
01/04/2008,12.63
31/03/2008,12.5
28/03/2008,11.82
27/03/2008,11.74
26/03/2008,11.6
25/03/2008,11.72
24/03/2008,11.74
19/03/2008,11.72
18/03/2008,11.76
14/03/2008,11.73
13/03/2008,11.97
12/03/2008,11.96
11/03/2008,11.89
10/03/2008,11.54
07/03/2008,11.53
06/03/2008,11.5
05/03/2008,11.65
04/03/2008,11.7
03/03/2008,11.87
29/02/2008,12.32
28/02/2008,12.42
27/02/2008,12.52
26/02/2008,12.55
25/02/2008,12.44
22/02/2008,12.44
21/02/2008,12.44
20/02/2008,12.61
19/02/2008,12.48
18/02/2008,12.29
15/02/2008,12.24
14/02/2008,12.34
13/02/2008,12.65
12/02/2008,12.76
11/02/2008,13
08/02/2008,12.91
07/02/2008,12.92
06/02/2008,12.33
05/02/2008,12.94
01/02/2008,13.35
31/01/2008,13.32
30/01/2008,12.34
29/01/2008,11.55
28/01/2008,11.26
25/01/2008,11.38
24/01/2008,11.95
23/01/2008,11.67
22/01/2008,11.88
21/01/2008,11.49
18/01/2008,12.27
17/01/2008,12.42
16/01/2008,12.5
15/01/2008,13.09
14/01/2008,13.58
11/01/2008,13.29
10/01/2008,13.41
09/01/2008,13.42
08/01/2008,13.78
07/01/2008,14.21
04/01/2008,14.23
03/01/2008,14.45
02/01/2008,14.22
31/12/2007,14.67
28/12/2007,14.71
27/12/2007,14.67
26/12/2007,14.88
24/12/2007,14.82
21/12/2007,14.6
20/12/2007,14.31
19/12/2007,14.48
18/12/2007,14.25
17/12/2007,13.9
14/12/2007,14.02
13/12/2007,13.76
11/12/2007,13.9
10/12/2007,14.16
07/12/2007,13.37
06/12/2007,13.3
05/12/2007,13.51
04/12/2007,13.3
03/12/2007,13.55
30/11/2007,13.62
29/11/2007,13.17
28/11/2007,13.4
27/11/2007,13.1
26/11/2007,13.07
23/11/2007,13.42
22/11/2007,13.07
21/11/2007,13.02
20/11/2007,13.28
16/11/2007,13.38
15/11/2007,12.66
14/11/2007,12.88
13/11/2007,12.73
12/11/2007,12.14
09/11/2007,12.82
08/11/2007,13.11
07/11/2007,13.44
06/11/2007,14.05
05/11/2007,14.37
01/11/2007,14.98
31/10/2007,15.23
30/10/2007,15.16
29/10/2007,15.16
26/10/2007,15.3
25/10/2007,15.24
24/10/2007,15.61
23/10/2007,15.68
22/10/2007,15.41
19/10/2007,15.81
18/10/2007,15.86
17/10/2007,15.94
16/10/2007,15.87
15/10/2007,16.23
12/10/2007,16.14
11/10/2007,16.31
10/10/2007,16.77
09/10/2007,16.82
08/10/2007,16.34
05/10/2007,16.08
04/10/2007,15.82
03/10/2007,16.28
02/10/2007,16.56
01/10/2007,16.77
28/09/2007,17.33
27/09/2007,17.02
26/09/2007,16.87
25/09/2007,16.87
24/09/2007,16.98
21/09/2007,17.04
20/09/2007,17.4
19/09/2007,17.94
18/09/2007,17.71
17/09/2007,17.33
14/09/2007,17.94
13/09/2007,18.13
12/09/2007,18.12
11/09/2007,17.83
10/09/2007,17.45
07/09/2007,17.72
06/09/2007,18.05
05/09/2007,18.03
04/09/2007,17.78
03/09/2007,17.23
31/08/2007,17.02
30/08/2007,17.16
29/08/2007,16.97
28/08/2007,16.73
27/08/2007,17
24/08/2007,17.1
23/08/2007,17.01
22/08/2007,16.46
21/08/2007,16.3
20/08/2007,15.87
17/08/2007,15.34
16/08/2007,15.19
15/08/2007,16.37
14/08/2007,16.5
13/08/2007,16.87
10/08/2007,17.06
09/08/2007,17.07
08/08/2007,17.54
07/08/2007,17.3
06/08/2007,17.35
03/08/2007,17.56
02/08/2007,17.67
01/08/2007,17.59
31/07/2007,17.95
30/07/2007,17.93
27/07/2007,17.78
26/07/2007,17.35
25/07/2007,18.01
24/07/2007,16.55
23/07/2007,17.3
20/07/2007,17.27
19/07/2007,16.94
18/07/2007,16.79
17/07/2007,17.11
16/07/2007,17.19
13/07/2007,17.43
12/07/2007,17.49
11/07/2007,17.64
10/07/2007,17.79
09/07/2007,18.48
06/07/2007,18.55
05/07/2007,18.39
04/07/2007,18.58
03/07/2007,18.65
02/07/2007,18.23
29/06/2007,18.2
28/06/2007,18.37
27/06/2007,17.92
26/06/2007,18.2
25/06/2007,18.38
22/06/2007,17.97
21/06/2007,17.88
20/06/2007,17.41
19/06/2007,17.36
18/06/2007,17.2
15/06/2007,17.51
14/06/2007,17.26
13/06/2007,17.49
12/06/2007,17.56
11/06/2007,18.01
08/06/2007,17.98
07/06/2007,17.99
06/06/2007,17.98
05/06/2007,17.64
04/06/2007,17.45
01/06/2007,17.71
31/05/2007,17.83
30/05/2007,17.91
29/05/2007,17.9
28/05/2007,18.05
25/05/2007,18.14
24/05/2007,18.13
23/05/2007,18.06
22/05/2007,17.93
21/05/2007,17.89
18/05/2007,18.23
17/05/2007,17.99
16/05/2007,18.22
15/05/2007,18.12
14/05/2007,18.22
11/05/2007,18.55
10/05/2007,18.23
09/05/2007,18.4
08/05/2007,18.2
07/05/2007,18.77
04/05/2007,19.07
03/05/2007,18.88
02/05/2007,18.39
30/04/2007,17.93
27/04/2007,18.4
26/04/2007,18.2
25/04/2007,18.52
24/04/2007,18.97
23/04/2007,19.17
20/04/2007,19.62
19/04/2007,19.67
18/04/2007,19.88
17/04/2007,19.57
16/04/2007,19.71
13/04/2007,20.07
12/04/2007,19.93
11/04/2007,19.37
10/04/2007,19.66
09/04/2007,19.85
04/04/2007,19.38
03/04/2007,19.17
02/04/2007,19.44
30/03/2007,19.59
29/03/2007,19.62
28/03/2007,19.32
27/03/2007,19.28
26/03/2007,18.73
23/03/2007,18.3
22/03/2007,18.35
21/03/2007,18.2
20/03/2007,17.54
16/03/2007,16.98
15/03/2007,17.08
14/03/2007,17.35
13/03/2007,17.42
12/03/2007,17.83
09/03/2007,17.84
08/03/2007,17.64
07/03/2007,17.31
06/03/2007,17.72
05/03/2007,17.53
02/03/2007,17.55
01/03/2007,17.31
28/02/2007,17.61
27/02/2007,17.3
26/02/2007,18.27
23/02/2007,18.79
22/02/2007,18.63
21/02/2007,18.4
20/02/2007,17.9
19/02/2007,18.17
16/02/2007,17.84
15/02/2007,17.88
14/02/2007,18.49
13/02/2007,18.13
12/02/2007,17.26
09/02/2007,16.91
08/02/2007,17.26
07/02/2007,17.24
06/02/2007,16.71
02/02/2007,16.29
01/02/2007,16
31/01/2007,15.94
30/01/2007,15.1
29/01/2007,14.97
26/01/2007,14.99
25/01/2007,15.06
24/01/2007,15.31
23/01/2007,14.43
22/01/2007,13.97
19/01/2007,14.15
18/01/2007,13.88
17/01/2007,14.02
16/01/2007,13.88
15/01/2007,13.73
12/01/2007,13.71
11/01/2007,13.66
10/01/2007,13.34
09/01/2007,13.64
08/01/2007,13.78
05/01/2007,13.89
04/01/2007,13.92
03/01/2007,14.12
02/01/2007,14.26
29/12/2006,14.11
28/12/2006,14.02
27/12/2006,13.96
26/12/2006,13.8
22/12/2006,13.8
21/12/2006,13.81
20/12/2006,13.82
19/12/2006,13.9
18/12/2006,14.23
15/12/2006,14.5
14/12/2006,14.41
13/12/2006,14.62
11/12/2006,14.84
08/12/2006,14.86
07/12/2006,14.7
06/12/2006,14.5
05/12/2006,14.37
04/12/2006,14.38
30/11/2006,14.21
29/11/2006,14.19
28/11/2006,14.03
27/11/2006,14.08
24/11/2006,14.04
23/11/2006,14.05
22/11/2006,14.05
21/11/2006,14.01
17/11/2006,14.08
16/11/2006,14.14
15/11/2006,13.71
14/11/2006,13.4
13/11/2006,13.4
10/11/2006,13.41
09/11/2006,13.29
08/11/2006,12.8
07/11/2006,12.52
06/11/2006,12.47
03/11/2006,12.53
01/11/2006,12.58
31/10/2006,12.37
30/10/2006,11.98
27/10/2006,11.99
26/10/2006,12.32
25/10/2006,12.34
24/10/2006,12.46
23/10/2006,12.46
20/10/2006,12.38
19/10/2006,12.3
18/10/2006,12.38
17/10/2006,12.32
16/10/2006,12.45
13/10/2006,11.94
12/10/2006,11.8
11/10/2006,11.85
10/10/2006,11.62
09/10/2006,11.65
06/10/2006,11.65
05/10/2006,11.32
04/10/2006,11.06
03/10/2006,11.02
02/10/2006,11.03
29/09/2006,10.85
28/09/2006,10.8
27/09/2006,10.82
26/09/2006,10.87
25/09/2006,10.91
22/09/2006,10.79
21/09/2006,10.79
20/09/2006,10.86
19/09/2006,10.95
18/09/2006,10.94
15/09/2006,10.91
14/09/2006,10.86
13/09/2006,10.86
12/09/2006,10.81
11/09/2006,10.66
08/09/2006,10.79
07/09/2006,10.65
06/09/2006,10.59
05/09/2006,10.59
04/09/2006,10.55
01/09/2006,10.55
31/08/2006,10.45
30/08/2006,10.59
29/08/2006,10.62
28/08/2006,10.63
25/08/2006,10.64
24/08/2006,10.64
23/08/2006,10.55
22/08/2006,10.63
21/08/2006,10.62
18/08/2006,10.69
17/08/2006,10.65
16/08/2006,10.58
15/08/2006,10.31
14/08/2006,10.07
11/08/2006,10.18
10/08/2006,10.02
09/08/2006,10.08
08/08/2006,10.07
07/08/2006,10.14
04/08/2006,10.42
03/08/2006,10.32
02/08/2006,10.19
01/08/2006,10.07
31/07/2006,10.38
28/07/2006,10.79
27/07/2006,10.55
26/07/2006,10.85
25/07/2006,10.88
24/07/2006,10.91
21/07/2006,10.9
20/07/2006,10.79
19/07/2006,10.98
18/07/2006,10.59
17/07/2006,10.59
14/07/2006,10.19
13/07/2006,10.19
12/07/2006,10.1
11/07/2006,10.13
10/07/2006,10.12
07/07/2006,10.11
06/07/2006,10.19
05/07/2006,10.1
04/07/2006,10.27
03/07/2006,10.07
30/06/2006,9.59
29/06/2006,9.59
28/06/2006,9.42
27/06/2006,9.47
26/06/2006,9.4
23/06/2006,9.3
22/06/2006,9.35
21/06/2006,9.35
20/06/2006,9.28
19/06/2006,9.23
16/06/2006,9.56
15/06/2006,9.59
14/06/2006,9.59
13/06/2006,9.63
12/06/2006,9.59
09/06/2006,9.63
08/06/2006,9.71
07/06/2006,9.78
06/06/2006,9.83
05/06/2006,10.07
02/06/2006,10.19
01/06/2006,10.14
31/05/2006,10.11
30/05/2006,10.06
29/05/2006,10.12
26/05/2006,10.16
25/05/2006,10.54
24/05/2006,9.83
23/05/2006,10.32
22/05/2006,10.29
19/05/2006,10.55
18/05/2006,10.78
17/05/2006,10.55
16/05/2006,10.72
15/05/2006,11.03
12/05/2006,11.62
11/05/2006,11.98
10/05/2006,12.03
09/05/2006,11.98
08/05/2006,11.98
05/05/2006,11.98
04/05/2006,12.18
03/05/2006,11.58
02/05/2006,11.5
28/04/2006,11.26
27/04/2006,11.49
26/04/2006,11.49
25/04/2006,10.57
24/04/2006,10.07
21/04/2006,9.82
20/04/2006,9.73
19/04/2006,9.68
18/04/2006,9.59
17/04/2006,9.39
12/04/2006,9.25
11/04/2006,9.11
10/04/2006,9.05
07/04/2006,9.04
06/04/2006,9.04
05/04/2006,9.08
04/04/2006,9.04
03/04/2006,9.05
31/03/2006,9.01
30/03/2006,9.07
29/03/2006,9
28/03/2006,8.96
27/03/2006,8.87
24/03/2006,8.87
23/03/2006,8.87
22/03/2006,8.63
20/03/2006,8.63
17/03/2006,8.63
16/03/2006,8.65
15/03/2006,8.75
14/03/2006,8.74
13/03/2006,8.74
10/03/2006,8.72
09/03/2006,8.67
08/03/2006,8.68
07/03/2006,8.63
06/03/2006,8.8
03/03/2006,8.63
02/03/2006,8.6
01/03/2006,8.63
28/02/2006,8.52
27/02/2006,8.52
24/02/2006,8.63
23/02/2006,8.39
22/02/2006,8.33
21/02/2006,8.2
20/02/2006,8.1
17/02/2006,8.1
16/02/2006,7.81
15/02/2006,7.67
14/02/2006,7.55
13/02/2006,7.45
10/02/2006,7.45
09/02/2006,7.66
08/02/2006,7.77
07/02/2006,8.04
03/02/2006,8.03
02/02/2006,8.1
01/02/2006,7.91
31/01/2006,7.72
30/01/2006,7.56
27/01/2006,7.43
26/01/2006,7.55
25/01/2006,7.26
24/01/2006,6.87
23/01/2006,6.71
20/01/2006,6.72
19/01/2006,6.72
18/01/2006,6.62
17/01/2006,6.66
16/01/2006,6.69
13/01/2006,6.71
12/01/2006,6.65
11/01/2006,6.71
10/01/2006,6.55
09/01/2006,6.57
06/01/2006,6.56
05/01/2006,6.47
04/01/2006,6.52
03/01/2006,6.48
02/01/2006,6.65
30/12/2005,6.65
29/12/2005,6.65
28/12/2005,6.52
27/12/2005,6.46
26/12/2005,6.39
23/12/2005,6.4
22/12/2005,6.35
21/12/2005,6.31
20/12/2005,6.33
19/12/2005,6.23
16/12/2005,6.26
15/12/2005,6.28
14/12/2005,6.29
13/12/2005,6.23
09/12/2005,6.33
08/12/2005,6.37
07/12/2005,6.39
06/12/2005,6.23
05/12/2005,6.28
02/12/2005,6.3
01/12/2005,6.3
30/11/2005,6.35
29/11/2005,6.35
28/11/2005,6.35
25/11/2005,6.35
24/11/2005,6.35
23/11/2005,6.35
22/11/2005,6.35
21/11/2005,6.34
18/11/2005,6.35
17/11/2005,6.35
16/11/2005,6.35
15/11/2005,6.35
14/11/2005,6.35
10/11/2005,6.5
09/11/2005,6.51
08/11/2005,6.47
07/11/2005,6.47
04/11/2005,6.48
03/11/2005,6.47
02/11/2005,6.47
01/11/2005,6.52
31/10/2005,6.48
28/10/2005,6.54
27/10/2005,6.54
26/10/2005,6.54
25/10/2005,6.5
24/10/2005,6.5
21/10/2005,6.71
20/10/2005,6.42
19/10/2005,6.42
18/10/2005,6.47
17/10/2005,6.59
14/10/2005,6.47
13/10/2005,6.47
12/10/2005,6.59
11/10/2005,6.71
10/10/2005,6.66
06/10/2005,6.66
05/10/2005,6.73
04/10/2005,6.83
03/10/2005,6.85
30/09/2005,6.71
29/09/2005,6.52
28/09/2005,6.47
27/09/2005,6.47
26/09/2005,6.45
23/09/2005,6.42
22/09/2005,6.41
21/09/2005,6.41
20/09/2005,6.23
15/09/2005,6.35
14/09/2005,6.22
13/09/2005,6.22
12/09/2005,6.26
09/09/2005,6.26
08/09/2005,6.2
07/09/2005,6.23
06/09/2005,6.21
05/09/2005,6.18
02/09/2005,6.14
01/09/2005,6.11
31/08/2005,6.01
30/08/2005,5.99
29/08/2005,6.09
26/08/2005,6.09
25/08/2005,6.1
24/08/2005,6.11
23/08/2005,6.23
22/08/2005,6.11
19/08/2005,6.02
18/08/2005,5.99
17/08/2005,5.97
16/08/2005,5.94
15/08/2005,5.99
12/08/2005,5.99
11/08/2005,6.02
10/08/2005,5.99
09/08/2005,6
08/08/2005,5.99
05/08/2005,5.99
04/08/2005,6.02
03/08/2005,5.99
02/08/2005,5.99
01/08/2005,5.97
29/07/2005,5.99
28/07/2005,5.99
27/07/2005,6
26/07/2005,5.99
25/07/2005,5.94
22/07/2005,6.04
21/07/2005,6
20/07/2005,6.11
19/07/2005,5.97
18/07/2005,5.99
15/07/2005,5.94
14/07/2005,6.02
13/07/2005,5.99
12/07/2005,5.99
11/07/2005,5.97
08/07/2005,5.97
07/07/2005,5.97
06/07/2005,6.03
05/07/2005,5.82
04/07/2005,5.8
01/07/2005,5.8
30/06/2005,5.79
29/06/2005,5.79
28/06/2005,5.75
27/06/2005,5.75
24/06/2005,5.72
23/06/2005,5.7
22/06/2005,5.7
21/06/2005,5.7
20/06/2005,5.75
17/06/2005,5.74
16/06/2005,5.72
15/06/2005,5.73
14/06/2005,5.75
13/06/2005,5.63
10/06/2005,5.56
09/06/2005,5.46
08/06/2005,5.37
07/06/2005,5.39
06/06/2005,5.4
03/06/2005,5.34
02/06/2005,5.3
01/06/2005,5.15
31/05/2005,5.11
30/05/2005,5.11
27/05/2005,5.11
26/05/2005,5.13
25/05/2005,5.15
24/05/2005,5.15
23/05/2005,5.07
20/05/2005,4.91
19/05/2005,4.92
18/05/2005,4.99
17/05/2005,5.03
16/05/2005,5.03
13/05/2005,5.07
12/05/2005,5.15
11/05/2005,5.19
10/05/2005,5.18
09/05/2005,5.34
06/05/2005,5.34
05/05/2005,5.34
04/05/2005,5.39
03/05/2005,5.37
02/05/2005,5.39
29/04/2005,5.27
28/04/2005,5.38
27/04/2005,5.37
26/04/2005,5.39
25/04/2005,5.42
22/04/2005,5.15
21/04/2005,4.91
20/04/2005,4.91
19/04/2005,4.88
18/04/2005,4.77
15/04/2005,4.79
14/04/2005,4.94
13/04/2005,5
12/04/2005,5.02
11/04/2005,5
08/04/2005,4.93
07/04/2005,4.93
06/04/2005,4.91
05/04/2005,5.06
04/04/2005,5.15
01/04/2005,5.15
31/03/2005,5.22
30/03/2005,5.22
29/03/2005,5.03
28/03/2005,5.03
23/03/2005,5.21
22/03/2005,5.21
18/03/2005,5.38
15/03/2005,5.46
14/03/2005,5.51
11/03/2005,5.57
10/03/2005,5.58
09/03/2005,5.69
08/03/2005,5.69
07/03/2005,5.73
04/03/2005,5.7
03/03/2005,5.68
02/03/2005,5.69
01/03/2005,5.73
28/02/2005,5.63
25/02/2005,5.67
24/02/2005,5.63
23/02/2005,5.66
22/02/2005,5.66
21/02/2005,5.58
18/02/2005,5.58
16/02/2005,5.58
15/02/2005,5.63
14/02/2005,5.63
11/02/2005,5.63
10/02/2005,5.69
09/02/2005,5.63
08/02/2005,5.61
07/02/2005,5.6
04/02/2005,5.6
03/02/2005,5.61
02/02/2005,5.56
01/02/2005,5.61
31/01/2005,5.54
28/01/2005,5.51
27/01/2005,5.66
26/01/2005,5.66
25/01/2005,5.62
24/01/2005,5.52
21/01/2005,5.42
20/01/2005,5.54
19/01/2005,5.55
18/01/2005,5.54
17/01/2005,5.55
14/01/2005,5.54
13/01/2005,5.51
12/01/2005,5.56
11/01/2005,5.56
10/01/2005,5.56
07/01/2005,5.63
06/01/2005,5.7
05/01/2005,5.73
04/01/2005,5.73
03/01/2005,5.87
30/12/2004,5.74
29/12/2004,5.66
28/12/2004,5.64
27/12/2004,5.61
24/12/2004,5.58
23/12/2004,5.65
22/12/2004,5.52
21/12/2004,5.52
20/12/2004,5.5
17/12/2004,5.55
16/12/2004,5.59
15/12/2004,5.57
14/12/2004,5.5
13/12/2004,5.64
10/12/2004,5.64
09/12/2004,5.63
08/12/2004,5.5
07/12/2004,5.63
06/12/2004,5.64
03/12/2004,5.65
02/12/2004,5.65
30/11/2004,5.67
29/11/2004,5.64
26/11/2004,5.64
24/11/2004,5.64
23/11/2004,5.62
22/11/2004,5.69
19/11/2004,5.69
18/11/2004,5.71
17/11/2004,5.71
16/11/2004,5.71
15/11/2004,5.71
12/11/2004,5.69
11/11/2004,5.69
10/11/2004,5.59
09/11/2004,5.59
08/11/2004,5.59
05/11/2004,5.62
04/11/2004,5.62
03/11/2004,5.5
02/11/2004,5.43
01/11/2004,5.38
29/10/2004,5.34
28/10/2004,5.34
27/10/2004,5.38
26/10/2004,5.33
25/10/2004,5.31
22/10/2004,5.26
21/10/2004,5.12
20/10/2004,5.14
19/10/2004,5.16
15/10/2004,5.18
14/10/2004,5.12
13/10/2004,5.16
12/10/2004,5.16
11/10/2004,5.09
07/10/2004,4.9
06/10/2004,4.85
04/10/2004,4.82
01/10/2004,4.76
30/09/2004,4.66
29/09/2004,4.55
28/09/2004,4.45
27/09/2004,4.45
24/09/2004,4.44
23/09/2004,4.42
22/09/2004,4.37
21/09/2004,4.37
20/09/2004,4.33
17/09/2004,4.37
15/09/2004,4.37
14/09/2004,4.37
13/09/2004,4.4
10/09/2004,4.4
09/09/2004,4.4
08/09/2004,4.4
07/09/2004,4.39
03/09/2004,4.42
01/09/2004,4.33
31/08/2004,4.3
30/08/2004,4.31
27/08/2004,4.31
26/08/2004,4.28
25/08/2004,4.23
24/08/2004,4.23
23/08/2004,4.23
20/08/2004,4.14
19/08/2004,4.06
17/08/2004,4.12
16/08/2004,4.11
13/08/2004,4.14
12/08/2004,4.14
10/08/2004,4.16
09/08/2004,4.16
05/08/2004,4.18
04/08/2004,4.18
03/08/2004,4.3
30/07/2004,4.28
29/07/2004,4.28
28/07/2004,4.3
21/07/2004,4.37
20/07/2004,4.42
19/07/2004,4.45
16/07/2004,4.42
15/07/2004,4.37
14/07/2004,4.33
13/07/2004,4.33
12/07/2004,4.3
09/07/2004,4.29
08/07/2004,4.3
07/07/2004,4.32
06/07/2004,4.3
05/07/2004,4.35
02/07/2004,4.34
01/07/2004,4.35
30/06/2004,4.34
28/06/2004,4.3
25/06/2004,4.36
24/06/2004,4.32
23/06/2004,4.3
22/06/2004,4.3
21/06/2004,4.21
17/06/2004,4.14
15/06/2004,4.17
14/06/2004,4.14
10/06/2004,4.18
09/06/2004,4.15
08/06/2004,4.12
03/06/2004,4.11
02/06/2004,4.06
01/06/2004,4.06
31/05/2004,3.99
28/05/2004,3.99
24/05/2004,3.9
21/05/2004,3.9
20/05/2004,3.88
18/05/2004,3.87
17/05/2004,3.83
13/05/2004,3.9
12/05/2004,3.94
11/05/2004,3.94
10/05/2004,3.9
07/05/2004,4.06
06/05/2004,4.06
05/05/2004,4.06
04/05/2004,4.06
03/05/2004,4.09
30/04/2004,4.09
29/04/2004,4.08
28/04/2004,4.19
27/04/2004,4.4
26/04/2004,4.41
23/04/2004,4.42
22/04/2004,4.44
21/04/2004,4.3
20/04/2004,4.23
19/04/2004,4.23
15/04/2004,4.24
14/04/2004,4.23
13/04/2004,4.21
12/04/2004,4.16
07/04/2004,4.18
06/04/2004,4.06
05/04/2004,3.94
02/04/2004,3.92
01/04/2004,3.92
31/03/2004,3.71
30/03/2004,3.63
29/03/2004,3.56
26/03/2004,3.59
25/03/2004,3.55
24/03/2004,3.45
23/03/2004,3.39
22/03/2004,3.39
19/03/2004,3.49
18/03/2004,3.49
17/03/2004,3.51
16/03/2004,3.4
15/03/2004,3.4
12/03/2004,3.39
11/03/2004,3.32
10/03/2004,3.41
09/03/2004,3.58
08/03/2004,3.59
05/03/2004,3.68
04/03/2004,3.54
03/03/2004,3.57
02/03/2004,3.68
01/03/2004,3.48
27/02/2004,3.35
26/02/2004,3.23
25/02/2004,3.11
24/02/2004,2.99
23/02/2004,2.99
20/02/2004,2.87
17/02/2004,2.99
16/02/2004,2.99
13/02/2004,2.73
11/02/2004,2.87
10/02/2004,2.87
06/02/2004,2.92
04/02/2004,2.87
03/02/2004,2.75
02/02/2004,2.69
30/01/2004,2.69
28/01/2004,2.7
27/01/2004,2.68
26/01/2004,2.63
23/01/2004,2.63
22/01/2004,2.63
21/01/2004,2.61
20/01/2004,2.51
19/01/2004,2.51
16/01/2004,2.63
15/01/2004,2.63
14/01/2004,2.61
13/01/2004,2.5
12/01/2004,2.49
09/01/2004,2.41
08/01/2004,2.39
05/01/2004,2.28
19/12/2003,2.3
18/12/2003,2.27
17/12/2003,2.26
16/12/2003,2.24
15/12/2003,2.22
04/12/2003,2.22
03/12/2003,2.22
28/11/2003,2.15
24/11/2003,2.15
18/11/2003,2.15
14/11/2003,2.07
13/11/2003,2.07
12/11/2003,2.07
07/11/2003,2.07
06/11/2003,2.15
04/11/2003,2.1
30/10/2003,2.15
29/10/2003,2.15
28/10/2003,2.15
24/10/2003,2.15
23/10/2003,2.13
11/09/2003,2.15
10/09/2003,2.15
09/09/2003,2.16
03/09/2003,2.16
29/08/2003,2.16
27/08/2003,2.16
25/08/2003,2.16
21/08/2003,2.16
19/08/2003,2.1
15/08/2003,2.06
11/08/2003,2.06
08/08/2003,2.06
04/08/2003,2.06
01/08/2003,2.02
22/07/2003,1.96
21/07/2003,1.91
02/07/2003,1.92
25/06/2003,1.95
18/06/2003,1.95
17/06/2003,1.96
13/06/2003,1.94
12/06/2003,1.91
11/06/2003,1.91
09/06/2003,1.91
06/06/2003,1.91
05/06/2003,1.91
04/06/2003,1.91
03/06/2003,1.91
02/06/2003,1.91
27/05/2003,1.91
22/05/2003,1.91
19/05/2003,1.91
16/05/2003,1.84
15/05/2003,1.82
13/05/2003,1.91
07/05/2003,1.86
05/05/2003,1.89
30/04/2003,1.86
28/04/2003,1.91
24/04/2003,1.82
23/04/2003,1.77
21/04/2003,1.82
14/04/2003,1.71
11/04/2003,1.79
10/04/2003,1.79
08/04/2003,1.69
27/02/2003,1.69
07/02/2003,1.69
27/01/2003,1.69
24/01/2003,1.67
23/01/2003,1.67
22/01/2003,1.67
21/01/2003,1.67
16/01/2003,1.67
09/01/2003,1.7
08/01/2003,1.7
19/12/2002,1.76
18/12/2002,1.76
16/12/2002,1.79
11/12/2002,1.77
06/12/2002,1.76
05/12/2002,1.75
04/12/2002,1.75
02/12/2002,1.75
18/11/2002,1.89
14/11/2002,1.82
13/11/2002,1.75
11/11/2002,1.75
08/11/2002,1.72
31/10/2002,1.72
30/10/2002,1.69
29/10/2002,1.69
28/10/2002,1.69
25/10/2002,1.69
22/10/2002,1.69
15/10/2002,1.69
11/10/2002,1.69
10/10/2002,1.7
03/10/2002,1.67
30/09/2002,1.7
27/09/2002,1.65
26/09/2002,1.67
23/09/2002,1.64
20/09/2002,1.64
17/09/2002,1.64
12/09/2002,1.66
11/09/2002,1.67
09/09/2002,1.63
06/09/2002,1.63
03/09/2002,1.63
02/09/2002,1.6
08/08/2002,1.67
07/08/2002,1.67
17/07/2002,1.67
08/07/2002,1.67
14/06/2002,1.72
13/06/2002,1.72
12/06/2002,1.7
10/06/2002,1.7
07/06/2002,1.66
06/06/2002,1.65
05/06/2002,1.61
04/06/2002,1.65
03/06/2002,1.7
28/05/2002,1.75
27/05/2002,1.75
24/05/2002,1.8
23/05/2002,1.75
22/05/2002,1.77
17/05/2002,1.89
16/05/2002,1.86
15/05/2002,1.83
14/05/2002,1.82
10/05/2002,1.75
09/05/2002,1.89
06/05/2002,1.91
03/05/2002,1.81
02/05/2002,1.79
30/04/2002,1.55
29/04/2002,1.55
26/04/2002,1.49
25/04/2002,1.36
24/04/2002,1.31
23/04/2002,1.18
22/04/2002,1.18
17/04/2002,1.24
16/04/2002,1.24
09/04/2002,1.24
08/04/2002,1.24
01/04/2002,1.24
27/03/2002,1.24
22/03/2002,1.26
20/03/2002,1.26
18/03/2002,1.27
15/03/2002,1.27
14/03/2002,1.24
13/03/2002,1.26
12/03/2002,1.26
08/03/2002,1.25
06/03/2002,1.2
04/03/2002,1.22
01/03/2002,1.15
28/02/2002,1.08
26/02/2002,1
20/02/2002,0.93
12/02/2002,0.93
11/02/2002,0.82
08/02/2002,0.81
06/02/2002,0.85
04/02/2002,0.85
01/02/2002,0.86
31/01/2002,0.86
28/01/2002,0.81
25/01/2002,0.81
24/01/2002,0.81
21/01/2002,0.79
18/01/2002,0.81
15/01/2002,0.81
14/01/2002,0.79
11/01/2002,0.79
09/01/2002,0.81
08/01/2002,0.81
04/01/2002,0.81
02/01/2002,0.84
14/12/2001,0.84
07/12/2001,0.84
06/12/2001,0.86
15/11/2001,0.88
12/11/2001,0.91
05/11/2001,0.91
26/10/2001,0.96
04/10/2001,0.96
28/08/2001,0.96
15/08/2001,0.96
14/08/2001,0.96
17/07/2001,0.96
16/07/2001,0.96
11/07/2001,0.96
10/07/2001,0.97
09/07/2001,1.05
03/07/2001,1.05
02/07/2001,0.96
26/06/2001,0.96
19/06/2001,0.96
18/06/2001,0.97
15/06/2001,0.97
14/06/2001,0.97
13/06/2001,0.98
05/06/2001,0.97
04/06/2001,0.97
31/05/2001,0.97
30/05/2001,0.96
25/05/2001,0.98
24/05/2001,0.98
23/05/2001,0.98
22/05/2001,0.96
21/05/2001,0.96
18/05/2001,0.98
17/05/2001,1
16/05/2001,0.98
09/05/2001,0.98
04/05/2001,0.96
03/05/2001,1
02/05/2001,1.02
17/04/2001,1.11
27/03/2001,1.08
07/03/2001,1.03
06/03/2001,1.03
05/03/2001,1.03
01/03/2001,1.03
27/02/2001,1.03
26/02/2001,1.08
23/02/2001,1.12
21/02/2001,1.2
16/02/2001,1.29
15/02/2001,1.29
14/02/2001,1.29
13/02/2001,1.31
09/02/2001,1.39
08/02/2001,1.43
07/02/2001,1.45
29/01/2001,1.46
25/01/2001,1.46
23/01/2001,1.43
22/01/2001,1.39
19/01/2001,1.34
16/01/2001,1.29
15/01/2001,1.34
12/01/2001,1.39
10/01/2001,1.34
09/01/2001,1.39
08/01/2001,1.43
