Security,AMXL MM Equity                                                  
Start Date,07/02/2001 00:00
End Date,24/12/2018 00:00
Period,D
Currency,MXN
,
Date,PRECIO
24/12/2018,14.07
21/12/2018,14.09
20/12/2018,14.38
19/12/2018,14.39
18/12/2018,14.13
17/12/2018,13.9
14/12/2018,14.37
13/12/2018,14.37
11/12/2018,13.85
10/12/2018,13.95
07/12/2018,13.99
06/12/2018,14.06
05/12/2018,13.92
04/12/2018,13.9
03/12/2018,13.78
30/11/2018,13.68
29/11/2018,13.97
28/11/2018,13.24
27/11/2018,12.7
26/11/2018,12.57
23/11/2018,13.12
22/11/2018,13.42
21/11/2018,13.44
20/11/2018,13.43
16/11/2018,13.59
15/11/2018,13.44
14/11/2018,13.69
13/11/2018,13.8
12/11/2018,14.25
09/11/2018,14.57
08/11/2018,14.63
07/11/2018,15.43
06/11/2018,15.23
05/11/2018,15.56
01/11/2018,15.32
31/10/2018,14.71
30/10/2018,14.2
29/10/2018,13.9
26/10/2018,14.07
25/10/2018,14.15
24/10/2018,13.79
23/10/2018,14.06
22/10/2018,14.14
19/10/2018,14.32
18/10/2018,14.08
17/10/2018,14.24
16/10/2018,14.87
15/10/2018,14.59
12/10/2018,14.54
11/10/2018,14.75
10/10/2018,14.97
09/10/2018,15
08/10/2018,15.12
05/10/2018,14.59
04/10/2018,14.71
03/10/2018,14.68
02/10/2018,15.16
01/10/2018,15.24
28/09/2018,15.04
27/09/2018,15.3
26/09/2018,15.42
25/09/2018,15.56
24/09/2018,15.54
21/09/2018,15.57
20/09/2018,15.62
19/09/2018,15.6
18/09/2018,15.61
17/09/2018,15.55
14/09/2018,15.67
13/09/2018,16.06
12/09/2018,16.05
11/09/2018,15.6
10/09/2018,15.71
07/09/2018,15.71
06/09/2018,15.51
05/09/2018,15.3
04/09/2018,15.79
03/09/2018,16.1
31/08/2018,16.05
30/08/2018,16.22
29/08/2018,16.55
28/08/2018,16.37
27/08/2018,16.32
24/08/2018,16.13
23/08/2018,16.02
22/08/2018,16.42
21/08/2018,16.41
20/08/2018,15.98
17/08/2018,15.72
16/08/2018,15.58
15/08/2018,15.71
14/08/2018,15.9
13/08/2018,15.78
10/08/2018,15.66
09/08/2018,15.94
08/08/2018,16.27
07/08/2018,16.17
06/08/2018,15.72
03/08/2018,15.72
02/08/2018,15.7
01/08/2018,15.8
31/07/2018,15.97
30/07/2018,15.95
27/07/2018,15.88
26/07/2018,15.86
25/07/2018,16.04
24/07/2018,16.01
23/07/2018,15.9
20/07/2018,15.96
19/07/2018,16.12
18/07/2018,16.47
17/07/2018,16.46
16/07/2018,16.64
13/07/2018,16.6
12/07/2018,16.75
11/07/2018,17.06
10/07/2018,16.98
09/07/2018,17.22
06/07/2018,16.84
05/07/2018,16.65
04/07/2018,16.12
03/07/2018,16.12
02/07/2018,16.15
29/06/2018,16.57
28/06/2018,16.46
27/06/2018,16.48
26/06/2018,16.25
25/06/2018,16.28
22/06/2018,16.31
21/06/2018,16.17
20/06/2018,16.3
19/06/2018,16.31
18/06/2018,16.39
15/06/2018,16.6
14/06/2018,16.59
13/06/2018,16.08
12/06/2018,15.93
11/06/2018,15.76
08/06/2018,15.57
07/06/2018,15.36
06/06/2018,15.58
05/06/2018,15.63
04/06/2018,15.62
01/06/2018,15.77
31/05/2018,15.5
30/05/2018,15.4
29/05/2018,15.57
28/05/2018,15.68
25/05/2018,15.82
24/05/2018,16.07
23/05/2018,16.23
22/05/2018,16.13
21/05/2018,15.94
18/05/2018,16.34
17/05/2018,16.2
16/05/2018,16.53
15/05/2018,16.65
14/05/2018,16.72
11/05/2018,16.89
10/05/2018,16.75
09/05/2018,16.78
08/05/2018,16.98
07/05/2018,16.97
04/05/2018,17.04
03/05/2018,17.05
02/05/2018,17.24
30/04/2018,17.31
27/04/2018,17.4
26/04/2018,17.5
25/04/2018,17.5
24/04/2018,17.59
23/04/2018,17.74
20/04/2018,17.85
19/04/2018,17.98
18/04/2018,17.94
17/04/2018,17.79
16/04/2018,17.6
13/04/2018,17.76
12/04/2018,17.8
11/04/2018,17.78
10/04/2018,17.87
09/04/2018,17.84
06/04/2018,17.76
05/04/2018,17.76
04/04/2018,17.69
03/04/2018,17.58
02/04/2018,17.16
28/03/2018,17.25
27/03/2018,17.63
26/03/2018,17.61
23/03/2018,17.35
22/03/2018,17.76
21/03/2018,17.72
20/03/2018,17.7
16/03/2018,17.75
15/03/2018,18.01
14/03/2018,17.98
13/03/2018,18.09
12/03/2018,17.84
09/03/2018,17.88
08/03/2018,17.64
07/03/2018,17.45
06/03/2018,17.45
05/03/2018,17.8
02/03/2018,17.55
01/03/2018,17.61
28/02/2018,17.34
27/02/2018,17.94
26/02/2018,18.01
23/02/2018,17.87
22/02/2018,17.92
21/02/2018,17.89
20/02/2018,17.75
19/02/2018,17.78
16/02/2018,17.87
15/02/2018,17.95
14/02/2018,17.38
13/02/2018,16.67
12/02/2018,16.6
09/02/2018,16.58
08/02/2018,16.6
07/02/2018,16.88
06/02/2018,17.19
02/02/2018,17.42
01/02/2018,17.64
31/01/2018,17.44
30/01/2018,17.47
29/01/2018,17.4
26/01/2018,17.62
25/01/2018,17.61
24/01/2018,17.47
23/01/2018,17.19
22/01/2018,17.22
19/01/2018,16.94
18/01/2018,17.07
17/01/2018,16.53
16/01/2018,16.39
15/01/2018,16.5
12/01/2018,16.48
11/01/2018,16.37
10/01/2018,16.48
09/01/2018,16.93
08/01/2018,16.98
05/01/2018,16.79
04/01/2018,16.76
03/01/2018,16.76
02/01/2018,17.12
29/12/2017,16.95
28/12/2017,16.98
27/12/2017,16.82
26/12/2017,16.91
22/12/2017,16.78
21/12/2017,16.64
20/12/2017,16.67
19/12/2017,16.71
18/12/2017,16.66
15/12/2017,16.52
14/12/2017,16.65
13/12/2017,16.66
11/12/2017,16.43
08/12/2017,16.31
07/12/2017,16.12
06/12/2017,16.11
05/12/2017,16.07
04/12/2017,15.92
01/12/2017,15.9
30/11/2017,15.99
29/11/2017,16.4
28/11/2017,16.36
27/11/2017,16.27
24/11/2017,16.43
23/11/2017,16.52
22/11/2017,16.43
21/11/2017,16.36
17/11/2017,16.33
16/11/2017,16.39
15/11/2017,16.23
14/11/2017,16.27
13/11/2017,16.46
10/11/2017,16.51
09/11/2017,16.64
08/11/2017,16.79
07/11/2017,16.93
06/11/2017,16.89
03/11/2017,16.69
01/11/2017,16.46
31/10/2017,16.54
30/10/2017,16.51
27/10/2017,16.48
26/10/2017,16.77
25/10/2017,16.93
24/10/2017,18.19
23/10/2017,17.92
20/10/2017,18.2
19/10/2017,17.51
18/10/2017,17.14
17/10/2017,17.23
16/10/2017,17.07
13/10/2017,17
12/10/2017,16.75
11/10/2017,16.43
10/10/2017,16.38
09/10/2017,16.19
06/10/2017,16.24
05/10/2017,16.16
04/10/2017,16.16
03/10/2017,16.15
02/10/2017,15.92
29/09/2017,16.16
28/09/2017,16.15
27/09/2017,16.23
26/09/2017,16.42
25/09/2017,16.42
22/09/2017,16.34
21/09/2017,16.42
20/09/2017,16.42
19/09/2017,16.37
18/09/2017,16.4
15/09/2017,16.27
14/09/2017,16.33
13/09/2017,16.39
12/09/2017,16.4
11/09/2017,16.38
08/09/2017,16.18
07/09/2017,16.31
06/09/2017,16.29
05/09/2017,16.31
04/09/2017,16.37
01/09/2017,16.49
31/08/2017,16.62
30/08/2017,16.66
29/08/2017,16.71
28/08/2017,16.71
25/08/2017,16.64
24/08/2017,16.65
23/08/2017,16.55
22/08/2017,16.66
21/08/2017,16.64
18/08/2017,16.67
17/08/2017,16.62
16/08/2017,16.62
15/08/2017,16.58
14/08/2017,16.4
11/08/2017,16.08
10/08/2017,16.12
09/08/2017,15.77
08/08/2017,15.79
07/08/2017,15.98
04/08/2017,15.92
03/08/2017,15.9
02/08/2017,15.87
01/08/2017,15.76
31/07/2017,15.76
28/07/2017,15.89
27/07/2017,15.6
26/07/2017,15.78
25/07/2017,15.83
24/07/2017,15.77
21/07/2017,15.45
20/07/2017,15.15
19/07/2017,15.15
18/07/2017,15.04
17/07/2017,14.97
14/07/2017,14.89
13/07/2017,14.65
12/07/2017,14.78
11/07/2017,15.06
10/07/2017,14.98
07/07/2017,14.73
06/07/2017,14.63
05/07/2017,14.8
04/07/2017,14.64
03/07/2017,14.68
30/06/2017,14.6
29/06/2017,14.36
28/06/2017,14.36
27/06/2017,14.35
26/06/2017,14.42
23/06/2017,14.22
22/06/2017,14.3
21/06/2017,14.42
20/06/2017,14.22
19/06/2017,14.33
16/06/2017,14.28
15/06/2017,14.33
14/06/2017,14.49
13/06/2017,14.46
12/06/2017,14.7
09/06/2017,14.75
08/06/2017,14.8
07/06/2017,14.91
06/06/2017,14.9
05/06/2017,14.99
02/06/2017,14.92
01/06/2017,14.98
31/05/2017,14.97
30/05/2017,15.05
29/05/2017,14.98
26/05/2017,15.07
25/05/2017,14.85
24/05/2017,14.92
23/05/2017,14.79
22/05/2017,14.73
19/05/2017,14.78
18/05/2017,14.18
17/05/2017,14.54
16/05/2017,14.74
15/05/2017,14.78
12/05/2017,14.45
11/05/2017,14.38
10/05/2017,14.77
09/05/2017,14.75
08/05/2017,14.55
05/05/2017,14.58
04/05/2017,14.41
03/05/2017,14.17
02/05/2017,14.47
28/04/2017,14.47
27/04/2017,14.76
26/04/2017,14.65
25/04/2017,14.17
24/04/2017,14
21/04/2017,13.74
20/04/2017,13.79
19/04/2017,13.65
18/04/2017,13.58
17/04/2017,13.54
12/04/2017,13.47
11/04/2017,13.76
10/04/2017,13.76
07/04/2017,13.45
06/04/2017,13.3
05/04/2017,13.36
04/04/2017,13.39
03/04/2017,13.39
31/03/2017,13.28
30/03/2017,13.53
29/03/2017,13.76
28/03/2017,13.68
27/03/2017,13.56
24/03/2017,13.32
23/03/2017,13.32
22/03/2017,13.35
21/03/2017,13.57
17/03/2017,13.42
16/03/2017,13.09
15/03/2017,12.81
14/03/2017,12.57
13/03/2017,12.37
10/03/2017,12.31
09/03/2017,12.63
08/03/2017,13.23
07/03/2017,12.95
06/03/2017,13.18
03/03/2017,13.07
02/03/2017,13.1
01/03/2017,12.88
28/02/2017,12.75
27/02/2017,12.85
24/02/2017,12.57
23/02/2017,12.65
22/02/2017,12.74
21/02/2017,12.88
20/02/2017,12.87
17/02/2017,12.97
16/02/2017,13.15
15/02/2017,13.21
14/02/2017,13.17
13/02/2017,13.18
10/02/2017,13.3
09/02/2017,13.02
08/02/2017,12.66
07/02/2017,12.56
03/02/2017,12.86
02/02/2017,13.22
01/02/2017,13.01
31/01/2017,13.14
30/01/2017,13.24
27/01/2017,13.38
26/01/2017,13.4
25/01/2017,13.63
24/01/2017,13.73
23/01/2017,13.84
20/01/2017,13.44
19/01/2017,13.58
18/01/2017,13.63
17/01/2017,13.39
16/01/2017,13.4
13/01/2017,13.53
12/01/2017,13.62
11/01/2017,13.96
10/01/2017,13.84
09/01/2017,13.53
06/01/2017,13.46
05/01/2017,13.48
04/01/2017,13.71
03/01/2017,13.51
02/01/2017,13.04
30/12/2016,13.03
29/12/2016,13.13
28/12/2016,13
27/12/2016,12.99
26/12/2016,12.95
23/12/2016,12.87
22/12/2016,12.7
21/12/2016,12.79
20/12/2016,12.77
19/12/2016,12.55
16/12/2016,12.39
15/12/2016,12.66
14/12/2016,12.55
13/12/2016,12.95
09/12/2016,13.19
08/12/2016,12.97
07/12/2016,12.6
06/12/2016,12.38
05/12/2016,12.36
02/12/2016,12.18
01/12/2016,12.32
30/11/2016,12.52
29/11/2016,12.33
28/11/2016,12.16
25/11/2016,12.1
24/11/2016,12.08
23/11/2016,12.11
22/11/2016,11.95
18/11/2016,11.61
17/11/2016,11.68
16/11/2016,11.95
15/11/2016,11.68
14/11/2016,11.6
11/11/2016,11.57
10/11/2016,11.76
09/11/2016,11.98
08/11/2016,12.41
07/11/2016,12.13
04/11/2016,11.88
03/11/2016,12.19
01/11/2016,12.54
31/10/2016,12.52
28/10/2016,12.46
27/10/2016,11.17
26/10/2016,11.1
25/10/2016,11.2
24/10/2016,11.23
21/10/2016,11.19
20/10/2016,11.12
19/10/2016,11.2
18/10/2016,11.08
17/10/2016,10.93
14/10/2016,11.01
13/10/2016,11.17
12/10/2016,11.33
11/10/2016,11.34
10/10/2016,11.35
07/10/2016,11.24
06/10/2016,11.07
05/10/2016,11.21
04/10/2016,11.06
03/10/2016,11.16
30/09/2016,11.07
29/09/2016,11.15
28/09/2016,11.26
27/09/2016,11.05
26/09/2016,11.19
23/09/2016,11.44
22/09/2016,11.48
21/09/2016,11.21
20/09/2016,11.02
19/09/2016,10.95
15/09/2016,11.17
14/09/2016,11.12
13/09/2016,11.16
12/09/2016,11.09
09/09/2016,10.91
08/09/2016,11.01
07/09/2016,10.85
06/09/2016,10.89
05/09/2016,10.95
02/09/2016,10.93
01/09/2016,11.03
31/08/2016,11.26
30/08/2016,11.16
29/08/2016,11.11
26/08/2016,10.97
25/08/2016,11.06
24/08/2016,10.85
23/08/2016,10.91
22/08/2016,10.98
19/08/2016,11.04
18/08/2016,11.04
17/08/2016,11.13
16/08/2016,11.04
15/08/2016,11.05
12/08/2016,11
11/08/2016,11.23
10/08/2016,11.13
09/08/2016,11.1
08/08/2016,10.86
05/08/2016,10.8
04/08/2016,10.75
03/08/2016,10.82
02/08/2016,10.93
01/08/2016,10.93
29/07/2016,10.78
28/07/2016,11.05
27/07/2016,11.35
26/07/2016,11.53
25/07/2016,11.58
22/07/2016,11.6
21/07/2016,11.86
20/07/2016,11.88
19/07/2016,11.65
18/07/2016,11.63
15/07/2016,11.38
14/07/2016,11.43
13/07/2016,11.19
12/07/2016,11.23
11/07/2016,11.33
08/07/2016,11.32
07/07/2016,11.21
06/07/2016,11.31
05/07/2016,11.47
04/07/2016,11.33
01/07/2016,11.41
30/06/2016,11.22
29/06/2016,11.32
28/06/2016,11
27/06/2016,10.95
24/06/2016,11.02
23/06/2016,11.29
22/06/2016,11.32
21/06/2016,11.29
20/06/2016,11.38
17/06/2016,11.24
16/06/2016,11.24
15/06/2016,11.24
14/06/2016,10.95
13/06/2016,11.04
10/06/2016,11.31
09/06/2016,11.5
08/06/2016,11.77
07/06/2016,11.5
06/06/2016,11.3
03/06/2016,11.35
02/06/2016,11.29
01/06/2016,11.29
31/05/2016,11.29
30/05/2016,11.51
27/05/2016,11.5
26/05/2016,11.53
25/05/2016,11.42
24/05/2016,11.56
23/05/2016,11.5
20/05/2016,11.52
19/05/2016,11.54
18/05/2016,11.71
17/05/2016,11.79
16/05/2016,11.72
13/05/2016,11.66
12/05/2016,11.69
11/05/2016,11.59
10/05/2016,11.82
09/05/2016,11.62
06/05/2016,11.51
05/05/2016,11.59
04/05/2016,11.74
03/05/2016,12.14
02/05/2016,11.93
29/04/2016,12.16
28/04/2016,12.11
27/04/2016,13.64
26/04/2016,13.6
25/04/2016,13.68
22/04/2016,13.62
21/04/2016,13.66
20/04/2016,13.55
19/04/2016,13.61
18/04/2016,13.1
15/04/2016,13.53
14/04/2016,13.66
13/04/2016,13.73
12/04/2016,13.61
11/04/2016,13.33
08/04/2016,13.52
07/04/2016,13.36
06/04/2016,13.47
05/04/2016,13.55
04/04/2016,13.69
01/04/2016,13.65
31/03/2016,13.43
30/03/2016,13.43
29/03/2016,13.41
28/03/2016,13.53
23/03/2016,13.42
22/03/2016,13.16
18/03/2016,13.01
17/03/2016,13.27
16/03/2016,13.14
15/03/2016,12.96
14/03/2016,13.32
11/03/2016,13.46
10/03/2016,13.03
09/03/2016,12.95
08/03/2016,13.36
07/03/2016,13.28
04/03/2016,13.11
03/03/2016,13.04
02/03/2016,12.9
01/03/2016,12.57
29/02/2016,12.34
26/02/2016,12.23
25/02/2016,12.19
24/02/2016,12.01
23/02/2016,12
22/02/2016,12.07
19/02/2016,11.93
18/02/2016,12.23
17/02/2016,12.42
16/02/2016,12.34
15/02/2016,12.43
12/02/2016,12.05
11/02/2016,11.82
10/02/2016,11.85
09/02/2016,12.56
08/02/2016,12.91
05/02/2016,13.02
04/02/2016,13.19
03/02/2016,12.89
02/02/2016,12.69
29/01/2016,12.79
28/01/2016,12.44
27/01/2016,12.36
26/01/2016,12.08
25/01/2016,11.78
22/01/2016,11.97
21/01/2016,11.63
20/01/2016,11.39
19/01/2016,11.32
18/01/2016,11.26
15/01/2016,11.37
14/01/2016,11.72
13/01/2016,11.43
12/01/2016,11.25
11/01/2016,11.16
08/01/2016,10.92
07/01/2016,11.34
06/01/2016,11.74
05/01/2016,11.97
04/01/2016,12.03
31/12/2015,12.12
30/12/2015,12.52
29/12/2015,12.54
28/12/2015,12.24
24/12/2015,12.46
23/12/2015,12.51
22/12/2015,12.49
21/12/2015,12.7
18/12/2015,12.06
17/12/2015,12.39
16/12/2015,12.59
15/12/2015,12.22
14/12/2015,11.98
11/12/2015,11.96
10/12/2015,12.08
09/12/2015,12
08/12/2015,11.96
07/12/2015,12.27
04/12/2015,12.5
03/12/2015,12.67
02/12/2015,12.65
01/12/2015,13.05
30/11/2015,12.75
27/11/2015,13.04
26/11/2015,13.09
25/11/2015,13.11
24/11/2015,13.34
23/11/2015,13.37
20/11/2015,13.41
19/11/2015,13.53
18/11/2015,13.45
17/11/2015,12.9
13/11/2015,12.72
12/11/2015,13.05
11/11/2015,12.98
10/11/2015,12.97
09/11/2015,13.28
06/11/2015,13.55
05/11/2015,13.65
04/11/2015,13.55
03/11/2015,13.81
30/10/2015,14
29/10/2015,13.65
28/10/2015,13.32
27/10/2015,13.4
26/10/2015,13.72
23/10/2015,13.6
22/10/2015,13.49
21/10/2015,13.35
20/10/2015,13.59
19/10/2015,13.83
16/10/2015,13.54
15/10/2015,13.55
14/10/2015,13.47
13/10/2015,13.78
12/10/2015,13.76
09/10/2015,13.95
08/10/2015,14.02
07/10/2015,13.96
06/10/2015,13.95
05/10/2015,14.09
02/10/2015,13.47
01/10/2015,13.52
30/09/2015,13.31
29/09/2015,13.35
28/09/2015,13.4
25/09/2015,13.56
24/09/2015,13.59
23/09/2015,13.73
22/09/2015,13.96
21/09/2015,14.3
18/09/2015,14.11
17/09/2015,14.28
15/09/2015,14.27
14/09/2015,14.3
11/09/2015,14.01
10/09/2015,14.11
09/09/2015,14.28
08/09/2015,14.41
07/09/2015,14.2
04/09/2015,14.17
03/09/2015,14.35
02/09/2015,14.35
01/09/2015,14.32
31/08/2015,14.49
28/08/2015,14.63
27/08/2015,14.77
26/08/2015,14.24
25/08/2015,14.3
24/08/2015,14.15
21/08/2015,14.28
20/08/2015,14.5
19/08/2015,14.77
18/08/2015,14.73
17/08/2015,14.68
14/08/2015,14.39
13/08/2015,14.31
12/08/2015,14.57
11/08/2015,14.73
10/08/2015,15.07
07/08/2015,14.86
06/08/2015,15.04
05/08/2015,15.06
04/08/2015,15.18
03/08/2015,14.95
31/07/2015,14.87
30/07/2015,14.49
29/07/2015,14.58
28/07/2015,14.67
27/07/2015,14.42
24/07/2015,14.67
23/07/2015,14.96
22/07/2015,15.05
21/07/2015,15.29
20/07/2015,15.57
17/07/2015,15.41
16/07/2015,15.61
15/07/2015,15.48
14/07/2015,15.72
13/07/2015,15.67
10/07/2015,15.48
09/07/2015,15.41
08/07/2015,15.48
07/07/2015,15.86
06/07/2015,15.53
03/07/2015,15.66
02/07/2015,15.69
01/07/2015,15.57
30/06/2015,15.91
29/06/2015,15.74
26/06/2015,15.85
25/06/2015,15.85
24/06/2015,15.7
23/06/2015,15.68
22/06/2015,15.59
19/06/2015,15.37
18/06/2015,15.47
17/06/2015,15.05
16/06/2015,15
15/06/2015,14.93
12/06/2015,15.03
11/06/2015,14.94
10/06/2015,15.1
09/06/2015,14.91
08/06/2015,15.14
05/06/2015,15.18
04/06/2015,15.24
03/06/2015,15.53
02/06/2015,15.58
01/06/2015,15.6
29/05/2015,15.38
28/05/2015,15.39
27/05/2015,15.23
26/05/2015,15.05
25/05/2015,14.99
22/05/2015,14.84
21/05/2015,14.91
20/05/2015,15.07
19/05/2015,14.85
18/05/2015,14.89
15/05/2015,15.01
14/05/2015,14.96
13/05/2015,14.7
12/05/2015,14.76
11/05/2015,14.92
08/05/2015,14.97
07/05/2015,15.05
06/05/2015,14.99
05/05/2015,15.15
04/05/2015,15.34
30/04/2015,15.29
29/04/2015,15.58
28/04/2015,15.8
27/04/2015,16.1
24/04/2015,16.11
23/04/2015,16.25
22/04/2015,16.05
21/04/2015,16.1
20/04/2015,16.06
17/04/2015,16.01
16/04/2015,16.02
15/04/2015,15.79
14/04/2015,15.49
13/04/2015,15.48
10/04/2015,15.38
09/04/2015,15.16
08/04/2015,15.01
07/04/2015,15.2
06/04/2015,15.46
01/04/2015,15.4
31/03/2015,14.86
30/03/2015,15
27/03/2015,14.83
26/03/2015,14.78
25/03/2015,14.85
24/03/2015,14.98
23/03/2015,14.94
20/03/2015,14.92
19/03/2015,14.93
18/03/2015,15.26
17/03/2015,14.43
13/03/2015,14.5
12/03/2015,14.48
11/03/2015,14.43
10/03/2015,14.53
09/03/2015,14.67
06/03/2015,14.65
05/03/2015,14.64
04/03/2015,14.83
03/03/2015,14.89
02/03/2015,15.01
27/02/2015,15.19
26/02/2015,15.39
25/02/2015,15.19
24/02/2015,15.17
23/02/2015,15.18
20/02/2015,15.51
19/02/2015,15.53
18/02/2015,15.52
17/02/2015,15.47
16/02/2015,15.49
13/02/2015,15.54
12/02/2015,15.37
11/02/2015,14.76
10/02/2015,15.34
09/02/2015,15.36
06/02/2015,15.36
05/02/2015,15.33
04/02/2015,15.22
03/02/2015,15.22
30/01/2015,15.22
29/01/2015,15.46
28/01/2015,15.54
27/01/2015,15.8
26/01/2015,15.98
23/01/2015,16.37
22/01/2015,16.44
21/01/2015,16.25
20/01/2015,16.05
19/01/2015,15.76
16/01/2015,15.75
15/01/2015,15.78
14/01/2015,15.61
13/01/2015,15.57
12/01/2015,15.66
09/01/2015,15.79
08/01/2015,15.6
07/01/2015,15.3
06/01/2015,15.13
05/01/2015,15.21
02/01/2015,15.38
31/12/2014,15.57
30/12/2014,15.48
29/12/2014,15.62
26/12/2014,15.57
24/12/2014,15.42
23/12/2014,15.47
22/12/2014,15.26
19/12/2014,14.99
18/12/2014,15.1
17/12/2014,14.69
16/12/2014,14.29
15/12/2014,14.39
11/12/2014,15.13
10/12/2014,14.76
09/12/2014,14.99
08/12/2014,15.26
05/12/2014,15.3
04/12/2014,15.15
03/12/2014,15.23
02/12/2014,15.24
01/12/2014,15.44
28/11/2014,15.57
27/11/2014,15.73
26/11/2014,15.65
25/11/2014,15.68
24/11/2014,15.73
21/11/2014,15.61
20/11/2014,15.23
19/11/2014,15.29
18/11/2014,15.17
14/11/2014,14.94
13/11/2014,14.99
12/11/2014,14.72
11/11/2014,15.1
10/11/2014,15.3
07/11/2014,15.49
06/11/2014,15.58
05/11/2014,15.61
04/11/2014,15.62
03/11/2014,15.76
31/10/2014,15.6
30/10/2014,15.35
29/10/2014,15.32
28/10/2014,15.22
27/10/2014,15.29
24/10/2014,15.21
23/10/2014,15.32
22/10/2014,15.33
21/10/2014,15.54
20/10/2014,15.42
17/10/2014,15.46
16/10/2014,15.34
15/10/2014,15.4
14/10/2014,15.59
13/10/2014,15.43
10/10/2014,15.46
09/10/2014,15.75
08/10/2014,15.8
07/10/2014,15.92
06/10/2014,15.98
03/10/2014,15.93
02/10/2014,15.8
01/10/2014,15.73
30/09/2014,16.1
29/09/2014,15.94
26/09/2014,16.13
25/09/2014,15.98
24/09/2014,15.99
23/09/2014,15.99
22/09/2014,16.34
19/09/2014,16.25
18/09/2014,16.62
17/09/2014,16.59
15/09/2014,16.49
12/09/2014,16.2
11/09/2014,16.05
10/09/2014,16.14
09/09/2014,16.3
08/09/2014,16.51
05/09/2014,16.3
04/09/2014,16.17
03/09/2014,15.72
02/09/2014,15.56
01/09/2014,15.22
29/08/2014,15.18
28/08/2014,15.06
27/08/2014,15.05
26/08/2014,14.93
25/08/2014,14.94
22/08/2014,14.91
21/08/2014,15.04
20/08/2014,14.83
19/08/2014,14.67
18/08/2014,14.74
15/08/2014,14.68
14/08/2014,14.68
13/08/2014,14.72
12/08/2014,14.74
11/08/2014,14.73
08/08/2014,14.46
07/08/2014,14.24
06/08/2014,14.63
05/08/2014,14.63
04/08/2014,14.87
01/08/2014,14.66
31/07/2014,14.8
30/07/2014,14.87
29/07/2014,14.85
28/07/2014,14.86
25/07/2014,14.74
24/07/2014,14.72
23/07/2014,14.62
22/07/2014,14.6
21/07/2014,14.3
18/07/2014,14.68
17/07/2014,14.73
16/07/2014,14.76
15/07/2014,14.57
14/07/2014,14.3
11/07/2014,14.16
10/07/2014,13.86
09/07/2014,13.98
08/07/2014,12.79
07/07/2014,12.81
04/07/2014,12.75
03/07/2014,12.85
02/07/2014,12.81
01/07/2014,12.8
30/06/2014,12.77
27/06/2014,12.62
26/06/2014,12.18
25/06/2014,12.26
24/06/2014,12.24
23/06/2014,12.09
20/06/2014,12.08
19/06/2014,12.12
18/06/2014,12.11
17/06/2014,12.23
16/06/2014,12.24
13/06/2014,12.33
12/06/2014,12.3
11/06/2014,12.49
10/06/2014,12.53
09/06/2014,12.57
06/06/2014,12.49
05/06/2014,12.23
04/06/2014,11.96
03/06/2014,12.09
02/06/2014,11.98
30/05/2014,11.8
29/05/2014,12.11
28/05/2014,12.2
27/05/2014,12.14
26/05/2014,12.23
23/05/2014,12.16
22/05/2014,12.38
21/05/2014,12.38
20/05/2014,12.27
19/05/2014,12.05
16/05/2014,12.55
15/05/2014,12.4
14/05/2014,12.57
13/05/2014,12.5
12/05/2014,12.48
09/05/2014,12.27
08/05/2014,12.41
07/05/2014,12.49
06/05/2014,12.64
05/05/2014,12.54
02/05/2014,12.45
30/04/2014,12.49
29/04/2014,12.54
28/04/2014,12.34
25/04/2014,12.36
24/04/2014,12.29
23/04/2014,12.24
22/04/2014,12.19
21/04/2014,12.06
16/04/2014,12.24
15/04/2014,12.4
14/04/2014,12.48
11/04/2014,12.39
10/04/2014,12.42
09/04/2014,12.68
08/04/2014,12.68
07/04/2014,12.82
04/04/2014,12.82
03/04/2014,12.83
02/04/2014,12.76
01/04/2014,12.61
31/03/2014,12.28
28/03/2014,12.01
27/03/2014,12.06
26/03/2014,12.24
25/03/2014,12.43
24/03/2014,12.94
21/03/2014,12.71
20/03/2014,12.64
19/03/2014,12.44
18/03/2014,12.51
14/03/2014,12.45
13/03/2014,12.43
12/03/2014,12.73
11/03/2014,12.53
10/03/2014,12.33
07/03/2014,12.28
06/03/2014,12.09
05/03/2014,12.06
04/03/2014,12.1
03/03/2014,12.29
28/02/2014,12.19
27/02/2014,12.46
26/02/2014,12.32
25/02/2014,12.41
24/02/2014,12.49
21/02/2014,12.66
20/02/2014,12.67
19/02/2014,12.94
18/02/2014,13.11
17/02/2014,13.37
14/02/2014,13.37
13/02/2014,13.28
12/02/2014,13.42
11/02/2014,13.59
10/02/2014,13.26
07/02/2014,13.47
06/02/2014,13.3
05/02/2014,13.07
04/02/2014,13.37
31/01/2014,13.55
30/01/2014,13.63
29/01/2014,13.4
28/01/2014,13.42
27/01/2014,13.52
24/01/2014,13.53
23/01/2014,13.74
22/01/2014,13.88
21/01/2014,13.67
20/01/2014,13.69
17/01/2014,13.71
16/01/2014,13.83
15/01/2014,13.95
14/01/2014,13.72
13/01/2014,13.55
10/01/2014,13.65
09/01/2014,13.58
08/01/2014,13.72
07/01/2014,13.93
06/01/2014,14.03
03/01/2014,14.14
02/01/2014,14.13
31/12/2013,14.45
30/12/2013,14.57
27/12/2013,14.49
26/12/2013,14.29
24/12/2013,14.24
23/12/2013,14.22
20/12/2013,13.93
19/12/2013,13.92
18/12/2013,13.9
17/12/2013,13.6
16/12/2013,13.83
13/12/2013,13.66
11/12/2013,13.83
10/12/2013,13.81
09/12/2013,13.83
06/12/2013,13.67
05/12/2013,13.81
04/12/2013,14.05
03/12/2013,14.25
02/12/2013,14.3
29/11/2013,14.44
28/11/2013,14.43
27/11/2013,14.41
26/11/2013,13.94
25/11/2013,14.05
22/11/2013,14.32
21/11/2013,14.13
20/11/2013,13.93
19/11/2013,13.66
15/11/2013,13.57
14/11/2013,13.26
13/11/2013,13.07
12/11/2013,13.08
11/11/2013,13.13
08/11/2013,13.1
07/11/2013,13.25
06/11/2013,13.36
05/11/2013,13.26
04/11/2013,13.43
01/11/2013,13.37
31/10/2013,13.29
30/10/2013,13.27
29/10/2013,13.28
28/10/2013,13.17
25/10/2013,12.97
24/10/2013,12.89
23/10/2013,13.03
22/10/2013,13.17
21/10/2013,13.23
18/10/2013,13.11
17/10/2013,13.15
16/10/2013,13.31
15/10/2013,12.9
14/10/2013,13.08
11/10/2013,13
10/10/2013,12.67
09/10/2013,12.41
08/10/2013,12.27
07/10/2013,12.53
04/10/2013,12.69
03/10/2013,12.65
02/10/2013,12.72
01/10/2013,12.75
30/09/2013,12.34
27/09/2013,12.53
26/09/2013,12.6
25/09/2013,12.67
24/09/2013,12.51
23/09/2013,12.46
20/09/2013,12.22
19/09/2013,12.36
18/09/2013,12.71
17/09/2013,12.68
13/09/2013,12.55
12/09/2013,12.44
11/09/2013,12.62
10/09/2013,12.56
09/09/2013,12.34
06/09/2013,12.09
05/09/2013,12.31
04/09/2013,12.28
03/09/2013,12.25
02/09/2013,12.29
30/08/2013,12.21
29/08/2013,12.16
28/08/2013,12.18
27/08/2013,12.29
26/08/2013,12.35
23/08/2013,12.38
22/08/2013,12.51
21/08/2013,12.59
20/08/2013,12.61
19/08/2013,12.25
16/08/2013,12.61
15/08/2013,12.6
14/08/2013,12.54
13/08/2013,12.54
12/08/2013,12.52
09/08/2013,12.62
08/08/2013,13.37
07/08/2013,13.17
06/08/2013,12.89
05/08/2013,12.82
02/08/2013,12.66
01/08/2013,12.92
31/07/2013,12.76
30/07/2013,12.55
29/07/2013,12.66
26/07/2013,13.09
25/07/2013,12.54
24/07/2013,12.6
23/07/2013,12.69
22/07/2013,12.58
19/07/2013,12.41
18/07/2013,12.63
17/07/2013,12.47
16/07/2013,12.56
15/07/2013,12.98
12/07/2013,13.04
11/07/2013,12.99
10/07/2013,12.98
09/07/2013,12.96
08/07/2013,12.83
05/07/2013,13.09
04/07/2013,13.27
03/07/2013,13.19
02/07/2013,13.41
01/07/2013,13.55
28/06/2013,13.41
27/06/2013,12.99
26/06/2013,12.55
25/06/2013,12.19
24/06/2013,11.97
21/06/2013,11.96
20/06/2013,11.88
19/06/2013,12.22
18/06/2013,12.31
17/06/2013,12.2
14/06/2013,12.12
13/06/2013,12.08
12/06/2013,12.21
11/06/2013,12.17
10/06/2013,12.35
07/06/2013,12.22
06/06/2013,12.17
05/06/2013,11.92
04/06/2013,11.91
03/06/2013,11.92
31/05/2013,12.2
30/05/2013,12.13
29/05/2013,11.94
28/05/2013,12.1
27/05/2013,11.75
24/05/2013,11.9
23/05/2013,11.9
22/05/2013,11.94
21/05/2013,11.93
20/05/2013,12.07
17/05/2013,12.1
16/05/2013,12.14
15/05/2013,12.14
14/05/2013,12.06
13/05/2013,12.2
10/05/2013,12.13
09/05/2013,12.14
08/05/2013,12.39
07/05/2013,12.4
06/05/2013,12.47
03/05/2013,12.58
02/05/2013,12.29
30/04/2013,12.41
29/04/2013,12.02
26/04/2013,11.95
25/04/2013,12.19
24/04/2013,12.3
23/04/2013,12.23
22/04/2013,12.07
19/04/2013,11.81
18/04/2013,11.86
17/04/2013,11.62
16/04/2013,11.96
15/04/2013,11.84
12/04/2013,12.07
11/04/2013,12.21
10/04/2013,12.2
09/04/2013,12.14
08/04/2013,11.92
05/04/2013,11.71
04/04/2013,11.84
03/04/2013,11.88
02/04/2013,12.1
01/04/2013,12.29
27/03/2013,12.43
26/03/2013,12.43
25/03/2013,12.2
22/03/2013,11.94
21/03/2013,11.72
20/03/2013,11.24
19/03/2013,11.18
15/03/2013,11.01
14/03/2013,11.5
13/03/2013,11.23
12/03/2013,12.18
11/03/2013,12.48
08/03/2013,12.91
07/03/2013,12.63
06/03/2013,12.71
05/03/2013,12.6
04/03/2013,12.59
01/03/2013,12.64
28/02/2013,12.69
27/02/2013,12.71
26/02/2013,12.92
25/02/2013,12.94
22/02/2013,13.24
21/02/2013,13.41
20/02/2013,13.41
19/02/2013,13.73
18/02/2013,13.57
15/02/2013,13.55
14/02/2013,13.28
13/02/2013,13.45
12/02/2013,15.03
11/02/2013,15.15
08/02/2013,15.18
07/02/2013,15.05
06/02/2013,15.05
05/02/2013,15.06
01/02/2013,15.37
31/01/2013,15.16
30/01/2013,15.16
29/01/2013,15.16
28/01/2013,15.14
25/01/2013,15.14
24/01/2013,15.02
23/01/2013,14.99
22/01/2013,14.95
21/01/2013,14.78
18/01/2013,14.77
17/01/2013,14.72
16/01/2013,14.85
15/01/2013,14.85
14/01/2013,14.78
11/01/2013,14.75
10/01/2013,14.78
09/01/2013,14.73
08/01/2013,14.79
07/01/2013,14.77
04/01/2013,14.69
03/01/2013,14.3
02/01/2013,14.15
31/12/2012,14.14
28/12/2012,14.24
27/12/2012,14.11
26/12/2012,14.14
24/12/2012,14.1
21/12/2012,14.26
20/12/2012,14.08
19/12/2012,14.19
18/12/2012,14.3
17/12/2012,14.3
14/12/2012,14.4
13/12/2012,14.54
11/12/2012,14.46
10/12/2012,14.32
07/12/2012,14.07
06/12/2012,14.09
05/12/2012,14.06
04/12/2012,14.35
03/12/2012,14.47
30/11/2012,14.5
29/11/2012,14.67
28/11/2012,14.58
27/11/2012,14.61
26/11/2012,14.72
23/11/2012,14.88
22/11/2012,14.95
21/11/2012,14.69
20/11/2012,14.54
16/11/2012,14.6
15/11/2012,14.62
14/11/2012,14.67
13/11/2012,14.8
12/11/2012,14.88
09/11/2012,14.93
08/11/2012,15.04
07/11/2012,15.23
06/11/2012,15.63
05/11/2012,15.77
01/11/2012,15.72
31/10/2012,15.79
30/10/2012,15.75
29/10/2012,15.8
26/10/2012,15.85
25/10/2012,15.76
24/10/2012,16.08
23/10/2012,16
22/10/2012,15.99
19/10/2012,16.09
18/10/2012,16.15
17/10/2012,15.96
16/10/2012,16.02
15/10/2012,15.96
12/10/2012,15.79
11/10/2012,15.86
10/10/2012,15.83
09/10/2012,15.88
08/10/2012,15.91
05/10/2012,16.03
04/10/2012,15.69
03/10/2012,15.58
02/10/2012,15.71
01/10/2012,15.64
28/09/2012,15.61
27/09/2012,15.75
26/09/2012,15.61
25/09/2012,15.41
24/09/2012,15.62
21/09/2012,15.48
20/09/2012,15.35
19/09/2012,15.66
18/09/2012,15.61
17/09/2012,15.43
14/09/2012,15.6
13/09/2012,15.62
12/09/2012,15.65
11/09/2012,15.64
10/09/2012,15.66
07/09/2012,15.96
06/09/2012,16.03
05/09/2012,15.94
04/09/2012,15.96
03/09/2012,16.16
31/08/2012,16.08
30/08/2012,15.98
29/08/2012,16.01
28/08/2012,16.06
27/08/2012,15.94
24/08/2012,15.98
23/08/2012,15.69
22/08/2012,15.78
21/08/2012,16.06
20/08/2012,16.3
17/08/2012,16.35
16/08/2012,16.48
15/08/2012,16.5
14/08/2012,16.21
13/08/2012,15.97
10/08/2012,16.27
09/08/2012,16.22
08/08/2012,16.39
07/08/2012,16.47
06/08/2012,16.49
03/08/2012,16.57
02/08/2012,16.7
01/08/2012,16.75
31/07/2012,16.88
30/07/2012,16.93
27/07/2012,17.08
26/07/2012,17.11
25/07/2012,16.76
24/07/2012,16.92
23/07/2012,17.18
20/07/2012,16.96
19/07/2012,16.92
18/07/2012,17.03
17/07/2012,17.21
16/07/2012,16.92
13/07/2012,16.78
12/07/2012,16.64
11/07/2012,16.63
10/07/2012,16.43
09/07/2012,16.65
06/07/2012,16.37
05/07/2012,16.43
04/07/2012,16.66
03/07/2012,16.64
02/07/2012,16.57
29/06/2012,16.51
28/06/2012,16.36
27/06/2012,16.34
26/06/2012,16.33
25/06/2012,16.43
22/06/2012,16.56
21/06/2012,16.56
20/06/2012,16.62
19/06/2012,16.57
18/06/2012,16.29
15/06/2012,15.92
14/06/2012,15.96
13/06/2012,16.06
12/06/2012,16.05
11/06/2012,15.7
08/06/2012,15.62
07/06/2012,15.63
06/06/2012,15.7
05/06/2012,15.58
04/06/2012,15.64
01/06/2012,15.42
31/05/2012,15.97
30/05/2012,16.12
29/05/2012,16.11
28/05/2012,15.94
25/05/2012,15.91
24/05/2012,15.97
23/05/2012,15.84
22/05/2012,15.8
21/05/2012,15.63
18/05/2012,15.53
17/05/2012,15.9
16/05/2012,15.93
15/05/2012,16.11
14/05/2012,16.07
11/05/2012,16.24
10/05/2012,16.27
09/05/2012,16.33
08/05/2012,16.26
07/05/2012,17.71
04/05/2012,16.89
03/05/2012,16.97
02/05/2012,16.73
30/04/2012,16.49
27/04/2012,16.12
26/04/2012,15.77
25/04/2012,15.75
24/04/2012,15.8
23/04/2012,15.63
20/04/2012,15.19
19/04/2012,15.09
18/04/2012,15.1
17/04/2012,15.09
16/04/2012,14.91
13/04/2012,14.94
12/04/2012,14.99
11/04/2012,14.65
10/04/2012,14.67
09/04/2012,14.75
04/04/2012,14.79
03/04/2012,15
02/04/2012,15.03
30/03/2012,15.12
29/03/2012,15
28/03/2012,14.93
27/03/2012,14.86
26/03/2012,14.84
23/03/2012,14.55
22/03/2012,14.52
21/03/2012,14.54
20/03/2012,14.38
16/03/2012,14.6
15/03/2012,14.31
14/03/2012,14.18
13/03/2012,14.34
12/03/2012,14.05
09/03/2012,14.18
08/03/2012,14.34
07/03/2012,14.37
06/03/2012,14.38
05/03/2012,14.51
02/03/2012,14.56
01/03/2012,14.66
29/02/2012,14.67
28/02/2012,14.6
27/02/2012,14.24
24/02/2012,14.5
23/02/2012,14.53
22/02/2012,14.19
21/02/2012,14.26
20/02/2012,14.47
17/02/2012,14.24
16/02/2012,14.29
15/02/2012,14.22
14/02/2012,14.25
13/02/2012,14.32
10/02/2012,14.51
09/02/2012,14.77
08/02/2012,14.75
07/02/2012,14.72
03/02/2012,14.81
02/02/2012,14.49
01/02/2012,14.53
31/01/2012,14.37
30/01/2012,14.5
27/01/2012,14.49
26/01/2012,14.57
25/01/2012,14.6
24/01/2012,14.39
23/01/2012,14.53
20/01/2012,14.66
19/01/2012,14.89
18/01/2012,14.63
17/01/2012,14.35
16/01/2012,14.52
13/01/2012,14.36
12/01/2012,14.67
11/01/2012,14.71
10/01/2012,14.66
09/01/2012,14.65
06/01/2012,14.7
05/01/2012,14.67
04/01/2012,15
03/01/2012,15.08
02/01/2012,15.19
30/12/2011,15.02
29/12/2011,15.07
28/12/2011,14.79
27/12/2011,15.02
26/12/2011,15.03
23/12/2011,14.97
22/12/2011,14.96
21/12/2011,14.66
20/12/2011,14.56
19/12/2011,14.31
16/12/2011,14.67
15/12/2011,14.67
14/12/2011,14.7
13/12/2011,14.77
09/12/2011,14.79
08/12/2011,14.82
07/12/2011,15.16
06/12/2011,15.39
05/12/2011,15.47
02/12/2011,15.43
01/12/2011,15.23
30/11/2011,15.36
29/11/2011,15.35
28/11/2011,15.22
25/11/2011,14.84
24/11/2011,15.34
23/11/2011,15.39
22/11/2011,15.48
18/11/2011,15.82
17/11/2011,15.77
16/11/2011,16.02
15/11/2011,16.44
14/11/2011,16.6
11/11/2011,16.64
10/11/2011,16.35
09/11/2011,16.3
08/11/2011,16.42
07/11/2011,16.43
04/11/2011,16.35
03/11/2011,16.19
01/11/2011,15.94
31/10/2011,16.15
28/10/2011,16.32
27/10/2011,16.07
26/10/2011,15.67
25/10/2011,15.43
24/10/2011,15.35
21/10/2011,15.48
20/10/2011,14.98
19/10/2011,14.94
18/10/2011,15.11
17/10/2011,14.71
14/10/2011,15
13/10/2011,14.91
12/10/2011,14.82
11/10/2011,14.46
10/10/2011,14.15
07/10/2011,13.79
06/10/2011,13.84
05/10/2011,13.97
04/10/2011,14.24
03/10/2011,14.39
30/09/2011,14.53
29/09/2011,14.62
28/09/2011,14.44
27/09/2011,14.57
26/09/2011,14.45
23/09/2011,14.1
22/09/2011,13.99
21/09/2011,14.72
20/09/2011,14.74
19/09/2011,15.06
15/09/2011,14.99
14/09/2011,14.72
13/09/2011,14.25
12/09/2011,14.25
09/09/2011,14.12
08/09/2011,14.49
07/09/2011,14.66
06/09/2011,14.45
05/09/2011,14.04
02/09/2011,14.66
01/09/2011,14.98
31/08/2011,15
30/08/2011,14.44
29/08/2011,14.35
26/08/2011,14.05
25/08/2011,13.98
24/08/2011,14.18
23/08/2011,14.11
22/08/2011,13.92
19/08/2011,13.65
18/08/2011,13.67
17/08/2011,14.14
16/08/2011,13.96
15/08/2011,13.94
12/08/2011,13.84
11/08/2011,13.94
10/08/2011,13.35
09/08/2011,13.15
08/08/2011,12.98
05/08/2011,13.5
04/08/2011,13.36
03/08/2011,13.69
02/08/2011,13.84
01/08/2011,14.08
29/07/2011,14.35
28/07/2011,14.46
27/07/2011,14.31
26/07/2011,14.3
25/07/2011,14.3
22/07/2011,14.39
21/07/2011,14.06
20/07/2011,14.05
19/07/2011,14.26
18/07/2011,14.48
15/07/2011,14.58
14/07/2011,14.63
13/07/2011,14.54
12/07/2011,14.52
11/07/2011,14.66
08/07/2011,14.62
07/07/2011,14.68
06/07/2011,14.76
05/07/2011,14.92
04/07/2011,15.05
01/07/2011,14.98
30/06/2011,15
29/06/2011,14.98
28/06/2011,14.69
27/06/2011,14.52
24/06/2011,14.4
23/06/2011,14.39
22/06/2011,14.37
21/06/2011,14.16
20/06/2011,14.13
17/06/2011,14.08
16/06/2011,14.01
15/06/2011,14.02
14/06/2011,13.98
13/06/2011,13.8
10/06/2011,13.61
09/06/2011,13.71
08/06/2011,13.64
07/06/2011,13.66
06/06/2011,13.46
03/06/2011,13.64
02/06/2011,14.21
01/06/2011,14.41
31/05/2011,14.47
30/05/2011,14.5
27/05/2011,14.45
26/05/2011,14.46
25/05/2011,14.35
24/05/2011,14.39
23/05/2011,14.21
20/05/2011,14.12
19/05/2011,13.83
18/05/2011,13.93
17/05/2011,13.79
16/05/2011,14.03
13/05/2011,14.17
12/05/2011,14.13
11/05/2011,14.47
10/05/2011,14.46
09/05/2011,14.36
06/05/2011,14.3
05/05/2011,14.58
04/05/2011,14.55
03/05/2011,14.95
02/05/2011,15.46
29/04/2011,15.66
28/04/2011,15.45
27/04/2011,15.55
26/04/2011,15.53
25/04/2011,15.54
20/04/2011,15.63
19/04/2011,15.58
18/04/2011,15.82
15/04/2011,16.13
14/04/2011,16.1
13/04/2011,16.27
12/04/2011,16.33
11/04/2011,16.37
08/04/2011,16.28
07/04/2011,16.43
06/04/2011,16.53
05/04/2011,16.5
04/04/2011,16.5
01/04/2011,16.53
31/03/2011,16.38
30/03/2011,16.25
29/03/2011,16.08
28/03/2011,16.04
25/03/2011,16
24/03/2011,15.99
23/03/2011,15.87
22/03/2011,15.57
18/03/2011,15.34
17/03/2011,15.55
16/03/2011,15.64
15/03/2011,15.54
14/03/2011,15.71
11/03/2011,15.59
10/03/2011,15.48
09/03/2011,15.75
08/03/2011,15.92
07/03/2011,15.95
04/03/2011,16.07
03/03/2011,16.19
02/03/2011,16.2
01/03/2011,16.24
28/02/2011,16.46
25/02/2011,16.21
24/02/2011,15.99
23/02/2011,16
22/02/2011,16.18
21/02/2011,16.26
18/02/2011,16.45
17/02/2011,16.29
16/02/2011,16.21
15/02/2011,16.22
14/02/2011,16.16
11/02/2011,16.21
10/02/2011,16.16
09/02/2011,16.12
08/02/2011,16.39
04/02/2011,16.39
03/02/2011,16.67
02/02/2011,16.72
01/02/2011,16.68
31/01/2011,16.4
28/01/2011,16.25
27/01/2011,16.39
26/01/2011,16.54
25/01/2011,16.62
24/01/2011,16.82
21/01/2011,16.7
20/01/2011,16.77
19/01/2011,16.82
18/01/2011,16.88
17/01/2011,16.73
14/01/2011,16.66
13/01/2011,16.71
12/01/2011,16.61
11/01/2011,16.92
10/01/2011,17.1
07/01/2011,17.17
06/01/2011,17.1
05/01/2011,17.08
04/01/2011,16.89
03/01/2011,16.85
31/12/2010,16.83
30/12/2010,16.69
29/12/2010,16.67
28/12/2010,16.71
27/12/2010,16.58
24/12/2010,16.62
23/12/2010,16.63
22/12/2010,16.6
21/12/2010,16.7
20/12/2010,16.65
17/12/2010,16.7
16/12/2010,16.61
15/12/2010,16.63
14/12/2010,16.82
13/12/2010,16.79
10/12/2010,16.79
09/12/2010,16.62
08/12/2010,16.78
07/12/2010,16.91
06/12/2010,16.89
03/12/2010,16.78
02/12/2010,16.9
01/12/2010,16.94
30/11/2010,16.74
29/11/2010,16.77
26/11/2010,16.88
25/11/2010,16.89
24/11/2010,16.93
23/11/2010,16.64
22/11/2010,16.86
19/11/2010,16.9
18/11/2010,16.86
17/11/2010,16.64
16/11/2010,16.55
12/11/2010,16.75
11/11/2010,16.69
10/11/2010,16.72
09/11/2010,16.78
08/11/2010,17.17
05/11/2010,17.23
04/11/2010,17.13
03/11/2010,16.87
01/11/2010,16.89
29/10/2010,16.8
28/10/2010,16.82
27/10/2010,16.84
26/10/2010,17.11
25/10/2010,17.1
22/10/2010,16.87
21/10/2010,16.81
20/10/2010,16.77
19/10/2010,16.51
18/10/2010,16.72
15/10/2010,16.64
14/10/2010,16.59
13/10/2010,16.57
12/10/2010,16.36
11/10/2010,16.47
08/10/2010,16.38
07/10/2010,16.27
06/10/2010,16.28
05/10/2010,16.07
04/10/2010,16.23
01/10/2010,16.12
30/09/2010,15.93
29/09/2010,15.74
28/09/2010,15.76
27/09/2010,15.7
24/09/2010,15.79
23/09/2010,15.68
22/09/2010,15.62
21/09/2010,15.61
20/09/2010,15.49
15/09/2010,15.21
14/09/2010,15.2
13/09/2010,15.22
10/09/2010,15.03
09/09/2010,15.1
08/09/2010,15.11
07/09/2010,15.2
06/09/2010,15.22
03/09/2010,15.18
02/09/2010,15.15
01/09/2010,15.08
31/08/2010,14.63
30/08/2010,14.43
27/08/2010,14.63
26/08/2010,14.36
25/08/2010,14.47
24/08/2010,14.53
23/08/2010,15.03
20/08/2010,15.03
19/08/2010,14.92
18/08/2010,15
17/08/2010,15.11
16/08/2010,15.02
13/08/2010,15
12/08/2010,14.83
11/08/2010,14.82
10/08/2010,15.11
09/08/2010,15.25
06/08/2010,15.31
05/08/2010,15.32
04/08/2010,15.33
03/08/2010,15.28
02/08/2010,15.24
30/07/2010,14.87
29/07/2010,15.16
28/07/2010,15.34
27/07/2010,15.36
26/07/2010,15.51
23/07/2010,15.42
22/07/2010,15.47
21/07/2010,14.95
20/07/2010,14.87
19/07/2010,14.77
16/07/2010,14.75
15/07/2010,15.06
14/07/2010,15.03
13/07/2010,14.99
12/07/2010,14.8
09/07/2010,14.96
08/07/2010,14.98
07/07/2010,15.12
06/07/2010,14.86
05/07/2010,14.82
02/07/2010,14.88
01/07/2010,14.73
30/06/2010,14.61
29/06/2010,14.77
28/06/2010,15.39
25/06/2010,15.4
24/06/2010,15.2
23/06/2010,15.34
22/06/2010,14.96
21/06/2010,15.12
18/06/2010,15.07
17/06/2010,15.15
16/06/2010,15.11
15/06/2010,15.01
14/06/2010,14.74
11/06/2010,14.79
10/06/2010,14.85
09/06/2010,14.74
08/06/2010,14.75
07/06/2010,14.65
04/06/2010,14.64
03/06/2010,14.72
02/06/2010,14.74
01/06/2010,14.69
31/05/2010,15.02
28/05/2010,14.57
27/05/2010,14.67
26/05/2010,14.45
25/05/2010,14.32
24/05/2010,14.38
21/05/2010,14.28
20/05/2010,14.28
19/05/2010,14.56
18/05/2010,14.57
17/05/2010,14.65
14/05/2010,14.69
13/05/2010,14.84
12/05/2010,14.9
11/05/2010,14.84
10/05/2010,14.91
07/05/2010,14.65
06/05/2010,14.67
05/05/2010,15.02
04/05/2010,15
03/05/2010,15.19
30/04/2010,15.08
29/04/2010,14.8
28/04/2010,14.79
27/04/2010,14.67
26/04/2010,14.87
23/04/2010,14.9
22/04/2010,14.83
21/04/2010,14.65
20/04/2010,14.85
19/04/2010,14.84
16/04/2010,15.04
15/04/2010,15.13
14/04/2010,15
13/04/2010,14.87
12/04/2010,14.83
09/04/2010,14.8
08/04/2010,14.59
07/04/2010,14.86
06/04/2010,15.03
05/04/2010,15.02
31/03/2010,14.77
30/03/2010,14.95
29/03/2010,14.94
26/03/2010,14.75
25/03/2010,14.71
24/03/2010,14.74
23/03/2010,14.77
22/03/2010,14.69
19/03/2010,14.64
18/03/2010,14.63
17/03/2010,14.54
16/03/2010,14.44
12/03/2010,14.24
11/03/2010,14.29
10/03/2010,14.28
09/03/2010,14.17
08/03/2010,14.15
05/03/2010,14.05
04/03/2010,13.86
03/03/2010,13.85
02/03/2010,13.57
01/03/2010,13.44
26/02/2010,13.52
25/02/2010,13.5
24/02/2010,13.56
23/02/2010,13.57
22/02/2010,13.63
19/02/2010,13.81
18/02/2010,13.93
17/02/2010,14.03
16/02/2010,14.02
15/02/2010,13.76
12/02/2010,13.68
11/02/2010,13.74
10/02/2010,13.54
09/02/2010,13.7
08/02/2010,13.64
05/02/2010,13.84
04/02/2010,13.84
03/02/2010,14.16
02/02/2010,13.79
29/01/2010,13.58
28/01/2010,13.76
27/01/2010,13.45
26/01/2010,13.43
25/01/2010,13.13
22/01/2010,13.33
21/01/2010,13.49
20/01/2010,13.64
19/01/2010,14.1
18/01/2010,14.19
15/01/2010,14.08
14/01/2010,14.34
13/01/2010,15.09
12/01/2010,15.07
11/01/2010,15.06
08/01/2010,14.88
07/01/2010,14.97
06/01/2010,14.78
05/01/2010,14.85
04/01/2010,14.92
31/12/2009,14.61
30/12/2009,14.59
29/12/2009,14.62
28/12/2009,14.61
24/12/2009,14.55
23/12/2009,14.55
22/12/2009,14.49
21/12/2009,14.29
18/12/2009,14.41
17/12/2009,14.31
16/12/2009,14.22
15/12/2009,14.38
14/12/2009,14.56
11/12/2009,14.49
10/12/2009,14.58
09/12/2009,14.39
08/12/2009,14.31
07/12/2009,14.57
04/12/2009,14.72
03/12/2009,14.55
02/12/2009,14.74
01/12/2009,15.18
30/11/2009,14.85
27/11/2009,14.7
26/11/2009,14.4
25/11/2009,14.95
24/11/2009,14.61
23/11/2009,14.8
20/11/2009,14.59
19/11/2009,14.7
18/11/2009,14.81
17/11/2009,15.13
13/11/2009,14.92
12/11/2009,15.05
11/11/2009,15.06
10/11/2009,15.01
09/11/2009,14.98
06/11/2009,14.75
05/11/2009,14.77
04/11/2009,14.45
03/11/2009,14.18
30/10/2009,13.83
29/10/2009,14.14
28/10/2009,13.97
27/10/2009,13.96
26/10/2009,14.57
23/10/2009,14.39
22/10/2009,14.54
21/10/2009,14.73
20/10/2009,14.77
19/10/2009,14.83
16/10/2009,14.96
15/10/2009,15.07
14/10/2009,15.13
13/10/2009,14.96
12/10/2009,15.06
09/10/2009,14.88
08/10/2009,14.71
07/10/2009,14.59
06/10/2009,14.67
05/10/2009,14.14
02/10/2009,13.83
01/10/2009,13.86
30/09/2009,14.02
29/09/2009,14.07
28/09/2009,13.97
25/09/2009,13.66
24/09/2009,13.44
23/09/2009,13.67
22/09/2009,14.13
21/09/2009,14.3
18/09/2009,14.35
17/09/2009,14.78
15/09/2009,14.73
14/09/2009,14.72
11/09/2009,14.63
10/09/2009,14.57
09/09/2009,14.6
08/09/2009,14.67
07/09/2009,14.21
04/09/2009,14.2
03/09/2009,14.07
02/09/2009,14.02
01/09/2009,14.08
31/08/2009,14.28
28/08/2009,14.67
27/08/2009,14.67
26/08/2009,14.68
25/08/2009,14.71
24/08/2009,14.36
21/08/2009,14.37
20/08/2009,14.21
19/08/2009,13.89
18/08/2009,13.89
17/08/2009,13.81
14/08/2009,13.94
13/08/2009,13.96
12/08/2009,13.89
11/08/2009,13.75
10/08/2009,13.85
07/08/2009,13.74
06/08/2009,13.67
05/08/2009,14.12
04/08/2009,14.22
03/08/2009,13.98
31/07/2009,13.44
30/07/2009,13.37
29/07/2009,13.2
28/07/2009,13.51
27/07/2009,13.66
24/07/2009,13.64
23/07/2009,13.83
22/07/2009,13.68
21/07/2009,13.1
20/07/2009,13.27
17/07/2009,13.01
16/07/2009,13.22
15/07/2009,12.85
14/07/2009,12.6
13/07/2009,12.47
10/07/2009,12.43
09/07/2009,12.33
08/07/2009,12.19
07/07/2009,11.84
06/07/2009,12.09
03/07/2009,12.1
02/07/2009,12.1
01/07/2009,12.31
30/06/2009,12.1
29/06/2009,12.24
26/06/2009,12.14
25/06/2009,11.87
24/06/2009,11.52
23/06/2009,11.26
22/06/2009,11.19
19/06/2009,11.73
18/06/2009,11.75
17/06/2009,11.61
16/06/2009,11.81
15/06/2009,11.95
12/06/2009,12.21
11/06/2009,12
10/06/2009,11.97
09/06/2009,11.9
08/06/2009,11.82
05/06/2009,11.79
04/06/2009,11.67
03/06/2009,11.72
02/06/2009,11.92
01/06/2009,12.18
29/05/2009,11.86
28/05/2009,12.24
27/05/2009,12.04
26/05/2009,11.89
25/05/2009,11.74
22/05/2009,11.76
21/05/2009,11.6
20/05/2009,11.7
19/05/2009,11.78
18/05/2009,11.68
15/05/2009,11.09
14/05/2009,11.24
13/05/2009,11.16
12/05/2009,11.52
11/05/2009,11.68
08/05/2009,11.55
07/05/2009,11.23
06/05/2009,11.54
05/05/2009,11.47
04/05/2009,11.21
30/04/2009,10.74
29/04/2009,10.97
28/04/2009,10.02
27/04/2009,10.17
24/04/2009,10.4
23/04/2009,9.84
22/04/2009,9.51
21/04/2009,9.52
20/04/2009,9.4
17/04/2009,9.77
16/04/2009,9.84
15/04/2009,9.61
14/04/2009,9.75
13/04/2009,9.94
08/04/2009,9.31
07/04/2009,9.35
06/04/2009,9.62
03/04/2009,9.9
02/04/2009,9.81
01/04/2009,9.26
31/03/2009,9.16
30/03/2009,9.03
27/03/2009,9.46
26/03/2009,9.74
25/03/2009,10.07
24/03/2009,10.04
23/03/2009,10.34
20/03/2009,9.58
19/03/2009,9.62
18/03/2009,9.76
17/03/2009,9.66
13/03/2009,9.86
12/03/2009,9.77
11/03/2009,9.46
10/03/2009,9.17
09/03/2009,8.84
06/03/2009,8.76
05/03/2009,8.97
04/03/2009,9.19
03/03/2009,8.88
02/03/2009,8.69
27/02/2009,9.25
26/02/2009,9.12
25/02/2009,9.04
24/02/2009,9.1
23/02/2009,9.04
20/02/2009,9.43
19/02/2009,9.77
18/02/2009,9.71
17/02/2009,9.92
16/02/2009,10.27
13/02/2009,10.17
12/02/2009,10.19
11/02/2009,10.37
10/02/2009,10.34
09/02/2009,10.61
06/02/2009,10.56
05/02/2009,9.95
04/02/2009,9.87
03/02/2009,9.88
30/01/2009,9.72
29/01/2009,9.63
28/01/2009,9.8
27/01/2009,9.44
26/01/2009,9.29
23/01/2009,9.2
22/01/2009,9.12
21/01/2009,9.26
20/01/2009,9.06
19/01/2009,9.55
16/01/2009,9.48
15/01/2009,9.53
14/01/2009,9.72
13/01/2009,10.19
12/01/2009,10.11
09/01/2009,10.29
08/01/2009,10.47
07/01/2009,10.38
06/01/2009,10.79
05/01/2009,10.87
02/01/2009,10.42
31/12/2008,10.08
30/12/2008,9.85
29/12/2008,9.9
26/12/2008,10.14
24/12/2008,10.09
23/12/2008,9.95
22/12/2008,9.98
19/12/2008,10.06
18/12/2008,10.38
17/12/2008,10.44
16/12/2008,10.43
15/12/2008,9.99
11/12/2008,10.49
10/12/2008,10.44
09/12/2008,10.09
08/12/2008,9.97
05/12/2008,9.01
04/12/2008,9.11
03/12/2008,9.35
02/12/2008,9.45
01/12/2008,9.39
28/11/2008,9.74
27/11/2008,9.6
26/11/2008,9.61
25/11/2008,9.29
24/11/2008,9.84
21/11/2008,9.12
20/11/2008,9.24
19/11/2008,9.23
18/11/2008,9.6
14/11/2008,9.53
13/11/2008,9.95
12/11/2008,9.13
11/11/2008,9.53
10/11/2008,9.73
07/11/2008,9.72
06/11/2008,9.53
05/11/2008,9.63
04/11/2008,10.03
03/11/2008,9.64
31/10/2008,9.44
30/10/2008,9.46
29/10/2008,8.56
28/10/2008,8.77
27/10/2008,7.73
24/10/2008,7.85
23/10/2008,8.6
22/10/2008,9.33
21/10/2008,10.37
20/10/2008,10.91
17/10/2008,10.52
16/10/2008,10.15
15/10/2008,10.33
14/10/2008,10.78
13/10/2008,11.08
10/10/2008,9.89
09/10/2008,10.07
08/10/2008,9.91
07/10/2008,10.37
06/10/2008,10.61
03/10/2008,10.72
02/10/2008,11.36
01/10/2008,12.12
30/09/2008,11.92
29/09/2008,11.34
26/09/2008,12.27
25/09/2008,12.2
24/09/2008,11.55
23/09/2008,11.41
22/09/2008,11.67
19/09/2008,12.33
18/09/2008,12.02
17/09/2008,11.13
15/09/2008,11.44
12/09/2008,12.02
11/09/2008,11.79
10/09/2008,11.68
09/09/2008,11.89
08/09/2008,12.4
05/09/2008,12.34
04/09/2008,12.43
03/09/2008,12.48
02/09/2008,12.62
01/09/2008,12.59
29/08/2008,12.51
28/08/2008,12.56
27/08/2008,12.37
26/08/2008,12.1
25/08/2008,12.28
22/08/2008,12.55
21/08/2008,12.26
20/08/2008,12.34
19/08/2008,12.14
18/08/2008,12.05
15/08/2008,12.38
14/08/2008,12.34
13/08/2008,11.88
12/08/2008,11.62
11/08/2008,11.82
08/08/2008,12.14
07/08/2008,11.93
06/08/2008,12.18
05/08/2008,12.01
04/08/2008,11.58
01/08/2008,11.77
31/07/2008,12.08
30/07/2008,12.06
29/07/2008,11.87
28/07/2008,11.38
25/07/2008,11.47
24/07/2008,11.26
23/07/2008,11.59
22/07/2008,11.82
21/07/2008,12.54
18/07/2008,12.83
17/07/2008,12.94
16/07/2008,12.65
15/07/2008,12.43
14/07/2008,12.28
11/07/2008,12.27
10/07/2008,12.33
09/07/2008,12.22
08/07/2008,12.68
07/07/2008,12.57
04/07/2008,12.54
03/07/2008,12.66
02/07/2008,12.7
01/07/2008,12.88
30/06/2008,12.93
27/06/2008,12.88
26/06/2008,12.9
25/06/2008,13.08
24/06/2008,12.76
23/06/2008,12.9
20/06/2008,12.91
19/06/2008,13.04
18/06/2008,13.24
17/06/2008,13.48
16/06/2008,13.81
13/06/2008,13.85
12/06/2008,13.94
11/06/2008,13.64
10/06/2008,13.69
09/06/2008,13.72
06/06/2008,13.56
05/06/2008,14.02
04/06/2008,13.98
03/06/2008,14.05
02/06/2008,14.36
30/05/2008,14.61
29/05/2008,14.38
28/05/2008,14.31
27/05/2008,14.18
26/05/2008,14.13
23/05/2008,14.07
22/05/2008,14.02
21/05/2008,13.79
20/05/2008,14
19/05/2008,14.07
16/05/2008,14.07
15/05/2008,14.43
14/05/2008,14.6
13/05/2008,14.14
12/05/2008,14.16
09/05/2008,14.32
08/05/2008,14.3
07/05/2008,14.51
06/05/2008,14.66
05/05/2008,14.56
02/05/2008,14.36
30/04/2008,14.46
29/04/2008,14.27
28/04/2008,14.26
25/04/2008,14.05
24/04/2008,16.12
23/04/2008,16.23
22/04/2008,16.28
21/04/2008,16.6
18/04/2008,16.22
17/04/2008,16.38
16/04/2008,16.33
15/04/2008,15.91
14/04/2008,15.51
11/04/2008,15.64
10/04/2008,15.91
09/04/2008,15.77
08/04/2008,16.18
07/04/2008,16.2
04/04/2008,16.37
03/04/2008,16.65
02/04/2008,16.3
01/04/2008,16.52
31/03/2008,16.1
28/03/2008,15.7
27/03/2008,15.59
26/03/2008,15.65
25/03/2008,15.69
24/03/2008,15.32
19/03/2008,15.05
18/03/2008,15.61
14/03/2008,15.02
13/03/2008,15.23
12/03/2008,15
11/03/2008,15.21
10/03/2008,14.46
07/03/2008,14.92
06/03/2008,14.87
05/03/2008,15.1
04/03/2008,15.33
03/03/2008,15.55
29/02/2008,15.3
28/02/2008,15.94
27/02/2008,16.28
26/02/2008,16.3
25/02/2008,16.08
22/02/2008,15.7
21/02/2008,15.65
20/02/2008,15.64
19/02/2008,15.38
18/02/2008,15.7
15/02/2008,15.44
14/02/2008,15.69
13/02/2008,15.82
12/02/2008,15.42
11/02/2008,15.36
08/02/2008,14.91
07/02/2008,14.85
06/02/2008,14.89
05/02/2008,14.85
01/02/2008,15.89
31/01/2008,15.44
30/01/2008,15.2
29/01/2008,15.17
28/01/2008,14.68
25/01/2008,14.24
24/01/2008,14.71
23/01/2008,14.66
22/01/2008,14.1
21/01/2008,12.65
18/01/2008,13.6
17/01/2008,13.83
16/01/2008,14.31
15/01/2008,14.76
14/01/2008,15.19
11/01/2008,15.41
10/01/2008,15.74
09/01/2008,15.33
08/01/2008,15.27
07/01/2008,15
04/01/2008,15.18
03/01/2008,15.45
02/01/2008,15.38
31/12/2007,15.89
28/12/2007,15.73
27/12/2007,15.62
26/12/2007,15.73
24/12/2007,15.66
21/12/2007,15.61
20/12/2007,15.2
19/12/2007,15.3
18/12/2007,15.46
17/12/2007,15.25
14/12/2007,16
13/12/2007,16.05
11/12/2007,15.93
10/12/2007,16.45
07/12/2007,16.65
06/12/2007,16.71
05/12/2007,16.72
04/12/2007,16.3
03/12/2007,16.2
30/11/2007,15.92
29/11/2007,15.56
28/11/2007,15.37
27/11/2007,14.67
26/11/2007,14.67
23/11/2007,15.09
22/11/2007,15.13
21/11/2007,15.1
20/11/2007,15.31
16/11/2007,15.59
15/11/2007,15.21
14/11/2007,15.52
13/11/2007,15.48
12/11/2007,14.51
09/11/2007,15.22
08/11/2007,15.24
07/11/2007,15.42
06/11/2007,15.95
05/11/2007,15.73
01/11/2007,15.7
31/10/2007,16.08
30/10/2007,16.66
29/10/2007,16.91
26/10/2007,16.73
25/10/2007,16.48
24/10/2007,17.04
23/10/2007,17.22
22/10/2007,17.03
19/10/2007,16.91
18/10/2007,17.63
17/10/2007,17.5
16/10/2007,16.97
15/10/2007,16.99
12/10/2007,17.29
11/10/2007,16.98
10/10/2007,16.91
09/10/2007,16.86
08/10/2007,16.97
05/10/2007,16.77
04/10/2007,16.35
03/10/2007,16.67
02/10/2007,17.14
01/10/2007,16.94
28/09/2007,16.56
27/09/2007,16.75
26/09/2007,16.58
25/09/2007,16.39
24/09/2007,16.62
21/09/2007,16.63
20/09/2007,16.43
19/09/2007,16.49
18/09/2007,16.47
17/09/2007,16
14/09/2007,16.07
13/09/2007,16.13
12/09/2007,15.79
11/09/2007,15.84
10/09/2007,15.6
07/09/2007,15.62
06/09/2007,15.98
05/09/2007,16.08
04/09/2007,16.1
03/09/2007,15.99
31/08/2007,15.84
30/08/2007,15.52
29/08/2007,15.51
28/08/2007,15.25
27/08/2007,15.82
24/08/2007,15.81
23/08/2007,15.6
22/08/2007,15.33
21/08/2007,14.95
20/08/2007,15.02
17/08/2007,15.24
16/08/2007,14.39
15/08/2007,14.15
14/08/2007,14.62
13/08/2007,15.01
10/08/2007,14.95
09/08/2007,15.28
08/08/2007,15.71
07/08/2007,15.52
06/08/2007,15.17
03/08/2007,14.98
02/08/2007,15.47
01/08/2007,15.06
31/07/2007,15.52
30/07/2007,15.69
27/07/2007,15.21
26/07/2007,15.05
25/07/2007,15.81
24/07/2007,16.15
23/07/2007,16.73
20/07/2007,16.26
19/07/2007,16.47
18/07/2007,16.3
17/07/2007,16.4
16/07/2007,16.57
13/07/2007,16.66
12/07/2007,16.62
11/07/2007,16.45
10/07/2007,16.15
09/07/2007,16.33
06/07/2007,16.88
05/07/2007,16.88
04/07/2007,16.79
03/07/2007,16.61
02/07/2007,16.01
29/06/2007,15.87
28/06/2007,15.91
27/06/2007,15.78
26/06/2007,15.54
25/06/2007,15.88
22/06/2007,16.2
21/06/2007,16.29
20/06/2007,16.14
19/06/2007,16.44
18/06/2007,16.41
15/06/2007,16.31
14/06/2007,16.09
13/06/2007,15.9
12/06/2007,15.73
11/06/2007,15.89
08/06/2007,15.79
07/06/2007,15.5
06/06/2007,15.65
05/06/2007,16.01
04/06/2007,15.89
01/06/2007,15.92
31/05/2007,15.41
30/05/2007,15.62
29/05/2007,15.09
28/05/2007,15.18
25/05/2007,15.12
24/05/2007,14.77
23/05/2007,15.1
22/05/2007,15.08
21/05/2007,15.04
18/05/2007,15.06
17/05/2007,14.68
16/05/2007,14.61
15/05/2007,14.08
14/05/2007,14.04
11/05/2007,14.18
10/05/2007,13.93
09/05/2007,14.3
08/05/2007,14.09
07/05/2007,14.24
04/05/2007,14.21
03/05/2007,14.12
02/05/2007,13.82
30/04/2007,13.66
27/04/2007,14.14
26/04/2007,14.04
25/04/2007,13.55
24/04/2007,13.47
23/04/2007,13.38
20/04/2007,13.56
19/04/2007,13.33
18/04/2007,13.27
17/04/2007,13.28
16/04/2007,13.21
13/04/2007,13.27
12/04/2007,13.13
11/04/2007,12.99
10/04/2007,13.02
09/04/2007,13.15
04/04/2007,13.07
03/04/2007,13.08
02/04/2007,13.1
30/03/2007,12.55
29/03/2007,12.52
28/03/2007,12.25
27/03/2007,12.2
26/03/2007,12.28
23/03/2007,12.35
22/03/2007,12.36
21/03/2007,12.42
20/03/2007,12.07
16/03/2007,11.77
15/03/2007,11.78
14/03/2007,11.74
13/03/2007,11.64
12/03/2007,11.96
09/03/2007,11.83
08/03/2007,11.62
07/03/2007,11.31
06/03/2007,11.4
05/03/2007,11.19
02/03/2007,11.46
01/03/2007,11.48
28/02/2007,11.6
27/02/2007,11.52
26/02/2007,12.18
23/02/2007,12.32
22/02/2007,12.34
21/02/2007,12.45
20/02/2007,12.42
19/02/2007,12.55
16/02/2007,12.55
15/02/2007,12.54
14/02/2007,12.53
13/02/2007,12.44
12/02/2007,12.3
09/02/2007,12.24
08/02/2007,12.41
07/02/2007,11.99
06/02/2007,11.86
02/02/2007,11.68
01/02/2007,11.69
31/01/2007,11.61
30/01/2007,11.31
29/01/2007,11.31
26/01/2007,11.43
25/01/2007,11.59
24/01/2007,11.78
23/01/2007,11.47
22/01/2007,11.19
19/01/2007,11.22
18/01/2007,11.16
17/01/2007,11.45
16/01/2007,11.53
15/01/2007,11.56
12/01/2007,11.52
11/01/2007,11.56
10/01/2007,11.44
09/01/2007,11.33
08/01/2007,11.63
05/01/2007,11.61
04/01/2007,11.94
03/01/2007,11.84
02/01/2007,11.7
29/12/2006,11.57
28/12/2006,11.5
27/12/2006,11.44
26/12/2006,11.22
22/12/2006,11
21/12/2006,11.14
20/12/2006,11.1
19/12/2006,11.22
18/12/2006,11.36
15/12/2006,11.44
14/12/2006,11.55
13/12/2006,11.49
11/12/2006,11.68
08/12/2006,11.73
07/12/2006,11.69
06/12/2006,11.66
05/12/2006,11.79
04/12/2006,11.63
30/11/2006,11.59
29/11/2006,11.59
28/11/2006,11.3
27/11/2006,11.32
24/11/2006,11.6
23/11/2006,11.68
22/11/2006,11.67
21/11/2006,11.59
17/11/2006,11.21
16/11/2006,11.28
15/11/2006,11.2
14/11/2006,11.27
13/11/2006,11.23
10/11/2006,11.03
09/11/2006,11.09
08/11/2006,11.25
07/11/2006,11.21
06/11/2006,11.15
03/11/2006,10.78
01/11/2006,10.87
31/10/2006,10.94
30/10/2006,10.48
27/10/2006,10.82
26/10/2006,11.31
25/10/2006,11.21
24/10/2006,11.21
23/10/2006,11.21
20/10/2006,11.14
19/10/2006,11
18/10/2006,10.89
17/10/2006,10.78
16/10/2006,10.9
13/10/2006,10.82
12/10/2006,10.67
11/10/2006,10.51
10/10/2006,10.56
09/10/2006,10.52
06/10/2006,10.54
05/10/2006,10.54
04/10/2006,10.44
03/10/2006,10.11
02/10/2006,10.1
29/09/2006,10.3
28/09/2006,10.21
27/09/2006,10.15
26/09/2006,10.12
25/09/2006,10.02
22/09/2006,9.97
21/09/2006,10.08
20/09/2006,10.22
19/09/2006,10.12
18/09/2006,10.1
15/09/2006,9.92
14/09/2006,9.83
13/09/2006,9.91
12/09/2006,9.81
11/09/2006,9.57
08/09/2006,9.54
07/09/2006,9.53
06/09/2006,9.53
05/09/2006,9.81
04/09/2006,9.96
01/09/2006,9.89
31/08/2006,9.67
30/08/2006,9.97
29/08/2006,9.87
28/08/2006,9.75
25/08/2006,9.63
24/08/2006,9.5
23/08/2006,9.49
22/08/2006,9.68
21/08/2006,9.63
18/08/2006,9.77
17/08/2006,9.75
16/08/2006,9.68
15/08/2006,9.55
14/08/2006,9.44
11/08/2006,9.38
10/08/2006,9.28
09/08/2006,9.22
08/08/2006,9.2
07/08/2006,9.29
04/08/2006,9.24
03/08/2006,9.25
02/08/2006,9.25
01/08/2006,9.15
31/07/2006,9.28
28/07/2006,9.3
27/07/2006,9.22
26/07/2006,8.87
25/07/2006,9.15
24/07/2006,9.08
21/07/2006,8.8
20/07/2006,8.92
19/07/2006,9.08
18/07/2006,8.53
17/07/2006,8.27
14/07/2006,8.17
13/07/2006,8.42
12/07/2006,8.72
11/07/2006,8.87
10/07/2006,8.89
07/07/2006,9.12
06/07/2006,9.34
05/07/2006,9.03
04/07/2006,9.53
03/07/2006,9.35
30/06/2006,8.96
29/06/2006,8.98
28/06/2006,8.54
27/06/2006,8.48
26/06/2006,8.77
23/06/2006,8.87
22/06/2006,8.73
21/06/2006,8.64
20/06/2006,8.25
19/06/2006,7.96
16/06/2006,8.23
15/06/2006,8.22
14/06/2006,7.57
13/06/2006,7.72
12/06/2006,7.89
09/06/2006,8.2
08/06/2006,8.6
07/06/2006,8.52
06/06/2006,8.73
05/06/2006,8.84
02/06/2006,9.2
01/06/2006,9
31/05/2006,8.72
30/05/2006,8.69
29/05/2006,9.1
26/05/2006,9.18
25/05/2006,9.03
24/05/2006,8.78
23/05/2006,8.86
22/05/2006,9.07
19/05/2006,9.65
18/05/2006,9.62
17/05/2006,9.64
16/05/2006,9.88
15/05/2006,9.74
12/05/2006,10
11/05/2006,10.18
10/05/2006,10.52
09/05/2006,10.57
08/05/2006,10.45
05/05/2006,10.18
04/05/2006,10.26
03/05/2006,10.17
02/05/2006,9.95
28/04/2006,9.71
27/04/2006,9.55
26/04/2006,9.65
25/04/2006,9.42
24/04/2006,9.31
21/04/2006,9.25
20/04/2006,9.06
19/04/2006,8.97
18/04/2006,8.99
17/04/2006,9
12/04/2006,8.67
11/04/2006,8.67
10/04/2006,8.7
07/04/2006,8.69
06/04/2006,9
05/04/2006,9.08
04/04/2006,9.02
03/04/2006,9.06
31/03/2006,8.82
30/03/2006,8.78
29/03/2006,8.78
28/03/2006,8.76
27/03/2006,8.87
24/03/2006,8.93
23/03/2006,8.9
22/03/2006,9.05
20/03/2006,9.14
17/03/2006,9.01
16/03/2006,8.84
15/03/2006,8.82
14/03/2006,8.85
13/03/2006,8.68
10/03/2006,8.45
09/03/2006,8.49
08/03/2006,8.48
07/03/2006,8.61
06/03/2006,8.83
03/03/2006,8.85
02/03/2006,8.86
01/03/2006,8.85
28/02/2006,8.63
27/02/2006,8.66
24/02/2006,8.89
23/02/2006,8.83
22/02/2006,8.61
21/02/2006,8.44
20/02/2006,8.49
17/02/2006,8.48
16/02/2006,8.55
15/02/2006,8.36
14/02/2006,8.19
13/02/2006,8.15
10/02/2006,8.39
09/02/2006,8.37
08/02/2006,8.44
07/02/2006,8.2
03/02/2006,8.22
02/02/2006,8.33
01/02/2006,8.48
31/01/2006,8.39
30/01/2006,8.38
27/01/2006,8.47
26/01/2006,8.65
25/01/2006,8.37
24/01/2006,8.41
23/01/2006,8.05
20/01/2006,8.01
19/01/2006,8.16
18/01/2006,8.02
17/01/2006,8
16/01/2006,8.41
13/01/2006,8.38
12/01/2006,8.33
11/01/2006,8.42
10/01/2006,8.22
09/01/2006,8.32
06/01/2006,8.12
05/01/2006,8.02
04/01/2006,8.1
03/01/2006,7.84
02/01/2006,7.43
30/12/2005,7.38
29/12/2005,7.5
28/12/2005,7.37
27/12/2005,7.49
26/12/2005,7.53
23/12/2005,7.54
22/12/2005,7.54
21/12/2005,7.64
20/12/2005,7.72
19/12/2005,7.62
16/12/2005,7.61
15/12/2005,7.68
14/12/2005,7.89
13/12/2005,7.81
09/12/2005,7.72
08/12/2005,7.46
07/12/2005,7.52
06/12/2005,7.66
05/12/2005,7.52
02/12/2005,7.39
01/12/2005,7.35
30/11/2005,7.17
29/11/2005,7.14
28/11/2005,7.3
25/11/2005,7.23
24/11/2005,7.21
23/11/2005,7.2
22/11/2005,7.4
21/11/2005,7.26
18/11/2005,7.08
17/11/2005,7.02
16/11/2005,6.92
15/11/2005,6.84
14/11/2005,6.93
11/11/2005,6.79
10/11/2005,6.73
09/11/2005,6.66
08/11/2005,6.68
07/11/2005,6.68
04/11/2005,6.69
03/11/2005,6.73
02/11/2005,6.76
01/11/2005,6.82
31/10/2005,6.71
28/10/2005,6.59
27/10/2005,6.45
26/10/2005,6.58
25/10/2005,6.32
24/10/2005,6.26
21/10/2005,5.94
20/10/2005,5.91
19/10/2005,6.07
18/10/2005,6.09
17/10/2005,6.15
14/10/2005,5.96
13/10/2005,5.99
12/10/2005,6.02
11/10/2005,6.27
10/10/2005,6.23
07/10/2005,6.35
06/10/2005,6.2
05/10/2005,6.51
04/10/2005,6.58
03/10/2005,6.61
30/09/2005,6.73
29/09/2005,6.54
28/09/2005,6.61
27/09/2005,6.56
26/09/2005,6.55
23/09/2005,6.46
22/09/2005,6.45
21/09/2005,6.47
20/09/2005,6.24
19/09/2005,6.21
15/09/2005,6.11
14/09/2005,6.02
13/09/2005,5.95
12/09/2005,6.05
09/09/2005,6.09
08/09/2005,6.07
07/09/2005,6.19
06/09/2005,6.14
05/09/2005,6.1
02/09/2005,6.05
01/09/2005,5.83
31/08/2005,5.61
30/08/2005,5.52
29/08/2005,5.68
26/08/2005,5.67
25/08/2005,5.73
24/08/2005,5.65
23/08/2005,5.7
22/08/2005,5.75
19/08/2005,5.69
18/08/2005,5.64
17/08/2005,5.54
16/08/2005,5.51
15/08/2005,5.67
12/08/2005,5.61
11/08/2005,5.74
10/08/2005,5.69
09/08/2005,5.63
08/08/2005,5.61
05/08/2005,5.49
04/08/2005,5.52
03/08/2005,5.56
02/08/2005,5.67
01/08/2005,5.72
29/07/2005,5.59
28/07/2005,5.32
27/07/2005,5.22
26/07/2005,5.25
25/07/2005,5.25
22/07/2005,5.39
21/07/2005,5.34
20/07/2005,5.39
19/07/2005,5.33
18/07/2005,5.18
15/07/2005,5.19
14/07/2005,5.29
13/07/2005,5.24
12/07/2005,5.21
11/07/2005,5.09
08/07/2005,5.14
07/07/2005,5.21
06/07/2005,5.17
05/07/2005,5.11
04/07/2005,5.06
01/07/2005,5.06
30/06/2005,5.07
29/06/2005,5.09
28/06/2005,5.1
27/06/2005,5.12
24/06/2005,5
23/06/2005,5.01
22/06/2005,5.05
21/06/2005,5.15
20/06/2005,5.24
17/06/2005,5.19
16/06/2005,5.1
15/06/2005,5.12
14/06/2005,5.03
13/06/2005,4.91
10/06/2005,4.88
09/06/2005,4.9
08/06/2005,4.84
07/06/2005,4.82
06/06/2005,4.88
03/06/2005,4.9
02/06/2005,4.97
01/06/2005,4.93
31/05/2005,4.88
30/05/2005,4.95
27/05/2005,4.95
26/05/2005,4.93
25/05/2005,4.92
24/05/2005,4.91
23/05/2005,4.94
20/05/2005,4.88
19/05/2005,4.86
18/05/2005,4.84
17/05/2005,4.64
16/05/2005,4.6
13/05/2005,4.54
12/05/2005,4.59
11/05/2005,4.55
10/05/2005,4.48
09/05/2005,4.48
06/05/2005,4.57
05/05/2005,4.5
04/05/2005,4.55
03/05/2005,4.35
02/05/2005,4.4
29/04/2005,4.35
28/04/2005,4.43
27/04/2005,4.54
26/04/2005,4.65
25/04/2005,4.55
22/04/2005,4.32
21/04/2005,4.3
20/04/2005,4.23
19/04/2005,4.39
18/04/2005,4.27
15/04/2005,4.39
14/04/2005,4.48
13/04/2005,4.58
12/04/2005,4.61
11/04/2005,4.5
08/04/2005,4.56
07/04/2005,4.57
06/04/2005,4.4
05/04/2005,4.51
04/04/2005,4.57
01/04/2005,4.59
31/03/2005,4.55
30/03/2005,4.59
29/03/2005,4.52
28/03/2005,4.6
23/03/2005,4.53
22/03/2005,4.72
18/03/2005,4.77
17/03/2005,4.8
16/03/2005,4.7
15/03/2005,4.79
14/03/2005,4.8
11/03/2005,4.96
10/03/2005,4.86
09/03/2005,4.93
08/03/2005,4.96
07/03/2005,5.1
04/03/2005,5.05
03/03/2005,5.08
02/03/2005,5.06
01/03/2005,5.16
28/02/2005,5.13
25/02/2005,5.17
24/02/2005,5.07
23/02/2005,4.92
22/02/2005,4.91
21/02/2005,4.94
18/02/2005,4.9
17/02/2005,4.98
16/02/2005,5.02
15/02/2005,5.04
14/02/2005,4.91
11/02/2005,4.95
10/02/2005,4.95
09/02/2005,5.04
08/02/2005,4.93
07/02/2005,4.97
04/02/2005,4.94
03/02/2005,4.89
02/02/2005,4.83
01/02/2005,4.8
31/01/2005,4.68
28/01/2005,4.67
27/01/2005,4.56
26/01/2005,4.62
25/01/2005,4.5
24/01/2005,4.39
21/01/2005,4.4
20/01/2005,4.44
19/01/2005,4.61
18/01/2005,4.59
17/01/2005,4.52
14/01/2005,4.49
13/01/2005,4.35
12/01/2005,4.28
11/01/2005,4.24
10/01/2005,4.36
07/01/2005,4.41
06/01/2005,4.52
05/01/2005,4.49
04/01/2005,4.58
03/01/2005,4.75
31/12/2004,4.61
30/12/2004,4.64
29/12/2004,4.66
28/12/2004,4.62
27/12/2004,4.59
24/12/2004,4.59
23/12/2004,4.55
22/12/2004,4.55
21/12/2004,4.55
20/12/2004,4.49
17/12/2004,4.52
16/12/2004,4.44
15/12/2004,4.45
14/12/2004,4.46
13/12/2004,4.29
10/12/2004,4.26
09/12/2004,4.18
08/12/2004,4.23
07/12/2004,4.27
06/12/2004,4.27
03/12/2004,4.15
02/12/2004,4.1
01/12/2004,4.17
30/11/2004,4.13
29/11/2004,4.13
26/11/2004,4.02
25/11/2004,3.97
24/11/2004,3.92
23/11/2004,3.9
22/11/2004,3.92
19/11/2004,3.89
18/11/2004,4
17/11/2004,3.98
16/11/2004,3.98
15/11/2004,3.98
12/11/2004,4.01
11/11/2004,4.04
10/11/2004,3.98
09/11/2004,4
08/11/2004,3.97
05/11/2004,4.02
04/11/2004,4.12
03/11/2004,4.07
02/11/2004,3.97
01/11/2004,4.04
29/10/2004,4.03
28/10/2004,3.91
27/10/2004,3.97
26/10/2004,3.75
25/10/2004,3.55
22/10/2004,3.58
21/10/2004,3.59
20/10/2004,3.63
19/10/2004,3.58
18/10/2004,3.58
15/10/2004,3.55
14/10/2004,3.47
13/10/2004,3.5
12/10/2004,3.51
11/10/2004,3.49
08/10/2004,3.49
07/10/2004,3.56
06/10/2004,3.57
05/10/2004,3.64
04/10/2004,3.67
01/10/2004,3.6
30/09/2004,3.52
29/09/2004,3.52
28/09/2004,3.49
27/09/2004,3.44
24/09/2004,3.44
23/09/2004,3.42
22/09/2004,3.43
21/09/2004,3.48
20/09/2004,3.5
17/09/2004,3.48
15/09/2004,3.39
14/09/2004,3.39
13/09/2004,3.34
10/09/2004,3.38
09/09/2004,3.29
08/09/2004,3.24
07/09/2004,3.17
06/09/2004,3.13
03/09/2004,3.11
02/09/2004,3.14
01/09/2004,3.15
31/08/2004,3.09
30/08/2004,3.05
27/08/2004,3.06
26/08/2004,3.06
25/08/2004,3.08
24/08/2004,3.09
23/08/2004,3.08
20/08/2004,3.1
19/08/2004,3.1
18/08/2004,3.09
17/08/2004,3.08
16/08/2004,3.03
13/08/2004,2.96
12/08/2004,2.97
11/08/2004,2.95
10/08/2004,3
09/08/2004,2.97
06/08/2004,3.02
05/08/2004,3.09
04/08/2004,3.06
03/08/2004,3.2
02/08/2004,3.25
30/07/2004,3.23
29/07/2004,3.21
28/07/2004,3.23
27/07/2004,3.33
26/07/2004,3.27
23/07/2004,3.23
22/07/2004,3.28
21/07/2004,3.26
20/07/2004,3.32
19/07/2004,3.29
16/07/2004,3.23
15/07/2004,3.19
14/07/2004,3.19
13/07/2004,3.28
12/07/2004,3.29
09/07/2004,3.27
08/07/2004,3.3
07/07/2004,3.26
06/07/2004,3.27
05/07/2004,3.32
02/07/2004,3.32
01/07/2004,3.33
30/06/2004,3.31
29/06/2004,3.24
28/06/2004,3.25
25/06/2004,3.26
24/06/2004,3.26
23/06/2004,3.23
22/06/2004,3.25
21/06/2004,3.29
18/06/2004,3.33
17/06/2004,3.27
16/06/2004,3.26
15/06/2004,3.28
14/06/2004,3.23
11/06/2004,3.33
10/06/2004,3.32
09/06/2004,3.3
08/06/2004,3.38
07/06/2004,3.37
04/06/2004,3.22
03/06/2004,3.1
02/06/2004,3.13
01/06/2004,3.17
31/05/2004,3.17
28/05/2004,3.17
27/05/2004,3.23
26/05/2004,3.21
25/05/2004,3.19
24/05/2004,3.15
21/05/2004,3.11
20/05/2004,3.13
19/05/2004,3.12
18/05/2004,3.08
17/05/2004,3
14/05/2004,3.1
13/05/2004,3.1
12/05/2004,3.08
11/05/2004,3.06
10/05/2004,2.89
07/05/2004,3.04
06/05/2004,3.07
05/05/2004,3.18
04/05/2004,3.27
03/05/2004,3.18
30/04/2004,3.05
29/04/2004,3.11
28/04/2004,3.27
27/04/2004,3.43
26/04/2004,3.38
23/04/2004,3.41
22/04/2004,3.38
21/04/2004,3.36
20/04/2004,3.39
19/04/2004,3.35
16/04/2004,3.34
15/04/2004,3.35
14/04/2004,3.41
13/04/2004,3.48
12/04/2004,3.52
07/04/2004,3.45
06/04/2004,3.43
05/04/2004,3.47
02/04/2004,3.5
01/04/2004,3.46
31/03/2004,3.41
30/03/2004,3.46
29/03/2004,3.45
26/03/2004,3.38
25/03/2004,3.38
24/03/2004,3.27
23/03/2004,3.25
22/03/2004,3.19
19/03/2004,3.29
18/03/2004,3.12
17/03/2004,3.1
16/03/2004,3.07
15/03/2004,3.08
12/03/2004,3.1
11/03/2004,3.11
10/03/2004,3.19
09/03/2004,3.2
08/03/2004,3.21
05/03/2004,3.27
04/03/2004,3.29
03/03/2004,3.17
02/03/2004,3.18
01/03/2004,3.22
27/02/2004,3.12
26/02/2004,3.11
25/02/2004,3.09
24/02/2004,3.1
23/02/2004,3.05
20/02/2004,3.07
19/02/2004,3.16
18/02/2004,3.18
17/02/2004,3.17
16/02/2004,3.1
13/02/2004,3.09
12/02/2004,3.03
11/02/2004,2.93
10/02/2004,2.91
09/02/2004,2.95
06/02/2004,2.87
04/02/2004,2.85
03/02/2004,2.83
02/02/2004,2.82
30/01/2004,2.77
29/01/2004,2.76
28/01/2004,2.79
27/01/2004,2.88
26/01/2004,2.88
23/01/2004,2.86
22/01/2004,2.83
21/01/2004,2.82
20/01/2004,2.8
19/01/2004,2.73
16/01/2004,2.71
15/01/2004,2.68
14/01/2004,2.69
13/01/2004,2.72
12/01/2004,2.71
09/01/2004,2.7
08/01/2004,2.65
07/01/2004,2.6
06/01/2004,2.58
05/01/2004,2.63
02/01/2004,2.49
31/12/2003,2.45
30/12/2003,2.43
29/12/2003,2.41
26/12/2003,2.4
24/12/2003,2.41
23/12/2003,2.37
22/12/2003,2.39
19/12/2003,2.37
18/12/2003,2.35
17/12/2003,2.32
16/12/2003,2.31
15/12/2003,2.32
11/12/2003,2.33
10/12/2003,2.3
09/12/2003,2.32
08/12/2003,2.38
05/12/2003,2.4
04/12/2003,2.41
03/12/2003,2.41
02/12/2003,2.43
01/12/2003,2.36
28/11/2003,2.34
27/11/2003,2.27
26/11/2003,2.25
25/11/2003,2.22
24/11/2003,2.2
21/11/2003,2.23
19/11/2003,2.21
18/11/2003,2.3
17/11/2003,2.27
14/11/2003,2.31
13/11/2003,2.31
12/11/2003,2.26
11/11/2003,2.21
10/11/2003,2.21
07/11/2003,2.25
06/11/2003,2.2
05/11/2003,2.17
04/11/2003,2.18
03/11/2003,2.17
31/10/2003,2.08
30/10/2003,2.07
29/10/2003,2.03
28/10/2003,2.05
27/10/2003,2.04
24/10/2003,2.02
23/10/2003,2.02
22/10/2003,2.03
21/10/2003,2.08
20/10/2003,2.04
17/10/2003,2.05
16/10/2003,2.03
15/10/2003,2.04
14/10/2003,2.06
13/10/2003,2.08
10/10/2003,2.08
09/10/2003,2.06
08/10/2003,2.06
07/10/2003,2.03
06/10/2003,1.99
03/10/2003,1.99
02/10/2003,1.96
01/10/2003,2.03
30/09/2003,2.01
29/09/2003,2.04
26/09/2003,2.02
25/09/2003,2.02
24/09/2003,2.01
23/09/2003,2.03
22/09/2003,2.02
19/09/2003,2.03
18/09/2003,2.04
17/09/2003,2.01
15/09/2003,2
12/09/2003,2.01
11/09/2003,2.01
10/09/2003,2.01
09/09/2003,2
08/09/2003,2.04
05/09/2003,2.05
04/09/2003,2.05
03/09/2003,2.03
02/09/2003,2.06
01/09/2003,2.04
29/08/2003,2.02
28/08/2003,1.99
27/08/2003,1.95
26/08/2003,1.94
25/08/2003,1.94
22/08/2003,1.96
21/08/2003,1.97
20/08/2003,1.95
19/08/2003,1.98
18/08/2003,1.97
15/08/2003,1.96
14/08/2003,1.94
13/08/2003,1.92
12/08/2003,1.88
11/08/2003,1.88
08/08/2003,1.88
07/08/2003,1.83
06/08/2003,1.79
05/08/2003,1.79
04/08/2003,1.82
01/08/2003,1.84
31/07/2003,1.86
30/07/2003,1.82
29/07/2003,1.83
28/07/2003,1.88
25/07/2003,1.88
24/07/2003,1.82
23/07/2003,1.82
22/07/2003,1.76
21/07/2003,1.65
18/07/2003,1.64
17/07/2003,1.62
16/07/2003,1.64
15/07/2003,1.63
14/07/2003,1.62
11/07/2003,1.59
10/07/2003,1.59
09/07/2003,1.6
08/07/2003,1.62
07/07/2003,1.62
04/07/2003,1.58
03/07/2003,1.58
02/07/2003,1.6
01/07/2003,1.59
30/06/2003,1.55
27/06/2003,1.55
26/06/2003,1.56
25/06/2003,1.53
24/06/2003,1.54
23/06/2003,1.51
20/06/2003,1.53
19/06/2003,1.53
18/06/2003,1.55
17/06/2003,1.54
16/06/2003,1.53
13/06/2003,1.5
12/06/2003,1.52
11/06/2003,1.5
10/06/2003,1.5
09/06/2003,1.48
06/06/2003,1.49
05/06/2003,1.49
04/06/2003,1.55
03/06/2003,1.53
02/06/2003,1.52
30/05/2003,1.5
29/05/2003,1.47
28/05/2003,1.46
27/05/2003,1.48
26/05/2003,1.45
23/05/2003,1.46
22/05/2003,1.43
21/05/2003,1.4
20/05/2003,1.4
19/05/2003,1.41
16/05/2003,1.45
15/05/2003,1.49
14/05/2003,1.46
13/05/2003,1.42
12/05/2003,1.43
09/05/2003,1.42
08/05/2003,1.37
07/05/2003,1.42
06/05/2003,1.42
05/05/2003,1.44
02/05/2003,1.42
30/04/2003,1.37
29/04/2003,1.38
28/04/2003,1.37
25/04/2003,1.37
24/04/2003,1.37
23/04/2003,1.32
22/04/2003,1.32
21/04/2003,1.29
16/04/2003,1.28
15/04/2003,1.28
14/04/2003,1.26
11/04/2003,1.25
10/04/2003,1.24
09/04/2003,1.26
08/04/2003,1.27
07/04/2003,1.25
04/04/2003,1.23
03/04/2003,1.19
02/04/2003,1.18
01/04/2003,1.15
31/03/2003,1.15
28/03/2003,1.16
27/03/2003,1.16
26/03/2003,1.16
25/03/2003,1.16
24/03/2003,1.15
20/03/2003,1.19
19/03/2003,1.2
18/03/2003,1.21
17/03/2003,1.2
14/03/2003,1.21
13/03/2003,1.19
12/03/2003,1.18
11/03/2003,1.2
10/03/2003,1.2
07/03/2003,1.23
06/03/2003,1.22
05/03/2003,1.2
04/03/2003,1.2
03/03/2003,1.21
28/02/2003,1.21
27/02/2003,1.17
26/02/2003,1.17
25/02/2003,1.17
24/02/2003,1.18
21/02/2003,1.18
20/02/2003,1.17
19/02/2003,1.16
18/02/2003,1.15
17/02/2003,1.12
14/02/2003,1.11
13/02/2003,1.11
12/02/2003,1.11
11/02/2003,1.15
10/02/2003,1.19
07/02/2003,1.19
06/02/2003,1.2
04/02/2003,1.22
03/02/2003,1.23
31/01/2003,1.22
30/01/2003,1.22
29/01/2003,1.22
28/01/2003,1.2
27/01/2003,1.2
24/01/2003,1.19
23/01/2003,1.2
22/01/2003,1.2
21/01/2003,1.25
20/01/2003,1.23
17/01/2003,1.25
16/01/2003,1.27
15/01/2003,1.28
14/01/2003,1.28
13/01/2003,1.24
10/01/2003,1.22
09/01/2003,1.23
08/01/2003,1.24
07/01/2003,1.24
06/01/2003,1.25
03/01/2003,1.21
02/01/2003,1.21
31/12/2002,1.18
30/12/2002,1.19
27/12/2002,1.2
26/12/2002,1.21
24/12/2002,1.21
23/12/2002,1.21
20/12/2002,1.21
19/12/2002,1.18
18/12/2002,1.17
17/12/2002,1.19
16/12/2002,1.18
13/12/2002,1.15
11/12/2002,1.18
10/12/2002,1.19
09/12/2002,1.17
06/12/2002,1.21
05/12/2002,1.2
04/12/2002,1.21
03/12/2002,1.22
02/12/2002,1.22
29/11/2002,1.19
28/11/2002,1.2
27/11/2002,1.21
26/11/2002,1.16
25/11/2002,1.12
22/11/2002,1.12
21/11/2002,1.13
19/11/2002,1.04
18/11/2002,1.06
15/11/2002,1.07
14/11/2002,1.1
13/11/2002,1.07
12/11/2002,1.09
11/11/2002,1.09
08/11/2002,1.09
07/11/2002,1.1
06/11/2002,1.11
05/11/2002,1.1
04/11/2002,1.11
01/11/2002,1.09
31/10/2002,1.09
30/10/2002,1.09
29/10/2002,1.07
28/10/2002,1.06
25/10/2002,1.06
24/10/2002,1.07
23/10/2002,1.08
22/10/2002,1.08
21/10/2002,1.1
18/10/2002,1.06
17/10/2002,1.06
16/10/2002,1.03
15/10/2002,1.06
14/10/2002,1.02
11/10/2002,1.01
10/10/2002,0.97
09/10/2002,0.96
08/10/2002,1
07/10/2002,1.03
04/10/2002,1.02
03/10/2002,1.03
02/10/2002,1.01
01/10/2002,1.03
30/09/2002,0.98
27/09/2002,1
26/09/2002,1.07
25/09/2002,1.07
24/09/2002,1.05
23/09/2002,1.06
20/09/2002,1.06
19/09/2002,1
18/09/2002,1.07
17/09/2002,1.1
13/09/2002,1.11
12/09/2002,1.12
11/09/2002,1.12
10/09/2002,1.11
09/09/2002,1.09
06/09/2002,1.1
05/09/2002,1.07
04/09/2002,1.07
03/09/2002,1.07
02/09/2002,1.09
30/08/2002,1.1
29/08/2002,1.1
28/08/2002,1.08
27/08/2002,1.08
26/08/2002,1.09
23/08/2002,1.07
22/08/2002,1.08
21/08/2002,1.09
20/08/2002,1.08
19/08/2002,1.08
16/08/2002,1.1
15/08/2002,1.09
14/08/2002,1.07
13/08/2002,1.02
12/08/2002,1.06
09/08/2002,1.02
08/08/2002,1.05
07/08/2002,0.96
06/08/2002,0.93
05/08/2002,0.9
02/08/2002,0.92
01/08/2002,0.93
31/07/2002,0.99
30/07/2002,1.01
29/07/2002,1.04
26/07/2002,1.03
25/07/2002,1.02
24/07/2002,1.02
23/07/2002,0.99
22/07/2002,1
19/07/2002,1.07
18/07/2002,1.1
17/07/2002,1.1
16/07/2002,1.11
15/07/2002,1.11
12/07/2002,1.08
11/07/2002,1.08
10/07/2002,1.05
09/07/2002,1.09
08/07/2002,1.1
05/07/2002,1.1
04/07/2002,1.07
03/07/2002,1.05
02/07/2002,1.02
01/07/2002,1.05
28/06/2002,1.05
27/06/2002,1.06
26/06/2002,0.94
25/06/2002,1.02
24/06/2002,1.03
21/06/2002,1.1
20/06/2002,1.12
19/06/2002,1.15
18/06/2002,1.15
17/06/2002,1.13
14/06/2002,1.12
13/06/2002,1.13
12/06/2002,1.13
11/06/2002,1.15
10/06/2002,1.16
07/06/2002,1.19
06/06/2002,1.22
05/06/2002,1.29
04/06/2002,1.31
03/06/2002,1.29
31/05/2002,1.32
30/05/2002,1.34
29/05/2002,1.37
28/05/2002,1.4
27/05/2002,1.41
24/05/2002,1.41
23/05/2002,1.42
22/05/2002,1.41
21/05/2002,1.4
20/05/2002,1.42
17/05/2002,1.44
16/05/2002,1.43
15/05/2002,1.4
14/05/2002,1.39
13/05/2002,1.39
10/05/2002,1.38
09/05/2002,1.39
08/05/2002,1.4
07/05/2002,1.36
06/05/2002,1.39
03/05/2002,1.39
02/05/2002,1.36
30/04/2002,1.38
29/04/2002,1.38
26/04/2002,1.41
25/04/2002,1.4
24/04/2002,1.4
23/04/2002,1.37
22/04/2002,1.4
19/04/2002,1.41
18/04/2002,1.42
17/04/2002,1.4
16/04/2002,1.37
15/04/2002,1.33
12/04/2002,1.34
11/04/2002,1.36
10/04/2002,1.4
09/04/2002,1.36
08/04/2002,1.38
05/04/2002,1.41
04/04/2002,1.4
03/04/2002,1.36
02/04/2002,1.38
01/04/2002,1.4
27/03/2002,1.41
26/03/2002,1.41
25/03/2002,1.43
22/03/2002,1.46
20/03/2002,1.45
19/03/2002,1.45
18/03/2002,1.44
15/03/2002,1.41
14/03/2002,1.4
13/03/2002,1.42
12/03/2002,1.45
11/03/2002,1.43
08/03/2002,1.41
07/03/2002,1.37
06/03/2002,1.42
05/03/2002,1.38
04/03/2002,1.38
01/03/2002,1.33
28/02/2002,1.31
27/02/2002,1.34
26/02/2002,1.32
25/02/2002,1.3
22/02/2002,1.29
21/02/2002,1.29
20/02/2002,1.3
19/02/2002,1.29
18/02/2002,1.34
15/02/2002,1.34
14/02/2002,1.35
13/02/2002,1.32
12/02/2002,1.3
11/02/2002,1.3
08/02/2002,1.34
07/02/2002,1.33
06/02/2002,1.33
04/02/2002,1.33
01/02/2002,1.38
31/01/2002,1.44
30/01/2002,1.39
29/01/2002,1.42
28/01/2002,1.45
25/01/2002,1.45
24/01/2002,1.42
23/01/2002,1.42
22/01/2002,1.36
21/01/2002,1.39
18/01/2002,1.41
17/01/2002,1.44
16/01/2002,1.44
15/01/2002,1.42
14/01/2002,1.34
11/01/2002,1.35
10/01/2002,1.35
09/01/2002,1.42
08/01/2002,1.45
07/01/2002,1.43
04/01/2002,1.45
03/01/2002,1.45
02/01/2002,1.39
31/12/2001,1.4
28/12/2001,1.42
27/12/2001,1.42
26/12/2001,1.41
24/12/2001,1.39
21/12/2001,1.4
20/12/2001,1.39
19/12/2001,1.38
18/12/2001,1.39
17/12/2001,1.39
14/12/2001,1.34
13/12/2001,1.31
11/12/2001,1.36
10/12/2001,1.36
07/12/2001,1.37
06/12/2001,1.34
05/12/2001,1.35
04/12/2001,1.3
03/12/2001,1.28
30/11/2001,1.26
29/11/2001,1.25
28/11/2001,1.23
27/11/2001,1.22
26/11/2001,1.19
23/11/2001,1.17
22/11/2001,1.16
21/11/2001,1.14
19/11/2001,1.18
16/11/2001,1.18
15/11/2001,1.2
14/11/2001,1.2
13/11/2001,1.15
12/11/2001,1.1
09/11/2001,1.13
08/11/2001,1.12
07/11/2001,1.13
06/11/2001,1.14
05/11/2001,1.13
02/11/2001,1.12
01/11/2001,1.12
31/10/2001,1.09
30/10/2001,1.06
29/10/2001,1.06
26/10/2001,1.09
25/10/2001,1.11
24/10/2001,1.1
23/10/2001,1.04
22/10/2001,1.03
19/10/2001,1.04
18/10/2001,1.02
17/10/2001,1.05
16/10/2001,1.06
15/10/2001,1.06
12/10/2001,1.12
11/10/2001,1.14
10/10/2001,1.13
09/10/2001,1.09
08/10/2001,1.06
05/10/2001,1.09
04/10/2001,1.1
03/10/2001,1.11
02/10/2001,1.12
01/10/2001,1.12
28/09/2001,1.11
27/09/2001,1.06
26/09/2001,1.03
25/09/2001,1.03
24/09/2001,1.06
21/09/2001,0.97
20/09/2001,0.94
19/09/2001,0.94
18/09/2001,0.92
17/09/2001,0.93
11/09/2001,0.97
10/09/2001,1.06
07/09/2001,1.05
06/09/2001,1.06
05/09/2001,1.12
04/09/2001,1.18
03/09/2001,1.21
31/08/2001,1.23
30/08/2001,1.24
29/08/2001,1.27
28/08/2001,1.27
27/08/2001,1.31
24/08/2001,1.31
23/08/2001,1.28
22/08/2001,1.28
21/08/2001,1.28
20/08/2001,1.27
17/08/2001,1.27
16/08/2001,1.3
15/08/2001,1.38
14/08/2001,1.44
13/08/2001,1.44
10/08/2001,1.43
09/08/2001,1.42
08/08/2001,1.44
07/08/2001,1.45
06/08/2001,1.46
03/08/2001,1.48
02/08/2001,1.48
01/08/2001,1.45
31/07/2001,1.43
30/07/2001,1.43
27/07/2001,1.41
26/07/2001,1.41
25/07/2001,1.38
24/07/2001,1.36
23/07/2001,1.37
20/07/2001,1.37
19/07/2001,1.37
18/07/2001,1.35
17/07/2001,1.37
16/07/2001,1.39
13/07/2001,1.41
12/07/2001,1.44
11/07/2001,1.47
10/07/2001,1.49
09/07/2001,1.48
06/07/2001,1.49
05/07/2001,1.53
04/07/2001,1.55
03/07/2001,1.56
02/07/2001,1.54
29/06/2001,1.5
28/06/2001,1.49
27/06/2001,1.47
26/06/2001,1.46
25/06/2001,1.45
22/06/2001,1.44
21/06/2001,1.45
20/06/2001,1.43
19/06/2001,1.43
18/06/2001,1.44
15/06/2001,1.52
14/06/2001,1.54
13/06/2001,1.56
12/06/2001,1.57
11/06/2001,1.54
08/06/2001,1.56
07/06/2001,1.59
06/06/2001,1.6
05/06/2001,1.53
04/06/2001,1.5
01/06/2001,1.5
31/05/2001,1.49
30/05/2001,1.48
29/05/2001,1.51
28/05/2001,1.55
25/05/2001,1.55
24/05/2001,1.55
23/05/2001,1.6
22/05/2001,1.57
21/05/2001,1.55
18/05/2001,1.52
17/05/2001,1.46
16/05/2001,1.45
15/05/2001,1.42
14/05/2001,1.43
11/05/2001,1.46
10/05/2001,1.45
09/05/2001,1.44
08/05/2001,1.41
07/05/2001,1.45
04/05/2001,1.44
03/05/2001,1.46
02/05/2001,1.42
30/04/2001,1.34
27/04/2001,1.32
26/04/2001,1.3
25/04/2001,1.23
24/04/2001,1.22
23/04/2001,1.21
20/04/2001,1.18
19/04/2001,1.24
18/04/2001,1.24
17/04/2001,1.23
16/04/2001,1.2
11/04/2001,1.21
10/04/2001,1.19
09/04/2001,1.15
06/04/2001,1.15
05/04/2001,1.13
04/04/2001,1.08
03/04/2001,1.08
02/04/2001,1.1
30/03/2001,1.09
29/03/2001,1.06
28/03/2001,1.1
27/03/2001,1.12
26/03/2001,1.12
23/03/2001,1.13
22/03/2001,1.15
20/03/2001,1.22
19/03/2001,1.3
16/03/2001,1.24
15/03/2001,1.2
14/03/2001,1.22
13/03/2001,1.28
12/03/2001,1.3
09/03/2001,1.37
08/03/2001,1.37
07/03/2001,1.36
06/03/2001,1.38
05/03/2001,1.33
02/03/2001,1.32
01/03/2001,1.34
28/02/2001,1.37
27/02/2001,1.4
26/02/2001,1.4
23/02/2001,1.4
22/02/2001,1.46
21/02/2001,1.48
20/02/2001,1.53
19/02/2001,1.57
16/02/2001,1.58
15/02/2001,1.54
14/02/2001,1.56
13/02/2001,1.68
12/02/2001,1.78
09/02/2001,1.75
08/02/2001,1.64
07/02/2001,1.57
