Security,GFNORTEO MM Equity                                              
Start Date,02/01/2001 00:00
End Date,27/12/2018 00:00
Period,D
Currency,MXN
,
Date,PRECIO
27/12/2018,93.57
26/12/2018,94.39
24/12/2018,92.8
21/12/2018,93.83
20/12/2018,92.81
19/12/2018,95.39
18/12/2018,92.55
17/12/2018,88.58
14/12/2018,91.98
13/12/2018,91.68
11/12/2018,90.59
10/12/2018,93.15
07/12/2018,95.84
06/12/2018,98.37
05/12/2018,97.39
04/12/2018,98.86
03/12/2018,97.34
30/11/2018,93.15
29/11/2018,91.93
28/11/2018,90.6
27/11/2018,84.91
26/11/2018,83.63
23/11/2018,96.07
22/11/2018,97
21/11/2018,96.69
20/11/2018,97.46
16/11/2018,98.24
15/11/2018,96.45
14/11/2018,100.48
13/11/2018,97.54
12/11/2018,98.74
09/11/2018,105.41
08/11/2018,106.94
07/11/2018,121.39
06/11/2018,121.79
05/11/2018,123.74
01/11/2018,118.69
31/10/2018,111.76
30/10/2018,110.05
29/10/2018,115.19
26/10/2018,125.96
25/10/2018,127.92
24/10/2018,126.34
23/10/2018,128.77
22/10/2018,131.86
19/10/2018,133.16
18/10/2018,130.82
17/10/2018,133
16/10/2018,132.58
15/10/2018,132.18
12/10/2018,131.57
11/10/2018,132.08
10/10/2018,133.18
09/10/2018,131.92
08/10/2018,129.82
05/10/2018,131.82
04/10/2018,132.1
03/10/2018,133.24
02/10/2018,132.25
01/10/2018,136.38
28/09/2018,135.3
27/09/2018,134.7
26/09/2018,133.86
25/09/2018,133.66
24/09/2018,131.74
21/09/2018,129.9
20/09/2018,129.93
19/09/2018,131.05
18/09/2018,133.7
17/09/2018,133.02
14/09/2018,133.67
13/09/2018,134
12/09/2018,132.54
11/09/2018,130.86
10/09/2018,128.34
07/09/2018,130.06
06/09/2018,129.91
05/09/2018,130.24
04/09/2018,126.22
03/09/2018,129.13
31/08/2018,130.86
30/08/2018,129.99
29/08/2018,130.91
28/08/2018,133.23
27/08/2018,134.67
24/08/2018,132.33
23/08/2018,135.41
22/08/2018,134.23
21/08/2018,132.06
20/08/2018,128.5
17/08/2018,125.88
16/08/2018,125.13
15/08/2018,128.2
14/08/2018,129.59
13/08/2018,127.58
10/08/2018,125.87
09/08/2018,131.67
08/08/2018,134.35
07/08/2018,132.98
06/08/2018,127.05
03/08/2018,125.62
02/08/2018,127.16
01/08/2018,128.87
31/07/2018,129.96
30/07/2018,129.87
27/07/2018,129.82
26/07/2018,129.26
25/07/2018,127.08
24/07/2018,128.06
23/07/2018,126.98
20/07/2018,126.6
19/07/2018,124.99
18/07/2018,124.57
17/07/2018,122.25
16/07/2018,121.92
13/07/2018,119.96
12/07/2018,121.53
11/07/2018,119.87
10/07/2018,118.77
09/07/2018,122.43
06/07/2018,124.65
05/07/2018,122.71
04/07/2018,116.55
03/07/2018,115.46
02/07/2018,111.94
29/06/2018,117.07
28/06/2018,113.34
27/06/2018,112.24
26/06/2018,113.06
25/06/2018,111.89
22/06/2018,111.33
21/06/2018,111.47
20/06/2018,112.32
19/06/2018,109.33
18/06/2018,109.74
15/06/2018,108.73
14/06/2018,110.66
13/06/2018,109.62
12/06/2018,110.62
11/06/2018,110.25
08/06/2018,107.44
07/06/2018,107.42
06/06/2018,107.4
05/06/2018,107.36
04/06/2018,107.37
01/06/2018,106.7
31/05/2018,106.2
30/05/2018,107.44
29/05/2018,106.97
28/05/2018,107.9
25/05/2018,107.08
24/05/2018,107.84
23/05/2018,109.38
22/05/2018,107.37
21/05/2018,107.03
18/05/2018,107.4
17/05/2018,110.1
16/05/2018,112.08
15/05/2018,113.39
14/05/2018,113.39
11/05/2018,112.29
10/05/2018,112.85
09/05/2018,112.22
08/05/2018,111.41
07/05/2018,110.81
04/05/2018,111.56
03/05/2018,113.73
02/05/2018,117.29
30/04/2018,117.02
27/04/2018,116.99
26/04/2018,115.41
25/04/2018,115.55
24/04/2018,115.13
23/04/2018,114.69
20/04/2018,115.31
19/04/2018,117.04
18/04/2018,119.37
17/04/2018,119.32
16/04/2018,119.63
13/04/2018,119.08
12/04/2018,119.3
11/04/2018,118.35
10/04/2018,117.02
09/04/2018,115.05
06/04/2018,115.64
05/04/2018,115.24
04/04/2018,114.94
03/04/2018,112.25
02/04/2018,110.4
28/03/2018,111.13
27/03/2018,113.23
26/03/2018,115.17
23/03/2018,113.63
22/03/2018,114.91
21/03/2018,114.71
20/03/2018,115.6
16/03/2018,115.46
15/03/2018,114.42
14/03/2018,116.17
13/03/2018,116.56
12/03/2018,118.74
09/03/2018,119.12
08/03/2018,117.19
07/03/2018,113.94
06/03/2018,114.32
05/03/2018,113.04
02/03/2018,112.93
01/03/2018,112.38
28/02/2018,113.16
27/02/2018,113.1
26/02/2018,115.4
23/02/2018,115.56
22/02/2018,115.12
21/02/2018,114.8
20/02/2018,114.36
19/02/2018,116.77
16/02/2018,116
15/02/2018,117.53
14/02/2018,116.31
13/02/2018,115.33
12/02/2018,115.55
09/02/2018,115.99
08/02/2018,114.77
07/02/2018,116.19
06/02/2018,115.16
02/02/2018,119.67
01/02/2018,118.28
31/01/2018,119.58
30/01/2018,119.02
29/01/2018,119.09
26/01/2018,119.63
25/01/2018,115.53
24/01/2018,116.84
23/01/2018,113.42
22/01/2018,111.23
19/01/2018,109.9
18/01/2018,111.43
17/01/2018,109.96
16/01/2018,108.26
15/01/2018,110.73
12/01/2018,109.11
11/01/2018,106.2
10/01/2018,107.85
09/01/2018,110.66
08/01/2018,109.42
05/01/2018,110.04
04/01/2018,109.52
03/01/2018,109.43
02/01/2018,107.37
29/12/2017,107.83
28/12/2017,107.61
27/12/2017,105.7
26/12/2017,103.6
22/12/2017,104.56
21/12/2017,106.62
20/12/2017,107.45
19/12/2017,105.71
18/12/2017,107.17
15/12/2017,104.54
14/12/2017,102.01
13/12/2017,102.38
11/12/2017,104.15
08/12/2017,105.84
07/12/2017,104.09
06/12/2017,107.85
05/12/2017,110.87
04/12/2017,108.06
01/12/2017,110.77
30/11/2017,109.3
29/11/2017,109.98
28/11/2017,107.39
27/11/2017,110.02
24/11/2017,113.98
23/11/2017,115.42
22/11/2017,115.95
21/11/2017,116.21
17/11/2017,117.16
16/11/2017,114.19
15/11/2017,114.08
14/11/2017,114.29
13/11/2017,113
10/11/2017,111.9
09/11/2017,114.92
08/11/2017,114.79
07/11/2017,116.37
06/11/2017,114.72
03/11/2017,112.26
01/11/2017,113.54
31/10/2017,113.78
30/10/2017,114.93
27/10/2017,114.65
26/10/2017,107.54
25/10/2017,106.18
24/10/2017,117.06
23/10/2017,116.18
20/10/2017,119.91
19/10/2017,118.94
18/10/2017,120.3
17/10/2017,119.37
16/10/2017,118.89
13/10/2017,119.77
12/10/2017,122.56
11/10/2017,123.77
10/10/2017,123.27
09/10/2017,123.4
06/10/2017,122.69
05/10/2017,123.59
04/10/2017,125.34
03/10/2017,126.17
02/10/2017,127.71
29/09/2017,125.58
28/09/2017,124.49
27/09/2017,123.03
26/09/2017,126.29
25/09/2017,126.64
22/09/2017,126.13
21/09/2017,126.89
20/09/2017,125.3
19/09/2017,124.75
18/09/2017,123.62
15/09/2017,121.62
14/09/2017,120.51
13/09/2017,119.98
12/09/2017,122
11/09/2017,121.43
08/09/2017,119.83
07/09/2017,120.68
06/09/2017,121.86
05/09/2017,120.2
04/09/2017,122.03
01/09/2017,122.51
31/08/2017,121.92
30/08/2017,122.96
29/08/2017,122.11
28/08/2017,122.4
25/08/2017,125.02
24/08/2017,126.63
23/08/2017,125.66
22/08/2017,126.15
21/08/2017,124.69
18/08/2017,121.54
17/08/2017,121.06
16/08/2017,121.12
15/08/2017,124.54
14/08/2017,124.11
11/08/2017,122.55
10/08/2017,123.64
09/08/2017,124.69
08/08/2017,125.12
07/08/2017,121.35
04/08/2017,120.96
03/08/2017,122.24
02/08/2017,120.04
01/08/2017,117.92
31/07/2017,118.02
28/07/2017,117.28
27/07/2017,118.84
26/07/2017,118.88
25/07/2017,119.19
24/07/2017,121.61
21/07/2017,121.07
20/07/2017,120.86
19/07/2017,120.9
18/07/2017,120.35
17/07/2017,120.72
14/07/2017,120.81
13/07/2017,121.13
12/07/2017,120.26
11/07/2017,118.95
10/07/2017,120.77
07/07/2017,117.03
06/07/2017,115.96
05/07/2017,115.82
04/07/2017,115.89
03/07/2017,115.63
30/06/2017,115.39
29/06/2017,114.35
28/06/2017,113.32
27/06/2017,113.08
26/06/2017,113.51
23/06/2017,113.33
22/06/2017,111.91
21/06/2017,112.78
20/06/2017,114.89
19/06/2017,114.68
16/06/2017,113.28
15/06/2017,110.82
14/06/2017,110.52
13/06/2017,110.31
12/06/2017,109.48
09/06/2017,108.14
08/06/2017,108.49
07/06/2017,109.97
06/06/2017,108.16
05/06/2017,109.84
02/06/2017,109.06
01/06/2017,107.86
31/05/2017,107.43
30/05/2017,108.83
29/05/2017,108.47
26/05/2017,109.49
25/05/2017,107.55
24/05/2017,109.4
23/05/2017,108.37
22/05/2017,109.56
19/05/2017,109.41
18/05/2017,106.97
17/05/2017,106.74
16/05/2017,107.98
15/05/2017,107.92
12/05/2017,108.43
11/05/2017,107.82
10/05/2017,109.71
09/05/2017,109.85
08/05/2017,109.34
05/05/2017,108
04/05/2017,107.35
03/05/2017,107.13
02/05/2017,107.49
28/04/2017,108.95
27/04/2017,108.71
26/04/2017,108.9
25/04/2017,112.56
24/04/2017,111.59
21/04/2017,110.21
20/04/2017,110.1
19/04/2017,109.41
18/04/2017,109.54
17/04/2017,107.49
12/04/2017,107.01
11/04/2017,108.99
10/04/2017,108.47
07/04/2017,109.41
06/04/2017,106.17
05/04/2017,107.05
04/04/2017,108.41
03/04/2017,108.55
31/03/2017,107.66
30/03/2017,108.99
29/03/2017,108.9
28/03/2017,110.5
27/03/2017,112.89
24/03/2017,110.71
23/03/2017,107.46
22/03/2017,105.86
21/03/2017,105.43
17/03/2017,104.66
16/03/2017,102.19
15/03/2017,100.61
14/03/2017,100.71
13/03/2017,101.14
10/03/2017,101.02
09/03/2017,100.05
08/03/2017,100.78
07/03/2017,100.61
06/03/2017,100.02
03/03/2017,99.83
02/03/2017,98.72
01/03/2017,99.71
28/02/2017,99.85
27/02/2017,99.21
24/02/2017,99.51
23/02/2017,100.83
22/02/2017,99.92
21/02/2017,100.89
20/02/2017,100
17/02/2017,99.88
16/02/2017,100.24
15/02/2017,98.64
14/02/2017,98.54
13/02/2017,100.12
10/02/2017,102.01
09/02/2017,101.35
08/02/2017,99.56
07/02/2017,98.93
03/02/2017,102.26
02/02/2017,99.97
01/02/2017,98.62
31/01/2017,99.95
30/01/2017,101.1
27/01/2017,102.78
26/01/2017,99.81
25/01/2017,101.14
24/01/2017,102.63
23/01/2017,100.39
20/01/2017,98.41
19/01/2017,98.71
18/01/2017,98.71
17/01/2017,98.51
16/01/2017,97.08
13/01/2017,98.85
12/01/2017,95.72
11/01/2017,94.23
10/01/2017,95.5
09/01/2017,96.81
06/01/2017,97.39
05/01/2017,100.14
04/01/2017,99.95
03/01/2017,101.22
02/01/2017,101.87
30/12/2016,102.3
29/12/2016,102.42
28/12/2016,100.43
27/12/2016,99.42
26/12/2016,99.71
23/12/2016,99.91
22/12/2016,99.36
21/12/2016,99.37
20/12/2016,99.85
19/12/2016,100.29
16/12/2016,100.75
15/12/2016,101.53
14/12/2016,103.59
13/12/2016,103.79
09/12/2016,100.34
08/12/2016,98.96
07/12/2016,98.03
06/12/2016,97.91
05/12/2016,96.12
02/12/2016,95.89
01/12/2016,97.92
30/11/2016,98.62
29/11/2016,97.53
28/11/2016,97.24
25/11/2016,96.85
24/11/2016,96.74
23/11/2016,96.49
22/11/2016,95.96
18/11/2016,91.51
17/11/2016,94.79
16/11/2016,95.83
15/11/2016,95.81
14/11/2016,95.66
11/11/2016,94.79
10/11/2016,95.82
09/11/2016,105.18
08/11/2016,113.64
07/11/2016,111.57
04/11/2016,109.36
03/11/2016,107.71
01/11/2016,109.01
31/10/2016,111.31
28/10/2016,111.55
27/10/2016,113
26/10/2016,111.78
25/10/2016,113.59
24/10/2016,113.85
21/10/2016,112.73
20/10/2016,111.46
19/10/2016,111.34
18/10/2016,109.92
17/10/2016,107.82
14/10/2016,107.07
13/10/2016,106.43
12/10/2016,107.97
11/10/2016,108.35
10/10/2016,109.28
07/10/2016,106.31
06/10/2016,106.35
05/10/2016,105.97
04/10/2016,106.86
03/10/2016,105.47
30/09/2016,101.68
29/09/2016,102.56
28/09/2016,104.09
27/09/2016,104.68
26/09/2016,101.15
23/09/2016,103.11
22/09/2016,106.95
21/09/2016,102.57
20/09/2016,101.58
19/09/2016,100.41
15/09/2016,100.49
14/09/2016,100.93
13/09/2016,103.42
12/09/2016,105.84
09/09/2016,103.99
08/09/2016,106.68
07/09/2016,107.29
06/09/2016,106.1
05/09/2016,105.28
02/09/2016,105.91
01/09/2016,104.9
31/08/2016,101.21
30/08/2016,102.9
29/08/2016,103.2
26/08/2016,103.03
25/08/2016,104.04
24/08/2016,104
23/08/2016,103.08
22/08/2016,105.89
19/08/2016,105.03
18/08/2016,105.89
17/08/2016,104.44
16/08/2016,106.81
15/08/2016,108.65
12/08/2016,108.4
11/08/2016,108.03
10/08/2016,104.39
09/08/2016,105
08/08/2016,105.62
05/08/2016,104.22
04/08/2016,103.73
03/08/2016,103.67
02/08/2016,102.84
01/08/2016,104.4
29/07/2016,102.69
28/07/2016,101.83
27/07/2016,100.39
26/07/2016,98.76
25/07/2016,99.36
22/07/2016,101.93
21/07/2016,102.82
20/07/2016,103.67
19/07/2016,101.57
18/07/2016,100.21
15/07/2016,101.05
14/07/2016,100.96
13/07/2016,100.5
12/07/2016,102.63
11/07/2016,101.48
08/07/2016,101.82
07/07/2016,102.17
06/07/2016,101.8
05/07/2016,101.7
04/07/2016,104.12
01/07/2016,103.85
30/06/2016,102.52
29/06/2016,99.97
28/06/2016,97.05
27/06/2016,94.44
24/06/2016,96.49
23/06/2016,102.15
22/06/2016,99.16
21/06/2016,98.55
20/06/2016,97.2
17/06/2016,96.16
16/06/2016,98.44
15/06/2016,97.16
14/06/2016,96.83
13/06/2016,97.36
10/06/2016,97.13
09/06/2016,96.27
08/06/2016,96.73
07/06/2016,96
06/06/2016,96.07
03/06/2016,98.09
02/06/2016,96.75
01/06/2016,96.72
31/05/2016,96.51
30/05/2016,98.04
27/05/2016,98.01
26/05/2016,98.65
25/05/2016,97.28
24/05/2016,96.51
23/05/2016,96.99
20/05/2016,95.93
19/05/2016,95.97
18/05/2016,96.39
17/05/2016,99.18
16/05/2016,98.95
13/05/2016,97.61
12/05/2016,98.99
11/05/2016,98.21
10/05/2016,97.76
09/05/2016,96.78
06/05/2016,95.86
05/05/2016,96.61
04/05/2016,96.26
03/05/2016,96.81
02/05/2016,98.93
29/04/2016,97.67
28/04/2016,96.69
27/04/2016,97.98
26/04/2016,95.77
25/04/2016,95.74
22/04/2016,95.44
21/04/2016,95.84
20/04/2016,95.53
19/04/2016,95.02
18/04/2016,93.81
15/04/2016,94.1
14/04/2016,93.33
13/04/2016,94.34
12/04/2016,94.13
11/04/2016,94.05
08/04/2016,93.36
07/04/2016,94.64
06/04/2016,96.08
05/04/2016,93.65
04/04/2016,95.79
01/04/2016,98
31/03/2016,97.43
30/03/2016,99.43
29/03/2016,99.28
28/03/2016,98.25
23/03/2016,96.83
22/03/2016,98.51
18/03/2016,98.75
17/03/2016,97.65
16/03/2016,97.03
15/03/2016,94.88
14/03/2016,93.43
11/03/2016,94.65
10/03/2016,93.41
09/03/2016,95.98
08/03/2016,95.75
07/03/2016,96.11
04/03/2016,95
03/03/2016,94.12
02/03/2016,93.83
01/03/2016,94.3
29/02/2016,91.62
26/02/2016,89.78
25/02/2016,90.52
24/02/2016,90.37
23/02/2016,90.54
22/02/2016,91.45
19/02/2016,91.6
18/02/2016,91.3
17/02/2016,92.02
16/02/2016,86.52
15/02/2016,87.59
12/02/2016,85.54
11/02/2016,87.12
10/02/2016,88.39
09/02/2016,86.15
08/02/2016,87.99
05/02/2016,89.41
04/02/2016,90.63
03/02/2016,91.16
02/02/2016,90.05
29/01/2016,94.63
28/01/2016,88.73
27/01/2016,87.99
26/01/2016,86.53
25/01/2016,86.03
22/01/2016,84.97
21/01/2016,83.08
20/01/2016,85.23
19/01/2016,85.94
18/01/2016,85.47
15/01/2016,85.42
14/01/2016,87.59
13/01/2016,88.62
12/01/2016,89.34
11/01/2016,89.3
08/01/2016,88.85
07/01/2016,89.54
06/01/2016,91.63
05/01/2016,91.72
04/01/2016,91.79
31/12/2015,94.99
30/12/2015,94.16
29/12/2015,94.49
28/12/2015,94.04
24/12/2015,93.12
23/12/2015,93.56
22/12/2015,93.86
21/12/2015,94.15
18/12/2015,95.57
17/12/2015,96.51
16/12/2015,94.42
15/12/2015,91.18
14/12/2015,88.01
11/12/2015,88.59
10/12/2015,88.51
09/12/2015,90.04
08/12/2015,87.41
07/12/2015,88.11
04/12/2015,89.21
03/12/2015,89.31
02/12/2015,90.31
01/12/2015,91.5
30/11/2015,89.49
27/11/2015,89.75
26/11/2015,90.19
25/11/2015,88.74
24/11/2015,90.76
23/11/2015,92.07
20/11/2015,93.84
19/11/2015,91.45
18/11/2015,93.54
17/11/2015,92.94
13/11/2015,89.87
12/11/2015,91.05
11/11/2015,91.59
10/11/2015,91.35
09/11/2015,91.79
06/11/2015,94.69
05/11/2015,94.74
04/11/2015,96.27
03/11/2015,93.65
30/10/2015,88.95
29/10/2015,90.85
28/10/2015,91.3
27/10/2015,89.89
26/10/2015,87.97
23/10/2015,90.91
22/10/2015,87.96
21/10/2015,88.06
20/10/2015,87.71
19/10/2015,88.15
16/10/2015,88
15/10/2015,86.03
14/10/2015,85.06
13/10/2015,84.86
12/10/2015,83.91
09/10/2015,83.34
08/10/2015,82.39
07/10/2015,82.14
06/10/2015,82.53
05/10/2015,83.73
02/10/2015,83.71
01/10/2015,82.88
30/09/2015,82.8
29/09/2015,80.82
28/09/2015,79.88
25/09/2015,80.27
24/09/2015,79.89
23/09/2015,80.12
22/09/2015,79.55
21/09/2015,79.59
18/09/2015,80.93
17/09/2015,80.56
15/09/2015,78.76
14/09/2015,77.68
11/09/2015,76.62
10/09/2015,77.49
09/09/2015,77.85
08/09/2015,77.12
07/09/2015,76.85
04/09/2015,77.62
03/09/2015,78.08
02/09/2015,77.15
01/09/2015,77.71
31/08/2015,80.41
28/08/2015,79.85
27/08/2015,80.72
26/08/2015,78.93
25/08/2015,78.71
24/08/2015,76.51
21/08/2015,77.03
20/08/2015,79.49
19/08/2015,79.08
18/08/2015,80.59
17/08/2015,81.76
14/08/2015,82.99
13/08/2015,84.44
12/08/2015,83.4
11/08/2015,83.89
10/08/2015,84.91
07/08/2015,85.1
06/08/2015,85.01
05/08/2015,83.94
04/08/2015,85.93
03/08/2015,86.02
31/07/2015,84.8
30/07/2015,85.86
29/07/2015,85.89
28/07/2015,85.44
27/07/2015,84.55
24/07/2015,84.65
23/07/2015,85.82
22/07/2015,85.97
21/07/2015,87.24
20/07/2015,87.81
17/07/2015,87.22
16/07/2015,87.45
15/07/2015,88.1
14/07/2015,88.24
13/07/2015,88.93
10/07/2015,89.43
09/07/2015,87.91
08/07/2015,86.96
07/07/2015,86.64
06/07/2015,86.53
03/07/2015,85.72
02/07/2015,86.55
01/07/2015,86.38
30/06/2015,86.24
29/06/2015,84.23
26/06/2015,86.39
25/06/2015,86.26
24/06/2015,87.41
23/06/2015,87.86
22/06/2015,87.75
19/06/2015,87.01
18/06/2015,86.92
17/06/2015,85.13
16/06/2015,86.11
15/06/2015,84.77
12/06/2015,86.17
11/06/2015,86.13
10/06/2015,86.3
09/06/2015,86.63
08/06/2015,85.42
05/06/2015,85.54
04/06/2015,86.11
03/06/2015,85.28
02/06/2015,85.78
01/06/2015,85.62
29/05/2015,86.93
28/05/2015,86.93
27/05/2015,85.73
26/05/2015,86.07
25/05/2015,86.87
22/05/2015,86.73
21/05/2015,87.07
20/05/2015,86.94
19/05/2015,87.78
18/05/2015,88.63
15/05/2015,88.47
14/05/2015,88.08
13/05/2015,88.59
12/05/2015,88.99
11/05/2015,90.85
08/05/2015,90.39
07/05/2015,88.9
06/05/2015,88.65
05/05/2015,89.76
04/05/2015,89.56
30/04/2015,87.48
29/04/2015,86.88
28/04/2015,88.98
27/04/2015,86.89
24/04/2015,87.72
23/04/2015,87.28
22/04/2015,87.77
21/04/2015,88.22
20/04/2015,87.81
17/04/2015,89.11
16/04/2015,89.34
15/04/2015,87.35
14/04/2015,87.61
13/04/2015,87.1
10/04/2015,87.74
09/04/2015,90.32
08/04/2015,91.42
07/04/2015,92.05
06/04/2015,90.38
01/04/2015,89.6
31/03/2015,88.52
30/03/2015,87.97
27/03/2015,87.97
26/03/2015,85.05
25/03/2015,85.61
24/03/2015,86.99
23/03/2015,86.6
20/03/2015,87.13
19/03/2015,89.4
18/03/2015,89.58
17/03/2015,87.99
13/03/2015,86.81
12/03/2015,85.99
11/03/2015,84.72
10/03/2015,83.54
09/03/2015,82.81
06/03/2015,82.98
05/03/2015,82.79
04/03/2015,80.54
03/03/2015,80.09
02/03/2015,80.13
27/02/2015,81.19
26/02/2015,80.73
25/02/2015,80.63
24/02/2015,80.67
23/02/2015,80.32
20/02/2015,80.75
19/02/2015,80.19
18/02/2015,79.22
17/02/2015,81.56
16/02/2015,80.17
13/02/2015,79.99
12/02/2015,79.21
11/02/2015,76.47
10/02/2015,78.04
09/02/2015,78.94
06/02/2015,79.58
05/02/2015,79.01
04/02/2015,79.09
03/02/2015,79.25
30/01/2015,76.07
29/01/2015,78.81
28/01/2015,79.62
27/01/2015,80.65
26/01/2015,79.97
23/01/2015,80.52
22/01/2015,78.96
21/01/2015,79.84
20/01/2015,78.28
19/01/2015,77.55
16/01/2015,77.88
15/01/2015,74.77
14/01/2015,74.02
13/01/2015,75.18
12/01/2015,75.57
09/01/2015,78
08/01/2015,78.67
07/01/2015,77.5
06/01/2015,75.86
05/01/2015,76.6
02/01/2015,78.83
31/12/2014,81.2
30/12/2014,80.59
29/12/2014,81.14
26/12/2014,80.35
24/12/2014,80.39
23/12/2014,81.38
22/12/2014,81.11
19/12/2014,82.08
18/12/2014,79.08
17/12/2014,75.97
16/12/2014,75.59
15/12/2014,76.92
11/12/2014,78.19
10/12/2014,76.09
09/12/2014,78.18
08/12/2014,78.65
05/12/2014,78.01
04/12/2014,77.75
03/12/2014,79.15
02/12/2014,77.51
01/12/2014,76.71
28/11/2014,78.8
27/11/2014,79.93
26/11/2014,80.47
25/11/2014,80.92
24/11/2014,80.85
21/11/2014,81
20/11/2014,80.29
19/11/2014,78.71
18/11/2014,76.81
14/11/2014,75.05
13/11/2014,81.73
12/11/2014,84.01
11/11/2014,85.48
10/11/2014,85.51
07/11/2014,84.29
06/11/2014,84.88
05/11/2014,86.54
04/11/2014,87.16
03/11/2014,87.66
31/10/2014,86.39
30/10/2014,86.7
29/10/2014,86.22
28/10/2014,86.96
27/10/2014,85.8
24/10/2014,85.72
23/10/2014,83.22
22/10/2014,82.96
21/10/2014,82.96
20/10/2014,82.25
17/10/2014,82
16/10/2014,81.36
15/10/2014,82.52
14/10/2014,83.53
13/10/2014,83.3
10/10/2014,83.41
09/10/2014,83.92
08/10/2014,83.85
07/10/2014,83.33
06/10/2014,84.38
03/10/2014,84.19
02/10/2014,83.98
01/10/2014,85.84
30/09/2014,85.78
29/09/2014,86.05
26/09/2014,86.01
25/09/2014,87.4
24/09/2014,86.9
23/09/2014,88.17
22/09/2014,88.85
19/09/2014,89.32
18/09/2014,90.36
17/09/2014,89.32
15/09/2014,90.68
12/09/2014,91.41
11/09/2014,91.96
10/09/2014,91.84
09/09/2014,92.1
08/09/2014,91.64
05/09/2014,91.82
04/09/2014,91.43
03/09/2014,91.11
02/09/2014,90.3
01/09/2014,90.21
29/08/2014,92.05
28/08/2014,91.06
27/08/2014,90.63
26/08/2014,92.43
25/08/2014,91.36
22/08/2014,91.98
21/08/2014,91.57
20/08/2014,90.77
19/08/2014,89.91
18/08/2014,88.83
15/08/2014,88.87
14/08/2014,90.07
13/08/2014,91.9
12/08/2014,92.69
11/08/2014,92.39
08/08/2014,91
07/08/2014,91.9
06/08/2014,92.49
05/08/2014,91.97
04/08/2014,91.9
01/08/2014,89.9
31/07/2014,87.86
30/07/2014,89.3
29/07/2014,90.35
28/07/2014,90.6
25/07/2014,90.08
24/07/2014,91.16
23/07/2014,91.12
22/07/2014,91.88
21/07/2014,91.96
18/07/2014,92.46
17/07/2014,91.7
16/07/2014,90.82
15/07/2014,90.71
14/07/2014,91.24
11/07/2014,90.63
10/07/2014,91.36
09/07/2014,92.12
08/07/2014,93.82
07/07/2014,93.33
04/07/2014,94.2
03/07/2014,94.61
02/07/2014,93.35
01/07/2014,92.1
30/06/2014,92.79
27/06/2014,92.09
26/06/2014,94.32
25/06/2014,95.57
24/06/2014,95.62
23/06/2014,95.64
20/06/2014,96.11
19/06/2014,96.04
18/06/2014,95.11
17/06/2014,94.59
16/06/2014,94.09
13/06/2014,94.03
12/06/2014,94.86
11/06/2014,94.93
10/06/2014,94.99
09/06/2014,93.76
06/06/2014,93.65
05/06/2014,93.2
04/06/2014,93
03/06/2014,93.62
02/06/2014,94.93
30/05/2014,92.98
29/05/2014,95.03
28/05/2014,94.7
27/05/2014,95.2
26/05/2014,93.29
23/05/2014,93.75
22/05/2014,93.36
21/05/2014,92.81
20/05/2014,92.96
19/05/2014,92.84
16/05/2014,91.19
15/05/2014,90.32
14/05/2014,92.19
13/05/2014,92.57
12/05/2014,92.34
09/05/2014,91.74
08/05/2014,91.02
07/05/2014,90.76
06/05/2014,90.26
05/05/2014,90.01
02/05/2014,90.31
30/04/2014,86.73
29/04/2014,86.85
28/04/2014,84.48
25/04/2014,83.76
24/04/2014,84.63
23/04/2014,85.31
22/04/2014,86.13
21/04/2014,85.98
16/04/2014,86.03
15/04/2014,85.01
14/04/2014,85.15
11/04/2014,83.7
10/04/2014,83.52
09/04/2014,84.54
08/04/2014,85.8
07/04/2014,85.62
04/04/2014,84.75
03/04/2014,84.83
02/04/2014,86.49
01/04/2014,85.67
31/03/2014,87.83
28/03/2014,85.98
27/03/2014,84.78
26/03/2014,84.29
25/03/2014,83.24
24/03/2014,82.87
21/03/2014,84.26
20/03/2014,81.91
19/03/2014,81.58
18/03/2014,83.1
14/03/2014,80.58
13/03/2014,81.45
12/03/2014,81.91
11/03/2014,81.71
10/03/2014,81.22
07/03/2014,83.58
06/03/2014,83.8
05/03/2014,85.4
04/03/2014,86.97
03/03/2014,85.22
28/02/2014,86.03
27/02/2014,84.15
26/02/2014,82.57
25/02/2014,85.22
24/02/2014,87.7
21/02/2014,87.24
20/02/2014,87.24
19/02/2014,87.33
18/02/2014,86.88
17/02/2014,86.19
14/02/2014,86.78
13/02/2014,85.43
12/02/2014,86.66
11/02/2014,87.12
10/02/2014,84.94
07/02/2014,85.78
06/02/2014,83.79
05/02/2014,83.11
04/02/2014,81.23
31/01/2014,84.42
30/01/2014,87.28
29/01/2014,88.28
28/01/2014,87.44
27/01/2014,88.02
24/01/2014,89.01
23/01/2014,90.23
22/01/2014,90.1
21/01/2014,89.62
20/01/2014,91.03
17/01/2014,90.2
16/01/2014,91.17
15/01/2014,91.93
14/01/2014,94.06
13/01/2014,94.3
10/01/2014,93.37
09/01/2014,90.94
08/01/2014,90.09
07/01/2014,90.94
06/01/2014,90.61
03/01/2014,92.25
02/01/2014,91.38
31/12/2013,91.36
30/12/2013,90.73
27/12/2013,89.99
26/12/2013,89.79
24/12/2013,90.32
23/12/2013,90.73
20/12/2013,90.53
19/12/2013,91.35
18/12/2013,92.23
17/12/2013,93.83
16/12/2013,96.18
13/12/2013,94.43
11/12/2013,93.3
10/12/2013,93.76
09/12/2013,92.81
06/12/2013,91.94
05/12/2013,91.09
04/12/2013,90.45
03/12/2013,89.66
02/12/2013,89.33
29/11/2013,89.62
28/11/2013,89.43
27/11/2013,89.57
26/11/2013,87.75
25/11/2013,85.16
22/11/2013,85
21/11/2013,84.99
20/11/2013,84.33
19/11/2013,82.95
15/11/2013,84.65
14/11/2013,82.21
13/11/2013,81.46
12/11/2013,79.29
11/11/2013,80.32
08/11/2013,81.24
07/11/2013,81.15
06/11/2013,81.83
05/11/2013,81.19
04/11/2013,82.58
01/11/2013,82.99
31/10/2013,83.28
30/10/2013,83.11
29/10/2013,84.94
28/10/2013,84.63
25/10/2013,82.75
24/10/2013,82.31
23/10/2013,82.37
22/10/2013,82.84
21/10/2013,82.84
18/10/2013,82.73
17/10/2013,82.55
16/10/2013,82.22
15/10/2013,81.56
14/10/2013,82.2
11/10/2013,81.92
10/10/2013,81.57
09/10/2013,81.33
08/10/2013,81.88
07/10/2013,83.19
04/10/2013,84.65
03/10/2013,84.77
02/10/2013,85.05
01/10/2013,84.4
30/09/2013,81.73
27/09/2013,81.79
26/09/2013,83.62
25/09/2013,85.41
24/09/2013,84.09
23/09/2013,84.7
20/09/2013,85.23
19/09/2013,86.64
18/09/2013,86.65
17/09/2013,83.49
13/09/2013,82.94
12/09/2013,81.56
11/09/2013,84.82
10/09/2013,86.9
09/09/2013,84.05
06/09/2013,80.91
05/09/2013,80.17
04/09/2013,80.31
03/09/2013,80.97
02/09/2013,83.5
30/08/2013,83.49
29/08/2013,81.85
28/08/2013,82.44
27/08/2013,81.52
26/08/2013,82.78
23/08/2013,82.54
22/08/2013,82.8
21/08/2013,84.16
20/08/2013,84.11
19/08/2013,84.34
16/08/2013,83.71
15/08/2013,83.79
14/08/2013,84.25
13/08/2013,85.82
12/08/2013,85.91
09/08/2013,89.67
08/08/2013,87.28
07/08/2013,85.11
06/08/2013,84.34
05/08/2013,83.71
02/08/2013,84.54
01/08/2013,83.42
31/07/2013,81.15
30/07/2013,80.38
29/07/2013,80.49
26/07/2013,81.49
25/07/2013,82.12
24/07/2013,81.37
23/07/2013,82.62
22/07/2013,82.95
19/07/2013,82.39
18/07/2013,79.88
17/07/2013,79.73
16/07/2013,72.21
15/07/2013,72.34
12/07/2013,72.66
11/07/2013,73.23
10/07/2013,73.02
09/07/2013,74.9
08/07/2013,74.01
05/07/2013,74.42
04/07/2013,76.37
03/07/2013,74.86
02/07/2013,75.86
01/07/2013,77.86
28/06/2013,76.72
27/06/2013,76.1
26/06/2013,73.41
25/06/2013,73.59
24/06/2013,71.18
21/06/2013,72.2
20/06/2013,70.18
19/06/2013,73.85
18/06/2013,75.75
17/06/2013,77.94
14/06/2013,75.46
13/06/2013,77.33
12/06/2013,78.07
11/06/2013,81.55
10/06/2013,84.87
07/06/2013,82.32
06/06/2013,85.36
05/06/2013,85.44
04/06/2013,85.5
03/06/2013,85.02
31/05/2013,81.75
30/05/2013,80.3
29/05/2013,82.2
28/05/2013,84.45
27/05/2013,83.82
24/05/2013,86.88
23/05/2013,83.56
22/05/2013,84.77
21/05/2013,88.71
20/05/2013,90.37
17/05/2013,91.51
16/05/2013,89.96
15/05/2013,90.69
14/05/2013,92.98
13/05/2013,89.87
10/05/2013,89.99
09/05/2013,91.05
08/05/2013,91.47
07/05/2013,93.88
06/05/2013,89.82
03/05/2013,90.53
02/05/2013,90.87
30/04/2013,91.56
29/04/2013,89.93
26/04/2013,90.5
25/04/2013,92.2
24/04/2013,92.89
23/04/2013,96.25
22/04/2013,95.54
19/04/2013,95.29
18/04/2013,92.06
17/04/2013,94.07
16/04/2013,95.32
15/04/2013,94.33
12/04/2013,96.44
11/04/2013,96.74
10/04/2013,96.34
09/04/2013,94.03
08/04/2013,92.24
05/04/2013,91.4
04/04/2013,95.43
03/04/2013,94.38
02/04/2013,96.35
01/04/2013,97.02
27/03/2013,98.68
26/03/2013,98.85
25/03/2013,95.91
22/03/2013,95.23
21/03/2013,95.49
20/03/2013,95.99
19/03/2013,95.67
15/03/2013,98.67
14/03/2013,98.93
13/03/2013,95.51
12/03/2013,93.53
11/03/2013,91.53
08/03/2013,90.16
07/03/2013,92.73
06/03/2013,94.8
05/03/2013,95.51
04/03/2013,93.98
01/03/2013,92.74
28/02/2013,94.84
27/02/2013,90.93
26/02/2013,88.73
25/02/2013,89.43
22/02/2013,89.96
21/02/2013,88.6
20/02/2013,89.38
19/02/2013,90
18/02/2013,88.49
15/02/2013,86.94
14/02/2013,86.14
13/02/2013,87.83
12/02/2013,88.09
11/02/2013,88.05
08/02/2013,87.6
07/02/2013,85.42
06/02/2013,86.44
05/02/2013,87.11
01/02/2013,87.7
31/01/2013,87.67
30/01/2013,87.95
29/01/2013,89.27
28/01/2013,92.59
25/01/2013,89.77
24/01/2013,89.11
23/01/2013,90
22/01/2013,90.27
21/01/2013,90.97
18/01/2013,89.4
17/01/2013,89.53
16/01/2013,88.44
15/01/2013,87.18
14/01/2013,86.61
11/01/2013,85.05
10/01/2013,86.36
09/01/2013,86.95
08/01/2013,85.69
07/01/2013,85.01
04/01/2013,83.81
03/01/2013,85.34
02/01/2013,86.74
31/12/2012,83.45
28/12/2012,83.92
27/12/2012,82.25
26/12/2012,81.92
24/12/2012,82.53
21/12/2012,81.57
20/12/2012,81.98
19/12/2012,84.5
18/12/2012,83.89
17/12/2012,81.82
14/12/2012,81.5
13/12/2012,81.23
11/12/2012,83.07
10/12/2012,81.73
07/12/2012,79.03
06/12/2012,78.28
05/12/2012,78.93
04/12/2012,78.85
03/12/2012,76.63
30/11/2012,74.12
29/11/2012,75.3
28/11/2012,74.9
27/11/2012,74.11
26/11/2012,74.01
23/11/2012,74.21
22/11/2012,73.97
21/11/2012,72.99
20/11/2012,72.46
16/11/2012,72.06
15/11/2012,71.13
14/11/2012,71.17
13/11/2012,72.13
12/11/2012,71.12
09/11/2012,70.82
08/11/2012,71.55
07/11/2012,71.54
06/11/2012,72.55
05/11/2012,71.96
01/11/2012,73.45
31/10/2012,72.75
30/10/2012,71.48
29/10/2012,71.54
26/10/2012,72.33
25/10/2012,73.19
24/10/2012,72.98
23/10/2012,71.9
22/10/2012,72.88
19/10/2012,73.69
18/10/2012,75.75
17/10/2012,76.63
16/10/2012,76.78
15/10/2012,76.91
12/10/2012,77.03
11/10/2012,76.35
10/10/2012,75.61
09/10/2012,75.51
08/10/2012,77.14
05/10/2012,77.58
04/10/2012,77.57
03/10/2012,75.88
02/10/2012,75.97
01/10/2012,75.51
28/09/2012,72.76
27/09/2012,71.32
26/09/2012,70.91
25/09/2012,72.03
24/09/2012,70.78
21/09/2012,69.36
20/09/2012,69.96
19/09/2012,70.27
18/09/2012,69.7
17/09/2012,70.62
14/09/2012,71.88
13/09/2012,71.91
12/09/2012,71.49
11/09/2012,70.15
10/09/2012,69.2
07/09/2012,68.91
06/09/2012,67.91
05/09/2012,68.13
04/09/2012,67.57
03/09/2012,68.8
31/08/2012,67.27
30/08/2012,68.18
29/08/2012,68.55
28/08/2012,68.81
27/08/2012,68.78
24/08/2012,68.45
23/08/2012,67.1
22/08/2012,67.5
21/08/2012,66.49
20/08/2012,68.26
17/08/2012,68.56
16/08/2012,68.87
15/08/2012,69.97
14/08/2012,69.81
13/08/2012,68.17
10/08/2012,69.43
09/08/2012,70.18
08/08/2012,71.29
07/08/2012,71.3
06/08/2012,71.16
03/08/2012,71.94
02/08/2012,69.1
01/08/2012,69.6
31/07/2012,71.21
30/07/2012,73.37
27/07/2012,71.94
26/07/2012,72.53
25/07/2012,73.4
24/07/2012,73.73
23/07/2012,74.16
20/07/2012,72.98
19/07/2012,71.17
18/07/2012,72.91
17/07/2012,74.73
16/07/2012,72.32
13/07/2012,70.08
12/07/2012,68.03
11/07/2012,67.87
10/07/2012,67.93
09/07/2012,65.61
06/07/2012,66.15
05/07/2012,66.94
04/07/2012,68.07
03/07/2012,68.92
02/07/2012,70.04
29/06/2012,69.15
28/06/2012,66.38
27/06/2012,68.41
26/06/2012,68.49
25/06/2012,68.04
22/06/2012,66.83
21/06/2012,64.82
20/06/2012,67.04
19/06/2012,64.85
18/06/2012,62.38
15/06/2012,62.03
14/06/2012,61.08
13/06/2012,60.91
12/06/2012,62.59
11/06/2012,61.45
08/06/2012,62.13
07/06/2012,62.11
06/06/2012,60.78
05/06/2012,60.22
04/06/2012,59.1
01/06/2012,62.66
31/05/2012,64.13
30/05/2012,63.35
29/05/2012,62.13
28/05/2012,59.92
25/05/2012,59.49
24/05/2012,59.45
23/05/2012,59.87
22/05/2012,59.94
21/05/2012,60.39
18/05/2012,59.94
17/05/2012,61.32
16/05/2012,59.53
15/05/2012,58.05
14/05/2012,60.64
11/05/2012,62.49
10/05/2012,64
09/05/2012,63.02
08/05/2012,61.97
07/05/2012,62.92
04/05/2012,61.69
03/05/2012,61.9
02/05/2012,61.96
30/04/2012,63.11
27/04/2012,64.06
26/04/2012,64.47
25/04/2012,61.89
24/04/2012,61.04
23/04/2012,60.39
20/04/2012,60.46
19/04/2012,60.73
18/04/2012,60.73
17/04/2012,63.26
16/04/2012,64.51
13/04/2012,62.01
12/04/2012,58.85
11/04/2012,57.94
10/04/2012,57.38
09/04/2012,56.99
04/04/2012,56.84
03/04/2012,57.57
02/04/2012,57.02
30/03/2012,56.98
29/03/2012,56.96
28/03/2012,56.82
27/03/2012,56.78
26/03/2012,56.91
23/03/2012,56.43
22/03/2012,56.21
21/03/2012,56.74
20/03/2012,56.47
16/03/2012,56.29
15/03/2012,56.88
14/03/2012,56.89
13/03/2012,57.62
12/03/2012,57.59
09/03/2012,57.28
08/03/2012,55.93
07/03/2012,55.93
06/03/2012,55.4
05/03/2012,56.92
02/03/2012,56.35
01/03/2012,54.5
29/02/2012,52.54
28/02/2012,53.18
27/02/2012,52.76
24/02/2012,54.07
23/02/2012,54.26
22/02/2012,53.84
21/02/2012,54.61
20/02/2012,54
17/02/2012,53.48
16/02/2012,53.28
15/02/2012,53.52
14/02/2012,53.42
13/02/2012,53.31
10/02/2012,52.79
09/02/2012,51.97
08/02/2012,51.1
07/02/2012,51.14
03/02/2012,51.25
02/02/2012,50.94
01/02/2012,51.19
31/01/2012,51.94
30/01/2012,51.89
27/01/2012,52.59
26/01/2012,52.67
25/01/2012,51.98
24/01/2012,51.59
23/01/2012,51.96
20/01/2012,50.8
19/01/2012,51.38
18/01/2012,50.61
17/01/2012,47.44
16/01/2012,48.14
13/01/2012,47.89
12/01/2012,48.19
11/01/2012,47.72
10/01/2012,46.66
09/01/2012,45.5
06/01/2012,44.72
05/01/2012,44
04/01/2012,43.49
03/01/2012,43.44
02/01/2012,42.95
30/12/2011,42.32
29/12/2011,43.13
28/12/2011,42.75
27/12/2011,43.13
26/12/2011,43.3
23/12/2011,43.5
22/12/2011,43.19
21/12/2011,42.7
20/12/2011,42.43
19/12/2011,41.1
16/12/2011,42.66
15/12/2011,43.69
14/12/2011,44.16
13/12/2011,44.03
09/12/2011,45.74
08/12/2011,44.26
07/12/2011,45.28
06/12/2011,45.97
05/12/2011,47.01
02/12/2011,46.58
01/12/2011,45.91
30/11/2011,46.94
29/11/2011,43.98
28/11/2011,43.65
25/11/2011,42.57
24/11/2011,43.59
23/11/2011,44.26
22/11/2011,46.09
18/11/2011,45.55
17/11/2011,46.1
16/11/2011,46.22
15/11/2011,46.01
14/11/2011,46.32
11/11/2011,47.78
10/11/2011,45.81
09/11/2011,46.13
08/11/2011,47.92
07/11/2011,47.1
04/11/2011,46.34
03/11/2011,46.02
01/11/2011,43.98
31/10/2011,45.51
28/10/2011,46.19
27/10/2011,46.87
26/10/2011,44.86
25/10/2011,44.05
24/10/2011,42.85
21/10/2011,42.35
20/10/2011,42.18
19/10/2011,42.77
18/10/2011,44.24
17/10/2011,43.55
14/10/2011,46.28
13/10/2011,44.48
12/10/2011,43.74
11/10/2011,41.92
10/10/2011,42.21
07/10/2011,40.16
06/10/2011,40
05/10/2011,40.36
04/10/2011,39.61
03/10/2011,41.45
30/09/2011,41.16
29/09/2011,39.85
28/09/2011,40.96
27/09/2011,39.94
26/09/2011,39.08
23/09/2011,37.96
22/09/2011,39.56
21/09/2011,43.11
20/09/2011,44.67
19/09/2011,45.99
15/09/2011,45.84
14/09/2011,45
13/09/2011,43.87
12/09/2011,44.11
09/09/2011,45.06
08/09/2011,47.37
07/09/2011,46.81
06/09/2011,44.42
05/09/2011,44.1
02/09/2011,46.6
01/09/2011,47.6
31/08/2011,50.18
30/08/2011,46.25
29/08/2011,46.34
26/08/2011,44.53
25/08/2011,42.37
24/08/2011,42.72
23/08/2011,43.4
22/08/2011,41.63
19/08/2011,40
18/08/2011,41.1
17/08/2011,43.14
16/08/2011,44.09
15/08/2011,45.01
12/08/2011,43.34
11/08/2011,43.68
10/08/2011,42.69
09/08/2011,43.27
08/08/2011,44.74
05/08/2011,48.18
04/08/2011,47.4
03/08/2011,50.38
02/08/2011,49.69
01/08/2011,51.4
29/07/2011,51.29
28/07/2011,50.64
27/07/2011,49.95
26/07/2011,51.11
25/07/2011,52.94
22/07/2011,53.06
21/07/2011,53.06
20/07/2011,52.16
19/07/2011,52.86
18/07/2011,52.93
15/07/2011,53.71
14/07/2011,54.14
13/07/2011,54.63
12/07/2011,54.64
11/07/2011,55
08/07/2011,54.77
07/07/2011,54.18
06/07/2011,53.62
05/07/2011,52.85
04/07/2011,53.45
01/07/2011,53.5
30/06/2011,53.3
29/06/2011,53.44
28/06/2011,53.39
27/06/2011,52.64
24/06/2011,52.39
23/06/2011,51.43
22/06/2011,51.99
21/06/2011,51.98
20/06/2011,52.57
17/06/2011,53.28
16/06/2011,53.94
15/06/2011,54.03
14/06/2011,54.56
13/06/2011,54.12
10/06/2011,54.62
09/06/2011,55.06
08/06/2011,54.55
07/06/2011,54.06
06/06/2011,53.66
03/06/2011,53.03
02/06/2011,53.37
01/06/2011,53.37
31/05/2011,53.94
30/05/2011,54.04
27/05/2011,53.71
26/05/2011,54.3
25/05/2011,54.59
24/05/2011,54.34
23/05/2011,54.66
20/05/2011,54.99
19/05/2011,54.34
18/05/2011,54.02
17/05/2011,52.48
16/05/2011,53.37
13/05/2011,54.23
12/05/2011,54.69
11/05/2011,56.17
10/05/2011,56.68
09/05/2011,56.51
06/05/2011,55.79
05/05/2011,56.28
04/05/2011,56.68
03/05/2011,56.18
02/05/2011,57.11
29/04/2011,57.97
28/04/2011,56.96
27/04/2011,57.5
26/04/2011,57.62
25/04/2011,58.12
20/04/2011,58.14
19/04/2011,57.88
18/04/2011,56.59
15/04/2011,57.44
14/04/2011,57.41
13/04/2011,57.98
12/04/2011,58.48
11/04/2011,60.34
08/04/2011,59.55
07/04/2011,58.93
06/04/2011,58.69
05/04/2011,57.64
04/04/2011,56.89
01/04/2011,55.97
31/03/2011,55.98
30/03/2011,55.02
29/03/2011,54.97
28/03/2011,53.72
25/03/2011,54.69
24/03/2011,55.17
23/03/2011,54.03
22/03/2011,53.83
18/03/2011,52.8
17/03/2011,52.5
16/03/2011,52.91
15/03/2011,53.33
14/03/2011,53.4
11/03/2011,53.09
10/03/2011,53.51
09/03/2011,53.84
08/03/2011,53.94
07/03/2011,53.16
04/03/2011,54
03/03/2011,54.64
02/03/2011,53.9
01/03/2011,54.94
28/02/2011,54.96
25/02/2011,54.43
24/02/2011,53.4
23/02/2011,53.97
22/02/2011,53.18
21/02/2011,55.47
18/02/2011,56.53
17/02/2011,55.63
16/02/2011,54.6
15/02/2011,54.11
14/02/2011,55.86
11/02/2011,54.73
10/02/2011,53.33
09/02/2011,52.34
08/02/2011,53.66
04/02/2011,52.98
03/02/2011,52.73
02/02/2011,53.88
01/02/2011,54
31/01/2011,53.98
28/01/2011,53.67
27/01/2011,54.37
26/01/2011,53.99
25/01/2011,54.23
24/01/2011,54.82
21/01/2011,56.5
20/01/2011,56.42
19/01/2011,56.83
18/01/2011,57.72
17/01/2011,57.98
14/01/2011,57.39
13/01/2011,57.69
12/01/2011,57.22
11/01/2011,57.91
10/01/2011,59.22
07/01/2011,59.51
06/01/2011,59.79
05/01/2011,59.95
04/01/2011,59.18
03/01/2011,58.49
31/12/2010,58.86
30/12/2010,57.18
29/12/2010,58.46
28/12/2010,58.36
27/12/2010,58.69
24/12/2010,58.85
23/12/2010,59.05
22/12/2010,59.2
21/12/2010,59.18
20/12/2010,59.34
17/12/2010,59.76
16/12/2010,60.03
15/12/2010,59.21
14/12/2010,59.38
13/12/2010,58.98
10/12/2010,58.82
09/12/2010,57.75
08/12/2010,58.22
07/12/2010,58.7
06/12/2010,59.9
03/12/2010,59.49
02/12/2010,56.79
01/12/2010,54.84
30/11/2010,53.79
29/11/2010,53.92
26/11/2010,53.78
25/11/2010,54.04
24/11/2010,54.22
23/11/2010,54.09
22/11/2010,54.5
19/11/2010,53.9
18/11/2010,53.65
17/11/2010,53.62
16/11/2010,53.82
12/11/2010,52.7
11/11/2010,53
10/11/2010,54.22
09/11/2010,54.27
08/11/2010,54.12
05/11/2010,54.6
04/11/2010,54.86
03/11/2010,53.78
01/11/2010,53.26
29/10/2010,52.67
28/10/2010,53.61
27/10/2010,53.06
26/10/2010,51.72
25/10/2010,51.99
22/10/2010,51.73
21/10/2010,49.98
20/10/2010,49.22
19/10/2010,48.85
18/10/2010,49.11
15/10/2010,49.27
14/10/2010,49.29
13/10/2010,48.65
12/10/2010,48.49
11/10/2010,48.82
08/10/2010,49.07
07/10/2010,48.56
06/10/2010,48.56
05/10/2010,49
04/10/2010,49.2
01/10/2010,48.59
30/09/2010,47.71
29/09/2010,47.44
28/09/2010,47.3
27/09/2010,46.67
24/09/2010,47.07
23/09/2010,47.92
22/09/2010,49.51
21/09/2010,50.27
20/09/2010,51.23
15/09/2010,51.18
14/09/2010,51.27
13/09/2010,50.61
10/09/2010,50.34
09/09/2010,49.9
08/09/2010,49.05
07/09/2010,48.67
06/09/2010,49.14
03/09/2010,49.16
02/09/2010,49.11
01/09/2010,48.75
31/08/2010,47.49
30/08/2010,47.06
27/08/2010,47.5
26/08/2010,46.11
25/08/2010,46.63
24/08/2010,46.89
23/08/2010,47.42
20/08/2010,47.84
19/08/2010,46.84
18/08/2010,47.18
17/08/2010,48.19
16/08/2010,48.59
13/08/2010,48.61
12/08/2010,48.01
11/08/2010,48.26
10/08/2010,48.39
09/08/2010,49.57
06/08/2010,49.41
05/08/2010,49.39
04/08/2010,49.95
03/08/2010,50.89
02/08/2010,50.99
30/07/2010,49.55
29/07/2010,49.71
28/07/2010,49.22
27/07/2010,49.45
26/07/2010,48.88
23/07/2010,49.14
22/07/2010,49.93
21/07/2010,49.08
20/07/2010,49.7
19/07/2010,49.81
16/07/2010,49.46
15/07/2010,50
14/07/2010,50
13/07/2010,49.59
12/07/2010,48.43
09/07/2010,49.01
08/07/2010,49.25
07/07/2010,49.27
06/07/2010,49.21
05/07/2010,49.44
02/07/2010,49.57
01/07/2010,49.98
30/06/2010,50.14
29/06/2010,50.44
28/06/2010,52.71
25/06/2010,52.78
24/06/2010,51.86
23/06/2010,51.9
22/06/2010,51.83
21/06/2010,53.33
18/06/2010,52.99
17/06/2010,53.93
16/06/2010,55.47
15/06/2010,54.76
14/06/2010,54.06
11/06/2010,53.41
10/06/2010,52.27
09/06/2010,49.45
08/06/2010,48.66
07/06/2010,47.69
04/06/2010,50.09
03/06/2010,50.02
02/06/2010,49.33
01/06/2010,50.21
31/05/2010,50.51
28/05/2010,49.84
27/05/2010,50.14
26/05/2010,48.06
25/05/2010,46.61
24/05/2010,48.95
21/05/2010,47.74
20/05/2010,45.65
19/05/2010,47
18/05/2010,46.43
17/05/2010,46.91
14/05/2010,48.38
13/05/2010,49.16
12/05/2010,49.85
11/05/2010,49.05
10/05/2010,51
07/05/2010,49.78
06/05/2010,50.59
05/05/2010,52.02
04/05/2010,51.51
03/05/2010,52.4
30/04/2010,51.12
29/04/2010,52.66
28/04/2010,51.49
27/04/2010,52
26/04/2010,53.31
23/04/2010,53.24
22/04/2010,54.01
21/04/2010,55.73
20/04/2010,56.97
19/04/2010,56.05
16/04/2010,55.9
15/04/2010,56.73
14/04/2010,56.25
13/04/2010,55.38
12/04/2010,55.06
09/04/2010,55.19
08/04/2010,54.12
07/04/2010,53.91
06/04/2010,54.9
05/04/2010,54.84
31/03/2010,54.57
30/03/2010,54.52
29/03/2010,54.67
26/03/2010,53.54
25/03/2010,53.38
24/03/2010,50.98
23/03/2010,50.53
22/03/2010,51.12
19/03/2010,50.46
18/03/2010,51.3
17/03/2010,50.97
16/03/2010,50.71
12/03/2010,50.51
11/03/2010,50.6
10/03/2010,50.24
09/03/2010,50.51
08/03/2010,51.24
05/03/2010,49.87
04/03/2010,49.72
03/03/2010,49.34
02/03/2010,48.51
01/03/2010,48.08
26/02/2010,47.78
25/02/2010,47.61
24/02/2010,48
23/02/2010,48
22/02/2010,47.94
19/02/2010,48.69
18/02/2010,48.03
17/02/2010,45.55
16/02/2010,46.18
15/02/2010,45.26
12/02/2010,45.22
11/02/2010,44.69
10/02/2010,44.06
09/02/2010,44.41
08/02/2010,45.36
05/02/2010,46.35
04/02/2010,45.53
03/02/2010,46.38
02/02/2010,45.44
29/01/2010,43.01
28/01/2010,43.22
27/01/2010,41.82
26/01/2010,43.48
25/01/2010,44.47
22/01/2010,45.9
21/01/2010,46.76
20/01/2010,46.72
19/01/2010,47.25
18/01/2010,47.28
15/01/2010,46.8
14/01/2010,47.33
13/01/2010,46.37
12/01/2010,45.45
11/01/2010,46.04
08/01/2010,47.33
07/01/2010,47.83
06/01/2010,47.87
05/01/2010,47.74
04/01/2010,47.97
31/12/2009,47.84
30/12/2009,47.6
29/12/2009,47.27
28/12/2009,47.04
24/12/2009,47.05
23/12/2009,47.05
22/12/2009,46.82
21/12/2009,45.66
18/12/2009,44.3
17/12/2009,44.51
16/12/2009,44.26
15/12/2009,45.75
14/12/2009,46.37
11/12/2009,46.65
10/12/2009,46.52
09/12/2009,46.62
08/12/2009,46.6
07/12/2009,47.73
04/12/2009,48.37
03/12/2009,48.93
02/12/2009,48.69
01/12/2009,47.04
30/11/2009,44.75
27/11/2009,46.05
26/11/2009,45.9
25/11/2009,47.77
24/11/2009,48.01
23/11/2009,49.41
20/11/2009,49.27
19/11/2009,50.43
18/11/2009,49.65
17/11/2009,50.44
13/11/2009,47.96
12/11/2009,46.23
11/11/2009,48.38
10/11/2009,46.53
09/11/2009,46.91
06/11/2009,45.12
05/11/2009,44.81
04/11/2009,44.43
03/11/2009,43.62
30/10/2009,43.31
29/10/2009,44.26
28/10/2009,38.92
27/10/2009,42.4
26/10/2009,45.34
23/10/2009,45.58
22/10/2009,45.17
21/10/2009,45.6
20/10/2009,45.46
19/10/2009,45.26
16/10/2009,44.82
15/10/2009,45.72
14/10/2009,46.18
13/10/2009,44.78
12/10/2009,44.39
09/10/2009,42.48
08/10/2009,42.7
07/10/2009,43.82
06/10/2009,44.18
05/10/2009,43.7
02/10/2009,43.51
01/10/2009,43.69
30/09/2009,45.19
29/09/2009,44.16
28/09/2009,43.46
25/09/2009,42.32
24/09/2009,44
23/09/2009,42.51
22/09/2009,42
21/09/2009,41.8
18/09/2009,42.56
17/09/2009,41.02
15/09/2009,41.23
14/09/2009,41.66
11/09/2009,42.69
10/09/2009,41.61
09/09/2009,40.04
08/09/2009,40.07
07/09/2009,38.57
04/09/2009,37.72
03/09/2009,38.05
02/09/2009,38.35
01/09/2009,38.23
31/08/2009,39.19
28/08/2009,40.19
27/08/2009,40
26/08/2009,40.65
25/08/2009,38.6
24/08/2009,39.41
21/08/2009,38.47
20/08/2009,37.32
19/08/2009,36.81
18/08/2009,35.93
17/08/2009,36.21
14/08/2009,36.69
13/08/2009,38.51
12/08/2009,35.99
11/08/2009,36.09
10/08/2009,36.8
07/08/2009,35.91
06/08/2009,34.88
05/08/2009,34.32
04/08/2009,33.14
03/08/2009,33.56
31/07/2009,32.57
30/07/2009,33.13
29/07/2009,32.61
28/07/2009,33.09
27/07/2009,32.56
24/07/2009,32.62
23/07/2009,35.68
22/07/2009,36.31
21/07/2009,36.45
20/07/2009,38.56
17/07/2009,36.8
16/07/2009,36.12
15/07/2009,36.06
14/07/2009,34.31
13/07/2009,33.24
10/07/2009,31.85
09/07/2009,32.97
08/07/2009,32.13
07/07/2009,32.1
06/07/2009,33.26
03/07/2009,32.25
02/07/2009,32
01/07/2009,32.66
30/06/2009,32.05
29/06/2009,32.26
26/06/2009,32.21
25/06/2009,32.67
24/06/2009,31.6
23/06/2009,30.05
22/06/2009,30.95
19/06/2009,30.99
18/06/2009,30.24
17/06/2009,31.01
16/06/2009,30.57
15/06/2009,32.23
12/06/2009,32.69
11/06/2009,32.64
10/06/2009,31.38
09/06/2009,33.19
08/06/2009,32.61
05/06/2009,30.93
04/06/2009,29.81
03/06/2009,30
02/06/2009,31.15
01/06/2009,31.02
29/05/2009,31.25
28/05/2009,30.48
27/05/2009,29.77
26/05/2009,29.31
25/05/2009,28.94
22/05/2009,28.68
21/05/2009,27.38
20/05/2009,27.64
19/05/2009,27.18
18/05/2009,27.34
15/05/2009,27.55
14/05/2009,26.97
13/05/2009,25.37
12/05/2009,27.04
11/05/2009,28.88
08/05/2009,27.62
07/05/2009,27.04
06/05/2009,29.44
05/05/2009,26
04/05/2009,24.16
30/04/2009,21.7
29/04/2009,21.97
28/04/2009,20.6
27/04/2009,21.27
24/04/2009,23.44
23/04/2009,21.97
22/04/2009,20.83
21/04/2009,21.03
20/04/2009,21.89
17/04/2009,22.53
16/04/2009,22.66
15/04/2009,22.73
14/04/2009,22.65
13/04/2009,22.53
08/04/2009,20.69
07/04/2009,20.53
06/04/2009,21.06
03/04/2009,21.43
02/04/2009,20.51
01/04/2009,18.86
31/03/2009,18.83
30/03/2009,18.71
27/03/2009,21.73
26/03/2009,22.97
25/03/2009,21.52
24/03/2009,20.84
23/03/2009,19.73
20/03/2009,18.91
19/03/2009,18.79
18/03/2009,18.96
17/03/2009,18.45
13/03/2009,17.97
12/03/2009,17.25
11/03/2009,16.8
10/03/2009,15.46
09/03/2009,13.37
06/03/2009,14.47
05/03/2009,14.68
04/03/2009,14.95
03/03/2009,14.13
02/03/2009,14.89
27/02/2009,16.09
26/02/2009,17.01
25/02/2009,17.01
24/02/2009,17.25
23/02/2009,17.09
20/02/2009,17.01
19/02/2009,17.18
18/02/2009,17.71
17/02/2009,18.19
16/02/2009,19.23
13/02/2009,19.28
12/02/2009,19.35
11/02/2009,19.41
10/02/2009,20.43
09/02/2009,21.05
06/02/2009,19.97
05/02/2009,19.57
04/02/2009,20.54
03/02/2009,20.73
30/01/2009,18.93
29/01/2009,19.91
28/01/2009,20.7
27/01/2009,18.97
26/01/2009,18.67
23/01/2009,19.04
22/01/2009,19.36
21/01/2009,19.93
20/01/2009,19.78
19/01/2009,21.46
16/01/2009,21.26
15/01/2009,21.61
14/01/2009,21.86
13/01/2009,22.68
12/01/2009,23.48
09/01/2009,24.32
08/01/2009,23.86
07/01/2009,24.06
06/01/2009,25.23
05/01/2009,26.63
02/01/2009,27
31/12/2008,24.88
30/12/2008,24.42
29/12/2008,23.99
26/12/2008,24.61
24/12/2008,24.61
23/12/2008,24.83
22/12/2008,23.56
19/12/2008,23.43
18/12/2008,22.4
17/12/2008,22.23
16/12/2008,21.47
15/12/2008,21.25
11/12/2008,21.27
10/12/2008,22.05
09/12/2008,21.15
08/12/2008,21.03
05/12/2008,20.27
04/12/2008,19.95
03/12/2008,20.26
02/12/2008,20.53
01/12/2008,20.64
28/11/2008,21.41
27/11/2008,21.1
26/11/2008,19.33
25/11/2008,18
24/11/2008,18.88
21/11/2008,18.43
20/11/2008,18.02
19/11/2008,20.91
18/11/2008,21.74
14/11/2008,23.46
13/11/2008,22.33
12/11/2008,21.11
11/11/2008,23.77
10/11/2008,24.8
07/11/2008,25.92
06/11/2008,25.75
05/11/2008,26.62
04/11/2008,27.48
03/11/2008,26.19
31/10/2008,24.81
30/10/2008,23.01
29/10/2008,19.95
28/10/2008,18.39
27/10/2008,17.31
24/10/2008,18.93
23/10/2008,21.33
22/10/2008,21.64
21/10/2008,23.1
20/10/2008,22
17/10/2008,20.93
16/10/2008,20.42
15/10/2008,22.93
14/10/2008,25.52
13/10/2008,25.55
10/10/2008,19.5
09/10/2008,24.85
08/10/2008,24.94
07/10/2008,27.11
06/10/2008,28.21
03/10/2008,32.6
02/10/2008,33.79
01/10/2008,35.7
30/09/2008,34.92
29/09/2008,33.44
26/09/2008,37.21
25/09/2008,38.14
24/09/2008,36.54
23/09/2008,37.41
22/09/2008,37.63
19/09/2008,38.53
18/09/2008,32.11
17/09/2008,32.03
15/09/2008,33.16
12/09/2008,36.56
11/09/2008,36.21
10/09/2008,39.03
09/09/2008,40.3
08/09/2008,40.93
05/09/2008,39.95
04/09/2008,40.9
03/09/2008,40.24
02/09/2008,41.14
01/09/2008,41.41
29/08/2008,41.43
28/08/2008,40.81
27/08/2008,40.99
26/08/2008,40.53
25/08/2008,41.01
22/08/2008,41.47
21/08/2008,41.11
20/08/2008,41.41
19/08/2008,41.09
18/08/2008,41.4
15/08/2008,42.72
14/08/2008,41.31
13/08/2008,40.42
12/08/2008,40.26
11/08/2008,41.59
08/08/2008,42.21
07/08/2008,42
06/08/2008,42.49
05/08/2008,42.38
04/08/2008,42.06
01/08/2008,43.41
31/07/2008,43.46
30/07/2008,43.57
29/07/2008,43.6
28/07/2008,43.89
25/07/2008,43.94
24/07/2008,43.53
23/07/2008,44.01
22/07/2008,42.55
21/07/2008,42.46
18/07/2008,42.54
17/07/2008,43.91
16/07/2008,42.65
15/07/2008,41.06
14/07/2008,43.11
11/07/2008,45.09
10/07/2008,43.29
09/07/2008,43.86
08/07/2008,43.82
07/07/2008,45.54
04/07/2008,46.1
03/07/2008,46.01
02/07/2008,45.96
01/07/2008,46.75
30/06/2008,48.47
27/06/2008,47.56
26/06/2008,46.62
25/06/2008,47.78
24/06/2008,47.04
23/06/2008,46.04
20/06/2008,46.43
19/06/2008,47.34
18/06/2008,48.09
17/06/2008,48.23
16/06/2008,48.4
13/06/2008,47.55
12/06/2008,46.55
11/06/2008,45.9
10/06/2008,47.16
09/06/2008,48.12
06/06/2008,49.67
05/06/2008,50.34
04/06/2008,49.16
03/06/2008,48.25
02/06/2008,49.22
30/05/2008,50.15
29/05/2008,50.55
28/05/2008,49.93
27/05/2008,49.69
26/05/2008,48.82
23/05/2008,48.2
22/05/2008,48.74
21/05/2008,49.71
20/05/2008,49.98
19/05/2008,49.96
16/05/2008,49.76
15/05/2008,51.29
14/05/2008,50.83
13/05/2008,50.69
12/05/2008,50.55
09/05/2008,49.03
08/05/2008,48.3
07/05/2008,48.28
06/05/2008,47.5
05/05/2008,47.07
02/05/2008,47.45
30/04/2008,46.31
29/04/2008,45.17
28/04/2008,45.38
25/04/2008,45.51
24/04/2008,45.07
23/04/2008,45.51
22/04/2008,45.85
21/04/2008,46.3
18/04/2008,46.34
17/04/2008,46.03
16/04/2008,46.5
15/04/2008,46.93
14/04/2008,46.9
11/04/2008,47.77
10/04/2008,49.04
09/04/2008,47.17
08/04/2008,46.27
07/04/2008,46.17
04/04/2008,46.53
03/04/2008,47.58
02/04/2008,47
01/04/2008,47.63
31/03/2008,46.14
28/03/2008,45.04
27/03/2008,44.57
26/03/2008,44.95
25/03/2008,46.08
24/03/2008,46.15
19/03/2008,45.26
18/03/2008,43.97
14/03/2008,44.74
13/03/2008,46.03
12/03/2008,45.52
11/03/2008,45.57
10/03/2008,43.9
07/03/2008,43.5
06/03/2008,43.85
05/03/2008,44.35
04/03/2008,44.8
03/03/2008,45.2
29/02/2008,42.97
28/02/2008,45.46
27/02/2008,45.94
26/02/2008,44.88
25/02/2008,44.93
22/02/2008,44.68
21/02/2008,44.81
20/02/2008,44.41
19/02/2008,43.2
18/02/2008,44.02
15/02/2008,43.79
14/02/2008,44.52
13/02/2008,44.51
12/02/2008,43.42
11/02/2008,42.17
08/02/2008,41.64
07/02/2008,41.97
06/02/2008,42.12
05/02/2008,43.28
01/02/2008,45.83
31/01/2008,44.66
30/01/2008,43.48
29/01/2008,42.63
28/01/2008,41.98
25/01/2008,42.61
24/01/2008,42.32
23/01/2008,42.45
22/01/2008,42.64
21/01/2008,40.64
18/01/2008,44.01
17/01/2008,43.93
16/01/2008,44.23
15/01/2008,46.5
14/01/2008,46.37
11/01/2008,45.35
10/01/2008,44.16
09/01/2008,42.18
08/01/2008,43.05
07/01/2008,42.64
04/01/2008,42.35
03/01/2008,43.4
02/01/2008,44.5
31/12/2007,45.08
28/12/2007,46.17
27/12/2007,46.38
26/12/2007,46.99
24/12/2007,46.6
21/12/2007,46.19
20/12/2007,46.74
19/12/2007,46.26
18/12/2007,46.38
17/12/2007,43.45
14/12/2007,46.35
13/12/2007,46.93
11/12/2007,48.86
10/12/2007,49.24
07/12/2007,49.51
06/12/2007,49.02
05/12/2007,48.4
04/12/2007,47.34
03/12/2007,48.05
30/11/2007,47.33
29/11/2007,47.81
28/11/2007,47.15
27/11/2007,45.36
26/11/2007,44.07
23/11/2007,46.28
22/11/2007,46.31
21/11/2007,45.86
20/11/2007,48
16/11/2007,48.66
15/11/2007,49.49
14/11/2007,50.74
13/11/2007,48.71
12/11/2007,48.5
09/11/2007,48.21
08/11/2007,49.56
07/11/2007,49.43
06/11/2007,51.81
05/11/2007,49.81
01/11/2007,50.53
31/10/2007,49.16
30/10/2007,49.81
29/10/2007,49.64
26/10/2007,49.38
25/10/2007,50.5
24/10/2007,50.41
23/10/2007,50.07
22/10/2007,49.8
19/10/2007,49.81
18/10/2007,51.36
17/10/2007,51.31
16/10/2007,51.04
15/10/2007,51.36
12/10/2007,50.88
11/10/2007,48.86
10/10/2007,48.9
09/10/2007,48.38
08/10/2007,48.99
05/10/2007,49.99
04/10/2007,49.42
03/10/2007,49.03
02/10/2007,48.74
01/10/2007,45.98
28/09/2007,42.92
27/09/2007,42.91
26/09/2007,42.67
25/09/2007,43.27
24/09/2007,43.45
21/09/2007,43.64
20/09/2007,44.67
19/09/2007,44.58
18/09/2007,44.5
17/09/2007,43.08
14/09/2007,43.11
13/09/2007,43.47
12/09/2007,43.92
11/09/2007,43.58
10/09/2007,43.08
07/09/2007,44.29
06/09/2007,45.01
05/09/2007,45.49
04/09/2007,46.49
03/09/2007,45.98
31/08/2007,44.99
30/08/2007,44.74
29/08/2007,44.66
28/08/2007,44.81
27/08/2007,45.99
24/08/2007,46.36
23/08/2007,47.46
22/08/2007,46.96
21/08/2007,44.94
20/08/2007,44.44
17/08/2007,44.48
16/08/2007,43.94
15/08/2007,43.79
14/08/2007,46.23
13/08/2007,46.85
10/08/2007,46.91
09/08/2007,47.24
08/08/2007,49.18
07/08/2007,48
06/08/2007,47.12
03/08/2007,47.33
02/08/2007,48.62
01/08/2007,48.32
31/07/2007,49.64
30/07/2007,49.25
27/07/2007,47.68
26/07/2007,44.72
25/07/2007,46.52
24/07/2007,47.64
23/07/2007,48.5
20/07/2007,48.02
19/07/2007,49.08
18/07/2007,48.99
17/07/2007,49.88
16/07/2007,51.41
13/07/2007,50.97
12/07/2007,51.48
11/07/2007,51.43
10/07/2007,50.97
09/07/2007,51.1
06/07/2007,51.06
05/07/2007,49.98
04/07/2007,50.22
03/07/2007,50
02/07/2007,49.96
29/06/2007,49.58
28/06/2007,49.91
27/06/2007,49.47
26/06/2007,50.28
25/06/2007,50.51
22/06/2007,51.36
21/06/2007,52.37
20/06/2007,51.58
19/06/2007,52.42
18/06/2007,51.63
15/06/2007,50.92
14/06/2007,51.87
13/06/2007,51.34
12/06/2007,49.89
11/06/2007,50.59
08/06/2007,49.81
07/06/2007,49.23
06/06/2007,50.17
05/06/2007,51.45
04/06/2007,52.27
01/06/2007,51.69
31/05/2007,50.11
30/05/2007,50.13
29/05/2007,50.92
28/05/2007,51.92
25/05/2007,51.06
24/05/2007,50.89
23/05/2007,51.74
22/05/2007,50.7
21/05/2007,50.04
18/05/2007,50.27
17/05/2007,50.73
16/05/2007,50.78
15/05/2007,49.64
14/05/2007,49.13
11/05/2007,49.87
10/05/2007,48.84
09/05/2007,50.1
08/05/2007,50.07
07/05/2007,49.99
04/05/2007,50.72
03/05/2007,49.94
02/05/2007,49.59
30/04/2007,47.56
27/04/2007,47.32
26/04/2007,47.55
25/04/2007,48.92
24/04/2007,49.75
23/04/2007,49.9
20/04/2007,50.55
19/04/2007,50.15
18/04/2007,50.41
17/04/2007,50.64
16/04/2007,51.58
13/04/2007,51.61
12/04/2007,51.28
11/04/2007,50.02
10/04/2007,49
09/04/2007,49.71
04/04/2007,49.49
03/04/2007,51
02/04/2007,52.49
30/03/2007,52.3
29/03/2007,50.83
28/03/2007,48.32
27/03/2007,48.27
26/03/2007,47.26
23/03/2007,47.2
22/03/2007,46.95
21/03/2007,47.07
20/03/2007,44.8
16/03/2007,44.01
15/03/2007,44.39
14/03/2007,44.43
13/03/2007,44.75
12/03/2007,46.04
09/03/2007,45.92
08/03/2007,45.43
07/03/2007,43.66
06/03/2007,43.01
05/03/2007,42.09
02/03/2007,43.36
01/03/2007,45.14
28/02/2007,43.61
27/02/2007,42.71
26/02/2007,46.5
23/02/2007,47.48
22/02/2007,47.51
21/02/2007,46.05
20/02/2007,45.42
19/02/2007,45.71
16/02/2007,45.49
15/02/2007,45.58
14/02/2007,45
13/02/2007,44.99
12/02/2007,44.2
09/02/2007,44
08/02/2007,44.15
07/02/2007,44.73
06/02/2007,45.39
02/02/2007,43.88
01/02/2007,43.71
31/01/2007,43.77
30/01/2007,43.09
29/01/2007,42.45
26/01/2007,43.15
25/01/2007,42.64
24/01/2007,43.84
23/01/2007,43.96
22/01/2007,43.7
19/01/2007,41.45
18/01/2007,41.15
17/01/2007,42.6
16/01/2007,42.82
15/01/2007,42.7
12/01/2007,42.89
11/01/2007,42.07
10/01/2007,41.76
09/01/2007,41.98
08/01/2007,43.1
05/01/2007,43.14
04/01/2007,43.69
03/01/2007,43.52
02/01/2007,42.57
29/12/2006,42.25
28/12/2006,42.2
27/12/2006,42.09
26/12/2006,41.67
22/12/2006,41.85
21/12/2006,42.16
20/12/2006,41.65
19/12/2006,41.76
18/12/2006,41.9
15/12/2006,41.53
14/12/2006,40.9
13/12/2006,41.49
11/12/2006,41.94
08/12/2006,42.11
07/12/2006,41.28
06/12/2006,41.04
05/12/2006,41.2
04/12/2006,40.92
30/11/2006,40.97
29/11/2006,40.8
28/11/2006,39.71
27/11/2006,39.43
24/11/2006,40.44
23/11/2006,40.8
22/11/2006,40.8
21/11/2006,40.37
17/11/2006,40.98
16/11/2006,41.65
15/11/2006,42.41
14/11/2006,42.14
13/11/2006,42.95
10/11/2006,41.43
09/11/2006,39.98
08/11/2006,39.38
07/11/2006,39.37
06/11/2006,39.45
03/11/2006,38.5
01/11/2006,38.47
31/10/2006,38.74
30/10/2006,36.99
27/10/2006,38.11
26/10/2006,39.32
25/10/2006,39.01
24/10/2006,37.91
23/10/2006,37.5
20/10/2006,37.38
19/10/2006,37.49
18/10/2006,36.67
17/10/2006,36.17
16/10/2006,36.83
13/10/2006,36.4
12/10/2006,36.23
11/10/2006,35.44
10/10/2006,34.97
09/10/2006,35.24
06/10/2006,35.1
05/10/2006,35.36
04/10/2006,34.31
03/10/2006,33.68
02/10/2006,33.61
29/09/2006,34.66
28/09/2006,34.6
27/09/2006,34.42
26/09/2006,34.51
25/09/2006,35
22/09/2006,33.36
21/09/2006,34.31
20/09/2006,35.28
19/09/2006,34.99
18/09/2006,35.14
15/09/2006,35.25
14/09/2006,35.46
13/09/2006,35.15
12/09/2006,34.02
11/09/2006,32.21
08/09/2006,32.58
07/09/2006,32.44
06/09/2006,32.36
05/09/2006,32.47
04/09/2006,32.5
01/09/2006,32.39
31/08/2006,32
30/08/2006,32.5
29/08/2006,32
28/08/2006,30.87
25/08/2006,30.66
24/08/2006,30.53
23/08/2006,30.14
22/08/2006,30.49
21/08/2006,30.43
18/08/2006,30.63
17/08/2006,30.6
16/08/2006,30.34
15/08/2006,30.47
14/08/2006,30.17
11/08/2006,30.15
10/08/2006,29.86
09/08/2006,30.08
08/08/2006,30.78
07/08/2006,30.49
04/08/2006,30.15
03/08/2006,29.8
02/08/2006,30.01
01/08/2006,30.06
31/07/2006,30.12
28/07/2006,31.04
27/07/2006,30.95
26/07/2006,30.1
25/07/2006,29.72
24/07/2006,29.4
21/07/2006,28.97
20/07/2006,28.28
19/07/2006,29.14
18/07/2006,27.97
17/07/2006,26.79
14/07/2006,26.85
13/07/2006,27.85
12/07/2006,29.2
11/07/2006,29.4
10/07/2006,29.16
07/07/2006,28.61
06/07/2006,29.25
05/07/2006,28.37
04/07/2006,29.4
03/07/2006,28.02
30/06/2006,26.25
29/06/2006,26.81
28/06/2006,26.19
27/06/2006,25.32
26/06/2006,25.88
23/06/2006,26.42
22/06/2006,25.94
21/06/2006,26.13
20/06/2006,25.85
19/06/2006,25.91
16/06/2006,26.42
15/06/2006,25.88
14/06/2006,25.43
13/06/2006,25.47
12/06/2006,25.28
09/06/2006,25.61
08/06/2006,26.91
07/06/2006,27.54
06/06/2006,28.39
05/06/2006,28.45
02/06/2006,29
01/06/2006,28.87
31/05/2006,26.86
30/05/2006,26.22
29/05/2006,27.52
26/05/2006,27.98
25/05/2006,27.64
24/05/2006,26.21
23/05/2006,25.86
22/05/2006,26.15
19/05/2006,28
18/05/2006,27.85
17/05/2006,26.86
16/05/2006,28.82
15/05/2006,29.26
12/05/2006,29.57
11/05/2006,30.35
10/05/2006,30.32
09/05/2006,31.22
08/05/2006,31.65
05/05/2006,31.54
04/05/2006,30.43
03/05/2006,30.39
02/05/2006,30.08
28/04/2006,28.9
27/04/2006,29.05
26/04/2006,28.79
25/04/2006,28.19
24/04/2006,28.31
21/04/2006,29.17
20/04/2006,29.45
19/04/2006,29.05
18/04/2006,28.31
17/04/2006,26.74
12/04/2006,25.89
11/04/2006,25.09
10/04/2006,25.15
07/04/2006,25.22
06/04/2006,25.59
05/04/2006,25.59
04/04/2006,26.01
03/04/2006,26.4
31/03/2006,25.89
30/03/2006,24.94
29/03/2006,24.42
28/03/2006,23.94
27/03/2006,24.63
24/03/2006,24.9
23/03/2006,24.19
22/03/2006,25.04
20/03/2006,24.78
17/03/2006,24.67
16/03/2006,24.88
15/03/2006,24.51
14/03/2006,24.43
13/03/2006,24.07
10/03/2006,23.56
09/03/2006,23.61
08/03/2006,23.61
07/03/2006,24.5
06/03/2006,25.36
03/03/2006,26.06
02/03/2006,26.1
01/03/2006,26.2
28/02/2006,25.61
27/02/2006,25.63
24/02/2006,25.59
23/02/2006,25.61
22/02/2006,26.25
21/02/2006,26.23
20/02/2006,26
17/02/2006,25.97
16/02/2006,25.47
15/02/2006,24.98
14/02/2006,24.64
13/02/2006,23.28
10/02/2006,24.85
09/02/2006,25.65
08/02/2006,25.38
07/02/2006,26.73
03/02/2006,26.4
02/02/2006,26.96
01/02/2006,24.83
31/01/2006,24.86
30/01/2006,24.75
27/01/2006,25.04
26/01/2006,24.71
25/01/2006,23.91
24/01/2006,23.84
23/01/2006,23.08
20/01/2006,23.5
19/01/2006,23.47
18/01/2006,23
17/01/2006,22.8
16/01/2006,23.17
13/01/2006,23
12/01/2006,23.09
11/01/2006,23.15
10/01/2006,22.05
09/01/2006,22.42
06/01/2006,22.57
05/01/2006,22.45
04/01/2006,22.64
03/01/2006,22.55
02/01/2006,22.12
30/12/2005,22.28
29/12/2005,21.99
28/12/2005,21.69
27/12/2005,21.74
26/12/2005,21.64
23/12/2005,21.7
22/12/2005,21.63
21/12/2005,21.54
20/12/2005,21.45
19/12/2005,21.89
16/12/2005,22.01
15/12/2005,22.23
14/12/2005,21.7
13/12/2005,20.78
09/12/2005,21.19
08/12/2005,22.1
07/12/2005,22.52
06/12/2005,22.87
05/12/2005,23
02/12/2005,22.91
01/12/2005,22.68
30/11/2005,22.87
29/11/2005,23.1
28/11/2005,23.11
25/11/2005,23.78
24/11/2005,23.3
23/11/2005,23.17
22/11/2005,22.84
21/11/2005,23.05
18/11/2005,22.83
17/11/2005,22.37
16/11/2005,22.25
15/11/2005,22.56
14/11/2005,22.98
11/11/2005,23.1
10/11/2005,23.13
09/11/2005,23.21
08/11/2005,23.17
07/11/2005,22.91
04/11/2005,22.96
03/11/2005,22.89
02/11/2005,23.09
01/11/2005,23.01
31/10/2005,22.99
28/10/2005,22.99
27/10/2005,23.04
26/10/2005,23.04
25/10/2005,22.75
24/10/2005,22.41
21/10/2005,21.92
20/10/2005,21.5
19/10/2005,21.54
18/10/2005,21.88
17/10/2005,22.27
14/10/2005,21.7
13/10/2005,22.47
12/10/2005,23.14
11/10/2005,23.13
10/10/2005,23.11
07/10/2005,22.51
06/10/2005,22.5
05/10/2005,23.86
04/10/2005,23.95
03/10/2005,24.42
30/09/2005,24.04
29/09/2005,24.01
28/09/2005,24
27/09/2005,24.04
26/09/2005,24.34
23/09/2005,24.2
22/09/2005,23.79
21/09/2005,24.25
20/09/2005,23.69
19/09/2005,23.22
15/09/2005,22.5
14/09/2005,22.44
13/09/2005,22.35
12/09/2005,22.73
09/09/2005,23.13
08/09/2005,23.29
07/09/2005,23.5
06/09/2005,23.25
05/09/2005,22.98
02/09/2005,22.87
01/09/2005,22.65
31/08/2005,22.13
30/08/2005,21.62
29/08/2005,22.24
26/08/2005,22.75
25/08/2005,22.58
24/08/2005,22.75
23/08/2005,23.13
22/08/2005,23.54
19/08/2005,23.27
18/08/2005,23.48
17/08/2005,23.54
16/08/2005,22.55
15/08/2005,22.5
12/08/2005,22.25
11/08/2005,22.05
10/08/2005,21.73
09/08/2005,21.75
08/08/2005,21.62
05/08/2005,21.2
04/08/2005,21.48
03/08/2005,22.05
02/08/2005,22.2
01/08/2005,22.46
29/07/2005,22.48
28/07/2005,22.12
27/07/2005,21.76
26/07/2005,20.8
25/07/2005,20.78
22/07/2005,21.26
21/07/2005,20.9
20/07/2005,20.77
19/07/2005,20.5
18/07/2005,19.85
15/07/2005,19.4
14/07/2005,19.44
13/07/2005,19.28
12/07/2005,19.06
11/07/2005,18.74
08/07/2005,18.92
07/07/2005,18.57
06/07/2005,18.38
05/07/2005,18.39
04/07/2005,17.93
01/07/2005,18.05
30/06/2005,17.72
29/06/2005,17.88
28/06/2005,18
27/06/2005,17.69
24/06/2005,17.7
23/06/2005,17.68
22/06/2005,17.98
21/06/2005,18.17
20/06/2005,18.47
17/06/2005,18.47
16/06/2005,18.45
15/06/2005,18.67
14/06/2005,18.65
13/06/2005,18.48
10/06/2005,18.49
09/06/2005,18.5
08/06/2005,18.44
07/06/2005,18.8
06/06/2005,18.8
03/06/2005,18.7
02/06/2005,18.68
01/06/2005,18.35
31/05/2005,18.13
30/05/2005,18.13
27/05/2005,18.25
26/05/2005,18.37
25/05/2005,18.23
24/05/2005,17.86
23/05/2005,17.65
20/05/2005,17.73
19/05/2005,17.53
18/05/2005,17.43
17/05/2005,17.01
16/05/2005,17.14
13/05/2005,17.01
12/05/2005,17
11/05/2005,16.96
10/05/2005,17.15
09/05/2005,17.5
06/05/2005,17.58
05/05/2005,17.9
04/05/2005,17.87
03/05/2005,17.97
02/05/2005,18
29/04/2005,17.85
28/04/2005,17.64
27/04/2005,17.93
26/04/2005,18.11
25/04/2005,17.37
22/04/2005,16.83
21/04/2005,16.97
20/04/2005,16.5
19/04/2005,16.42
18/04/2005,16.16
15/04/2005,16.42
14/04/2005,17.4
13/04/2005,17.34
12/04/2005,17.24
11/04/2005,17.2
08/04/2005,17.3
07/04/2005,17.15
06/04/2005,16.57
05/04/2005,17.04
04/04/2005,17.48
01/04/2005,18.22
31/03/2005,18.19
30/03/2005,17.5
29/03/2005,17.48
28/03/2005,17.56
23/03/2005,17.55
22/03/2005,17.62
18/03/2005,17.33
17/03/2005,17.19
16/03/2005,17.09
15/03/2005,17.37
14/03/2005,17.73
11/03/2005,17.9
10/03/2005,18
09/03/2005,18.06
08/03/2005,18.4
07/03/2005,18.7
04/03/2005,18.86
03/03/2005,18.65
02/03/2005,18.81
01/03/2005,18.74
28/02/2005,19.2
25/02/2005,19.45
24/02/2005,19.33
23/02/2005,19.23
22/02/2005,18.93
21/02/2005,18.54
18/02/2005,18.38
17/02/2005,18.2
16/02/2005,18
15/02/2005,17.97
14/02/2005,17.87
11/02/2005,17.98
10/02/2005,17.98
09/02/2005,17.86
08/02/2005,18
07/02/2005,17.88
04/02/2005,17.92
03/02/2005,18.03
02/02/2005,17.94
01/02/2005,18.08
31/01/2005,17.99
28/01/2005,17.67
27/01/2005,17.49
26/01/2005,17.49
25/01/2005,17.08
24/01/2005,17.04
21/01/2005,17.19
20/01/2005,17.38
19/01/2005,17.5
18/01/2005,17.5
17/01/2005,17.53
14/01/2005,17.41
13/01/2005,16.97
12/01/2005,16.16
11/01/2005,16
10/01/2005,16.23
07/01/2005,16.37
06/01/2005,16.52
05/01/2005,16.49
04/01/2005,16.78
03/01/2005,17.27
31/12/2004,17.54
30/12/2004,17.56
29/12/2004,17.32
28/12/2004,17.45
27/12/2004,17.45
24/12/2004,17.13
23/12/2004,17.12
22/12/2004,17.05
21/12/2004,16.56
20/12/2004,16.55
17/12/2004,16.42
16/12/2004,16.45
15/12/2004,16.21
14/12/2004,15.82
13/12/2004,15.97
10/12/2004,15.99
09/12/2004,15.7
08/12/2004,15.7
07/12/2004,15.28
06/12/2004,15.39
03/12/2004,15.63
02/12/2004,15.65
01/12/2004,15.55
30/11/2004,15.76
29/11/2004,14.97
26/11/2004,15
25/11/2004,15
24/11/2004,14.81
23/11/2004,14.93
22/11/2004,14.69
19/11/2004,14.59
18/11/2004,15.16
17/11/2004,15.06
16/11/2004,14.54
15/11/2004,14.59
12/11/2004,14.31
11/11/2004,14.55
10/11/2004,14.18
09/11/2004,13.72
08/11/2004,13.76
05/11/2004,13.77
04/11/2004,13.71
03/11/2004,13.74
02/11/2004,13.6
01/11/2004,13.62
29/10/2004,13.55
28/10/2004,13.48
27/10/2004,13.38
26/10/2004,13.51
25/10/2004,13.45
22/10/2004,13.27
21/10/2004,13.21
20/10/2004,12.83
19/10/2004,12.75
18/10/2004,12.69
15/10/2004,12.8
14/10/2004,12.91
13/10/2004,13.06
12/10/2004,13.18
11/10/2004,13.22
08/10/2004,13.19
07/10/2004,13.5
06/10/2004,13.44
05/10/2004,13.45
04/10/2004,13.48
01/10/2004,13.59
30/09/2004,13.45
29/09/2004,13.46
28/09/2004,12.77
27/09/2004,12.47
24/09/2004,12.28
23/09/2004,12
22/09/2004,11.58
21/09/2004,11.58
20/09/2004,11.5
17/09/2004,11.48
15/09/2004,11.49
14/09/2004,11.43
13/09/2004,11.15
10/09/2004,11.18
09/09/2004,11.17
08/09/2004,11.2
07/09/2004,11.18
06/09/2004,11.16
03/09/2004,11.13
02/09/2004,11.19
01/09/2004,11.17
31/08/2004,11.21
30/08/2004,11.1
27/08/2004,11.05
26/08/2004,11.01
25/08/2004,10.97
24/08/2004,11.11
23/08/2004,11.13
20/08/2004,11.01
19/08/2004,11.01
18/08/2004,11.13
17/08/2004,11.21
16/08/2004,10.92
13/08/2004,10.7
12/08/2004,10.73
11/08/2004,10.94
10/08/2004,10.85
09/08/2004,10.51
06/08/2004,10.5
05/08/2004,10.59
04/08/2004,10.45
03/08/2004,10.4
02/08/2004,10.45
30/07/2004,10.5
29/07/2004,10.24
28/07/2004,10.11
27/07/2004,10.04
26/07/2004,9.88
23/07/2004,9.83
22/07/2004,9.89
21/07/2004,10
20/07/2004,9.96
19/07/2004,9.97
16/07/2004,9.95
15/07/2004,9.54
14/07/2004,9.4
13/07/2004,9.5
12/07/2004,9.57
09/07/2004,9.7
08/07/2004,9.68
07/07/2004,9.81
06/07/2004,9.86
05/07/2004,9.91
02/07/2004,9.93
01/07/2004,10.04
30/06/2004,10.21
29/06/2004,9.77
28/06/2004,9.77
25/06/2004,10.09
24/06/2004,10.22
23/06/2004,10.32
22/06/2004,10.25
21/06/2004,10.25
18/06/2004,10.32
17/06/2004,10.25
16/06/2004,10.28
15/06/2004,10.31
14/06/2004,10.3
11/06/2004,10.37
10/06/2004,10.45
09/06/2004,10.26
08/06/2004,10.3
07/06/2004,10.17
04/06/2004,9.89
03/06/2004,9.82
02/06/2004,9.96
01/06/2004,10
31/05/2004,9.94
28/05/2004,9.96
27/05/2004,9.92
26/05/2004,9.75
25/05/2004,9.79
24/05/2004,9.58
21/05/2004,9.64
20/05/2004,9.71
19/05/2004,9.63
18/05/2004,9.36
17/05/2004,9.71
14/05/2004,9.91
13/05/2004,9.7
12/05/2004,9.37
11/05/2004,9.5
10/05/2004,9.41
07/05/2004,10.08
06/05/2004,10.27
05/05/2004,10.35
04/05/2004,10.81
03/05/2004,10.27
30/04/2004,10.1
29/04/2004,10.4
28/04/2004,10.84
27/04/2004,11.2
26/04/2004,11.22
23/04/2004,11.28
22/04/2004,11.47
21/04/2004,11.22
20/04/2004,11.6
19/04/2004,11.63
16/04/2004,11.6
15/04/2004,11.41
14/04/2004,11.16
13/04/2004,11.17
12/04/2004,11.17
07/04/2004,10.96
06/04/2004,10.98
05/04/2004,11.03
02/04/2004,10.92
01/04/2004,10.76
31/03/2004,10.98
30/03/2004,10.78
29/03/2004,10.71
26/03/2004,10.89
25/03/2004,10.72
24/03/2004,10.8
23/03/2004,10.65
22/03/2004,10.39
19/03/2004,10.35
18/03/2004,10.32
17/03/2004,10.43
16/03/2004,10.35
15/03/2004,10.13
12/03/2004,10.28
11/03/2004,10.41
10/03/2004,10.51
09/03/2004,10.46
08/03/2004,10.58
05/03/2004,10.66
04/03/2004,10.55
03/03/2004,10.34
02/03/2004,10.53
01/03/2004,10.53
27/02/2004,10.11
26/02/2004,10.12
25/02/2004,10.09
24/02/2004,10.1
23/02/2004,10.06
20/02/2004,10.33
19/02/2004,10.44
18/02/2004,10.57
17/02/2004,10.63
16/02/2004,10.49
13/02/2004,10.45
12/02/2004,10.62
11/02/2004,10.72
10/02/2004,10.68
09/02/2004,10.78
06/02/2004,10.46
04/02/2004,10.29
03/02/2004,10.35
02/02/2004,10.06
30/01/2004,9.39
29/01/2004,9.3
28/01/2004,9.3
27/01/2004,9.44
26/01/2004,9.79
23/01/2004,9.7
22/01/2004,9.67
21/01/2004,9.55
20/01/2004,9.6
19/01/2004,9.88
16/01/2004,9.85
15/01/2004,9.98
14/01/2004,9.93
13/01/2004,9.82
12/01/2004,9.9
09/01/2004,9.99
08/01/2004,9.99
07/01/2004,9.97
06/01/2004,9.97
05/01/2004,9.84
02/01/2004,9.75
31/12/2003,9.75
30/12/2003,9.75
29/12/2003,9.75
26/12/2003,9.6
24/12/2003,9.63
23/12/2003,9.67
22/12/2003,9.32
19/12/2003,9.54
18/12/2003,9.67
17/12/2003,9.38
16/12/2003,9.09
15/12/2003,9.04
11/12/2003,9.12
10/12/2003,8.97
09/12/2003,9.05
08/12/2003,9.31
05/12/2003,9.36
04/12/2003,9.42
03/12/2003,9.16
02/12/2003,9.28
01/12/2003,9.51
28/11/2003,9.38
27/11/2003,9.12
26/11/2003,9
25/11/2003,8.98
24/11/2003,8.75
21/11/2003,9.17
19/11/2003,9.31
18/11/2003,9.4
17/11/2003,9.38
14/11/2003,9.73
13/11/2003,9.75
12/11/2003,9.75
11/11/2003,9.8
10/11/2003,9.8
07/11/2003,9.88
06/11/2003,9.88
05/11/2003,9.67
04/11/2003,9.75
03/11/2003,9.47
31/10/2003,9
30/10/2003,9.03
29/10/2003,8.83
28/10/2003,9.01
27/10/2003,8.83
24/10/2003,8.85
23/10/2003,8.83
22/10/2003,8.8
21/10/2003,8.86
20/10/2003,8.64
17/10/2003,8.63
16/10/2003,8.77
15/10/2003,8.88
14/10/2003,8.94
13/10/2003,8.87
10/10/2003,8.87
09/10/2003,8.51
08/10/2003,8.43
07/10/2003,8.45
06/10/2003,8.46
03/10/2003,8.6
02/10/2003,8.51
01/10/2003,8.52
30/09/2003,8.29
29/09/2003,8.28
26/09/2003,8.27
25/09/2003,8.45
24/09/2003,8.5
23/09/2003,8.63
22/09/2003,8.4
19/09/2003,8.41
18/09/2003,8.25
17/09/2003,8.08
15/09/2003,7.94
12/09/2003,7.73
11/09/2003,7.62
10/09/2003,7.74
09/09/2003,7.79
08/09/2003,7.75
05/09/2003,7.56
04/09/2003,7.5
03/09/2003,7.5
02/09/2003,7.43
01/09/2003,7.4
29/08/2003,7.35
28/08/2003,7.2
27/08/2003,7.2
26/08/2003,7.09
25/08/2003,7.07
22/08/2003,7.07
21/08/2003,7.16
20/08/2003,7.11
19/08/2003,7.08
18/08/2003,7.06
15/08/2003,7.02
14/08/2003,7.03
13/08/2003,7.05
12/08/2003,7
11/08/2003,6.92
08/08/2003,6.78
07/08/2003,6.7
06/08/2003,6.71
05/08/2003,6.85
04/08/2003,6.92
01/08/2003,7.04
31/07/2003,7
30/07/2003,7.01
29/07/2003,7.15
28/07/2003,7.39
25/07/2003,7.39
24/07/2003,7.35
23/07/2003,7.35
22/07/2003,7.25
21/07/2003,7.19
18/07/2003,7.18
17/07/2003,7.05
16/07/2003,7.11
15/07/2003,7.36
14/07/2003,7.56
11/07/2003,7.62
10/07/2003,7.63
09/07/2003,7.77
08/07/2003,7.76
07/07/2003,7.58
04/07/2003,7.56
03/07/2003,7.53
02/07/2003,7.55
01/07/2003,7.45
30/06/2003,7.38
27/06/2003,7.39
26/06/2003,7.38
25/06/2003,7.37
24/06/2003,7.3
23/06/2003,7.28
20/06/2003,7.28
19/06/2003,7.25
18/06/2003,7.38
17/06/2003,7.37
16/06/2003,7.28
13/06/2003,7.15
12/06/2003,7.24
11/06/2003,7.11
10/06/2003,7.19
09/06/2003,7.1
06/06/2003,7.25
05/06/2003,7.32
04/06/2003,7.07
03/06/2003,7.18
02/06/2003,7.32
30/05/2003,7.5
29/05/2003,7.49
28/05/2003,7.26
27/05/2003,7.21
26/05/2003,7.2
23/05/2003,7.2
22/05/2003,7.17
21/05/2003,7.11
20/05/2003,6.98
19/05/2003,7.13
16/05/2003,7.4
15/05/2003,7.45
14/05/2003,7.38
13/05/2003,7.28
12/05/2003,7.15
09/05/2003,7.34
08/05/2003,7.4
07/05/2003,7.5
06/05/2003,7.52
05/05/2003,7.34
02/05/2003,7.18
30/04/2003,7.16
29/04/2003,7.09
28/04/2003,6.94
25/04/2003,6.7
24/04/2003,6.69
23/04/2003,6.58
22/04/2003,6.5
21/04/2003,6.47
16/04/2003,6.38
15/04/2003,6.51
14/04/2003,6.63
11/04/2003,6.63
10/04/2003,6.58
09/04/2003,6.54
08/04/2003,6.6
07/04/2003,6.62
04/04/2003,6.5
03/04/2003,6.35
02/04/2003,6.33
01/04/2003,6.23
31/03/2003,6.25
28/03/2003,6.21
27/03/2003,6.23
26/03/2003,6.23
25/03/2003,6.27
24/03/2003,6.28
20/03/2003,6.5
19/03/2003,6.33
18/03/2003,6.33
17/03/2003,6.21
14/03/2003,6.35
13/03/2003,6.44
12/03/2003,6.47
11/03/2003,6.3
10/03/2003,6.29
07/03/2003,6.3
06/03/2003,6.45
05/03/2003,6.43
04/03/2003,6.48
03/03/2003,6.46
28/02/2003,6.49
27/02/2003,6.5
26/02/2003,6.48
25/02/2003,6.42
24/02/2003,6.6
21/02/2003,6.54
20/02/2003,6.54
19/02/2003,6.5
18/02/2003,6.53
17/02/2003,6.25
14/02/2003,6.25
13/02/2003,6.33
12/02/2003,6.14
11/02/2003,6.14
10/02/2003,6.14
07/02/2003,6.15
06/02/2003,6.25
04/02/2003,6.22
03/02/2003,6.38
31/01/2003,6.42
30/01/2003,6.45
29/01/2003,6.32
28/01/2003,6.13
27/01/2003,6.02
24/01/2003,6.03
23/01/2003,6.05
22/01/2003,6
21/01/2003,6.13
20/01/2003,6.35
17/01/2003,6.37
16/01/2003,6.47
15/01/2003,6.41
14/01/2003,6.55
13/01/2003,6.47
10/01/2003,6.46
09/01/2003,6.55
08/01/2003,6.56
07/01/2003,6.72
06/01/2003,6.7
03/01/2003,6.67
02/01/2003,6.5
31/12/2002,6.38
30/12/2002,6.35
27/12/2002,6.25
26/12/2002,6.2
24/12/2002,6.32
23/12/2002,6.31
20/12/2002,6.25
19/12/2002,6.35
18/12/2002,6.16
17/12/2002,6.12
16/12/2002,6.03
13/12/2002,5.85
11/12/2002,5.85
10/12/2002,5.8
09/12/2002,5.86
06/12/2002,5.83
05/12/2002,5.78
04/12/2002,5.82
03/12/2002,5.85
02/12/2002,5.83
29/11/2002,5.83
28/11/2002,5.9
27/11/2002,5.83
26/11/2002,5.57
25/11/2002,5.51
22/11/2002,5.51
21/11/2002,5.34
19/11/2002,4.85
18/11/2002,5.02
15/11/2002,5.14
14/11/2002,5.32
13/11/2002,5.14
12/11/2002,5.26
11/11/2002,5.24
08/11/2002,5.44
07/11/2002,5.51
06/11/2002,5.6
05/11/2002,5.64
04/11/2002,5.73
01/11/2002,5.8
31/10/2002,5.65
30/10/2002,5.49
29/10/2002,5.56
28/10/2002,5.58
25/10/2002,5.51
24/10/2002,5.5
23/10/2002,5.53
22/10/2002,5.5
21/10/2002,5.5
18/10/2002,5.55
17/10/2002,5.54
16/10/2002,5.45
15/10/2002,5.53
14/10/2002,5.42
11/10/2002,5.51
10/10/2002,5.5
09/10/2002,5.59
08/10/2002,5.6
07/10/2002,5.47
04/10/2002,5.57
03/10/2002,5.71
02/10/2002,5.8
01/10/2002,5.93
30/09/2002,5.75
27/09/2002,5.9
26/09/2002,5.99
25/09/2002,5.72
24/09/2002,5.53
23/09/2002,5.44
20/09/2002,5.64
19/09/2002,5.64
18/09/2002,5.98
17/09/2002,6.02
13/09/2002,6.15
12/09/2002,6.18
11/09/2002,6.1
10/09/2002,5.9
09/09/2002,5.79
06/09/2002,5.63
05/09/2002,5.62
04/09/2002,5.73
03/09/2002,5.78
02/09/2002,6
30/08/2002,6
29/08/2002,6
28/08/2002,6
27/08/2002,6.14
26/08/2002,6.12
23/08/2002,5.78
22/08/2002,5.73
21/08/2002,5.67
20/08/2002,5.41
19/08/2002,5.38
16/08/2002,5.6
15/08/2002,5.55
14/08/2002,5.55
13/08/2002,5.5
12/08/2002,5.55
09/08/2002,5.66
08/08/2002,5.73
07/08/2002,5.76
06/08/2002,5.58
05/08/2002,5.23
02/08/2002,5.68
01/08/2002,5.95
31/07/2002,5.94
30/07/2002,5.84
29/07/2002,5.75
26/07/2002,5.35
25/07/2002,5.23
24/07/2002,5.09
23/07/2002,4.95
22/07/2002,4.94
19/07/2002,5.41
18/07/2002,5.5
17/07/2002,5.5
16/07/2002,5.58
15/07/2002,5.6
12/07/2002,5.58
11/07/2002,5.53
10/07/2002,5.72
09/07/2002,6.08
08/07/2002,5.66
05/07/2002,5.63
04/07/2002,5.65
03/07/2002,5.67
02/07/2002,5.7
01/07/2002,5.76
28/06/2002,5.74
27/06/2002,5.67
26/06/2002,5.58
25/06/2002,5.63
24/06/2002,5.44
21/06/2002,5.71
20/06/2002,5.73
19/06/2002,5.75
18/06/2002,5.88
17/06/2002,5.88
14/06/2002,5.78
13/06/2002,5.85
12/06/2002,5.83
11/06/2002,5.84
10/06/2002,5.64
07/06/2002,5.5
06/06/2002,5.48
05/06/2002,5.78
04/06/2002,5.87
03/06/2002,5.93
31/05/2002,6.14
30/05/2002,6.15
29/05/2002,6.11
28/05/2002,6.2
27/05/2002,6.35
24/05/2002,6.35
23/05/2002,6.49
22/05/2002,6.47
21/05/2002,6.48
20/05/2002,6.48
17/05/2002,6.55
16/05/2002,6.55
15/05/2002,6.55
14/05/2002,6.55
13/05/2002,6.4
10/05/2002,6.4
09/05/2002,6.43
08/05/2002,6.56
07/05/2002,6.51
06/05/2002,6.43
03/05/2002,6.28
02/05/2002,6.27
30/04/2002,6.27
29/04/2002,6.18
26/04/2002,6.16
25/04/2002,6.09
24/04/2002,6.06
23/04/2002,5.87
22/04/2002,5.96
19/04/2002,6.16
18/04/2002,6.19
17/04/2002,6.23
16/04/2002,6.13
15/04/2002,6.13
12/04/2002,6.21
11/04/2002,6.22
10/04/2002,6.39
09/04/2002,6.17
08/04/2002,6.09
05/04/2002,5.93
04/04/2002,5.61
03/04/2002,5.39
02/04/2002,5.37
01/04/2002,5.41
27/03/2002,5.35
26/03/2002,5.3
25/03/2002,5.3
22/03/2002,5.25
20/03/2002,5.21
19/03/2002,5.24
18/03/2002,5.2
15/03/2002,5.25
14/03/2002,5.23
13/03/2002,5.32
12/03/2002,5.3
11/03/2002,5.25
08/03/2002,5.32
07/03/2002,5.3
06/03/2002,5.48
05/03/2002,5.42
04/03/2002,5.4
01/03/2002,5.37
28/02/2002,5.35
27/02/2002,5.34
26/02/2002,5.23
25/02/2002,5.19
22/02/2002,5.19
21/02/2002,5.15
20/02/2002,5.16
19/02/2002,5.16
18/02/2002,5.16
15/02/2002,5.15
14/02/2002,5.13
13/02/2002,5.03
12/02/2002,4.99
11/02/2002,4.67
08/02/2002,4.84
07/02/2002,4.98
06/02/2002,5.03
04/02/2002,5.13
01/02/2002,5.13
31/01/2002,5.12
30/01/2002,5.11
29/01/2002,4.98
28/01/2002,5.11
25/01/2002,5.02
24/01/2002,4.98
23/01/2002,5
22/01/2002,4.85
21/01/2002,4.75
18/01/2002,4.75
17/01/2002,4.8
16/01/2002,4.83
15/01/2002,4.8
14/01/2002,4.66
11/01/2002,4.63
10/01/2002,4.75
09/01/2002,4.83
08/01/2002,4.86
07/01/2002,4.87
04/01/2002,4.86
03/01/2002,4.89
02/01/2002,4.76
31/12/2001,4.78
28/12/2001,4.81
27/12/2001,4.69
26/12/2001,4.59
24/12/2001,4.68
21/12/2001,4.68
20/12/2001,4.53
19/12/2001,4.55
18/12/2001,4.6
17/12/2001,4.58
14/12/2001,4.46
13/12/2001,4.46
11/12/2001,4.41
10/12/2001,4.47
07/12/2001,4.5
06/12/2001,4.43
05/12/2001,4.42
04/12/2001,4.26
03/12/2001,4.33
30/11/2001,4.4
29/11/2001,4.32
28/11/2001,4.28
27/11/2001,4.28
26/11/2001,4.3
23/11/2001,4.32
22/11/2001,4
21/11/2001,3.95
19/11/2001,3.88
16/11/2001,3.92
15/11/2001,3.94
14/11/2001,3.87
13/11/2001,3.82
12/11/2001,3.71
09/11/2001,3.76
08/11/2001,3.78
07/11/2001,3.75
06/11/2001,3.81
05/11/2001,3.85
02/11/2001,3.85
01/11/2001,3.85
31/10/2001,3.74
30/10/2001,3.79
29/10/2001,3.79
26/10/2001,3.86
25/10/2001,3.84
24/10/2001,3.83
23/10/2001,3.8
22/10/2001,3.79
19/10/2001,3.75
18/10/2001,3.79
17/10/2001,3.85
16/10/2001,3.9
15/10/2001,3.83
12/10/2001,3.8
11/10/2001,3.85
10/10/2001,3.83
09/10/2001,3.55
08/10/2001,3.44
05/10/2001,3.53
04/10/2001,3.54
03/10/2001,3.58
02/10/2001,3.45
01/10/2001,3.45
28/09/2001,3.43
27/09/2001,3.45
26/09/2001,3.57
25/09/2001,3.55
24/09/2001,3.66
21/09/2001,3.6
20/09/2001,3.55
19/09/2001,3.56
18/09/2001,3.55
17/09/2001,3.63
10/09/2001,4
07/09/2001,4.05
06/09/2001,4.06
05/09/2001,4.38
04/09/2001,4.49
03/09/2001,4.5
31/08/2001,4.6
30/08/2001,4.58
29/08/2001,4.5
28/08/2001,4.5
27/08/2001,4.53
24/08/2001,4.63
23/08/2001,4.55
22/08/2001,4.63
21/08/2001,4.53
20/08/2001,4.5
17/08/2001,4.32
16/08/2001,4.6
15/08/2001,4.54
14/08/2001,4.73
13/08/2001,4.73
10/08/2001,4.7
09/08/2001,4.61
08/08/2001,4.73
07/08/2001,4.57
06/08/2001,4.56
03/08/2001,4.65
02/08/2001,4.63
01/08/2001,4.56
31/07/2001,4.5
30/07/2001,4.57
27/07/2001,4.6
26/07/2001,4.68
25/07/2001,4.72
24/07/2001,4.6
23/07/2001,4.55
20/07/2001,4.54
19/07/2001,4.55
18/07/2001,4.45
17/07/2001,4.5
16/07/2001,4.4
13/07/2001,4.38
12/07/2001,4.34
11/07/2001,4.37
10/07/2001,4.5
09/07/2001,4.43
06/07/2001,4.48
05/07/2001,4.69
04/07/2001,4.75
03/07/2001,4.7
02/07/2001,4.75
29/06/2001,4.75
28/06/2001,4.66
27/06/2001,4.77
26/06/2001,4.8
25/06/2001,4.95
22/06/2001,4.95
21/06/2001,4.87
20/06/2001,4.73
19/06/2001,4.77
18/06/2001,4.9
15/06/2001,5.01
14/06/2001,4.98
13/06/2001,5.13
12/06/2001,5.1
11/06/2001,5.12
08/06/2001,5.18
07/06/2001,5.3
06/06/2001,5.3
05/06/2001,5.2
04/06/2001,5.03
01/06/2001,4.96
31/05/2001,4.93
30/05/2001,4.94
29/05/2001,5.05
28/05/2001,5.05
25/05/2001,4.81
24/05/2001,4.75
23/05/2001,4.98
22/05/2001,4.98
21/05/2001,4.68
18/05/2001,4.6
17/05/2001,4.04
16/05/2001,3.67
15/05/2001,3.68
14/05/2001,3.7
11/05/2001,3.76
10/05/2001,3.83
09/05/2001,3.95
08/05/2001,3.92
07/05/2001,3.78
04/05/2001,3.8
03/05/2001,3.87
02/05/2001,3.71
30/04/2001,3.69
27/04/2001,3.86
26/04/2001,3.87
25/04/2001,3.79
24/04/2001,3.75
23/04/2001,3.73
20/04/2001,3.8
19/04/2001,3.83
18/04/2001,3.92
17/04/2001,3.75
16/04/2001,3.63
11/04/2001,3.57
10/04/2001,3.57
09/04/2001,3.48
06/04/2001,3.5
05/04/2001,3.55
04/04/2001,3.45
03/04/2001,3.53
02/04/2001,3.55
30/03/2001,3.74
29/03/2001,3.63
28/03/2001,3.74
27/03/2001,3.78
26/03/2001,3.73
23/03/2001,3.75
22/03/2001,3.69
20/03/2001,3.75
19/03/2001,3.82
16/03/2001,3.86
15/03/2001,3.75
14/03/2001,3.75
13/03/2001,3.85
12/03/2001,3.88
09/03/2001,4.05
08/03/2001,4.15
07/03/2001,4.12
06/03/2001,4.06
05/03/2001,4
02/03/2001,3.99
01/03/2001,3.87
28/02/2001,3.84
27/02/2001,3.84
26/02/2001,3.8
23/02/2001,3.85
22/02/2001,3.93
21/02/2001,3.83
20/02/2001,3.95
19/02/2001,4.01
16/02/2001,4.01
15/02/2001,4.05
14/02/2001,3.98
13/02/2001,3.98
12/02/2001,4
09/02/2001,3.85
08/02/2001,3.86
07/02/2001,3.77
06/02/2001,3.86
02/02/2001,3.97
01/02/2001,4.07
31/01/2001,4.11
30/01/2001,4.12
29/01/2001,4.13
26/01/2001,4.08
25/01/2001,3.66
24/01/2001,3.53
23/01/2001,3.61
22/01/2001,3.62
19/01/2001,3.63
18/01/2001,3.6
17/01/2001,3.46
16/01/2001,3.37
15/01/2001,3.5
12/01/2001,3.54
11/01/2001,3.5
10/01/2001,3.43
09/01/2001,3.38
08/01/2001,3.34
05/01/2001,3.34
04/01/2001,3.35
03/01/2001,3.28
02/01/2001,3.21
