Security,BIMBOA MM Equity                                                
Start Date,01/02/2001 00:00
End Date,07/01/2019 00:00
Period,D
Currency,MXN
,
Date,PRECIO
07/01/2019,39.11
04/01/2019,39.39
03/01/2019,39.32
02/01/2019,39.26
31/12/2018,39.2
28/12/2018,38.83
27/12/2018,39.23
26/12/2018,38.86
24/12/2018,38.97
21/12/2018,38.64
20/12/2018,39.93
19/12/2018,38.78
18/12/2018,38.48
17/12/2018,37.77
14/12/2018,38.78
13/12/2018,38.45
11/12/2018,38.57
10/12/2018,38.95
07/12/2018,39
06/12/2018,38.92
05/12/2018,38.97
04/12/2018,38.54
03/12/2018,39.06
30/11/2018,39
29/11/2018,39.99
28/11/2018,39.71
27/11/2018,38.72
26/11/2018,36.79
23/11/2018,37.51
22/11/2018,38.12
21/11/2018,38.63
20/11/2018,38.9
16/11/2018,38.81
15/11/2018,37.2
14/11/2018,37.97
13/11/2018,37.96
12/11/2018,39.28
09/11/2018,40.66
08/11/2018,38.53
07/11/2018,39.98
06/11/2018,39.22
05/11/2018,40.22
01/11/2018,38.7
31/10/2018,38.05
30/10/2018,37.89
29/10/2018,36.4
26/10/2018,38.2
25/10/2018,38.3
24/10/2018,36.38
23/10/2018,37.22
22/10/2018,36.78
19/10/2018,36.78
18/10/2018,37.46
17/10/2018,37.67
16/10/2018,38.22
15/10/2018,37.34
12/10/2018,37.35
11/10/2018,38.61
10/10/2018,38.27
09/10/2018,38.54
08/10/2018,38.31
05/10/2018,38.19
04/10/2018,38.55
03/10/2018,38.82
02/10/2018,39.04
01/10/2018,39.86
28/09/2018,39.91
27/09/2018,40.56
26/09/2018,40.69
25/09/2018,40.62
24/09/2018,40.39
21/09/2018,40.25
20/09/2018,40.12
19/09/2018,40.48
18/09/2018,40.5
17/09/2018,40
14/09/2018,39.78
13/09/2018,38.96
12/09/2018,38.88
11/09/2018,38.72
10/09/2018,38.84
07/09/2018,38.81
06/09/2018,38.41
05/09/2018,38.74
04/09/2018,39.38
03/09/2018,39.78
31/08/2018,39.75
30/08/2018,39.49
29/08/2018,40.66
28/08/2018,39.9
27/08/2018,40.63
24/08/2018,40.24
23/08/2018,40.26
22/08/2018,40.5
21/08/2018,40.3
20/08/2018,39.94
17/08/2018,39.1
16/08/2018,38.96
15/08/2018,38.63
14/08/2018,39.48
13/08/2018,39.16
10/08/2018,38.8
09/08/2018,39.57
08/08/2018,39.97
07/08/2018,40.33
06/08/2018,39.26
03/08/2018,39.18
02/08/2018,38.26
01/08/2018,38.48
31/07/2018,39.66
30/07/2018,39.74
27/07/2018,39.1
26/07/2018,38.18
25/07/2018,38.01
24/07/2018,38.63
23/07/2018,38.44
20/07/2018,39.85
19/07/2018,38.84
18/07/2018,38.9
17/07/2018,38.18
16/07/2018,38.98
13/07/2018,39.62
12/07/2018,40.01
11/07/2018,39.94
10/07/2018,40.3
09/07/2018,40.39
06/07/2018,40.31
05/07/2018,39.76
04/07/2018,37.92
03/07/2018,37.07
02/07/2018,37.44
29/06/2018,38.69
28/06/2018,37.12
27/06/2018,36.66
26/06/2018,37.22
25/06/2018,37.31
22/06/2018,37.22
21/06/2018,36.78
20/06/2018,37.03
19/06/2018,37
18/06/2018,37.11
15/06/2018,36.87
14/06/2018,36.73
13/06/2018,36.53
12/06/2018,36.66
11/06/2018,36.68
08/06/2018,35.73
07/06/2018,35.07
06/06/2018,36.22
05/06/2018,36.75
04/06/2018,36.28
01/06/2018,37.35
31/05/2018,38.06
30/05/2018,37.85
29/05/2018,37.33
28/05/2018,37.9
25/05/2018,37.98
24/05/2018,39.41
23/05/2018,39.63
22/05/2018,39.35
21/05/2018,38.41
18/05/2018,38.9
17/05/2018,38.76
16/05/2018,40.09
15/05/2018,39.96
14/05/2018,39.95
11/05/2018,39.98
10/05/2018,40.35
09/05/2018,39.59
08/05/2018,40.84
07/05/2018,40.66
04/05/2018,41.19
03/05/2018,41.14
02/05/2018,42.46
30/04/2018,43.53
27/04/2018,43.29
26/04/2018,43.1
25/04/2018,43.27
24/04/2018,43.04
23/04/2018,42.76
20/04/2018,43.26
19/04/2018,43.05
18/04/2018,43.66
17/04/2018,42.94
16/04/2018,41.51
13/04/2018,42.09
12/04/2018,42.69
11/04/2018,41.08
10/04/2018,41.41
09/04/2018,40.89
06/04/2018,40.8
05/04/2018,40.94
04/04/2018,41.25
03/04/2018,39.43
02/04/2018,39.38
28/03/2018,39.78
27/03/2018,40.76
26/03/2018,40.76
23/03/2018,41.52
22/03/2018,41.64
21/03/2018,42.02
20/03/2018,41.65
16/03/2018,41.26
15/03/2018,41.66
14/03/2018,41.59
13/03/2018,41.91
12/03/2018,43.16
09/03/2018,42.55
08/03/2018,42.26
07/03/2018,41.1
06/03/2018,42.48
05/03/2018,42.73
02/03/2018,43.04
01/03/2018,44.08
28/02/2018,44.11
27/02/2018,44.24
26/02/2018,44.2
23/02/2018,44.43
22/02/2018,44.4
21/02/2018,43.97
20/02/2018,44.06
19/02/2018,43.92
16/02/2018,44.01
15/02/2018,43.76
14/02/2018,43.95
13/02/2018,43.73
12/02/2018,44.38
09/02/2018,44.84
08/02/2018,44.83
07/02/2018,45.78
06/02/2018,46.01
02/02/2018,46.31
01/02/2018,46.17
31/01/2018,45.4
30/01/2018,45.58
29/01/2018,45.44
26/01/2018,45.57
25/01/2018,46.07
24/01/2018,46.56
23/01/2018,45.72
22/01/2018,45.6
19/01/2018,44.16
18/01/2018,44.91
17/01/2018,45.23
16/01/2018,44.4
15/01/2018,43.88
12/01/2018,43.58
11/01/2018,43.45
10/01/2018,43.07
09/01/2018,43.63
08/01/2018,43.51
05/01/2018,43.54
04/01/2018,43.67
03/01/2018,43.4
02/01/2018,43.38
29/12/2017,43.51
28/12/2017,43.02
27/12/2017,42.38
26/12/2017,42.19
22/12/2017,42.28
21/12/2017,42.98
20/12/2017,43
19/12/2017,42.75
18/12/2017,43.82
15/12/2017,44.09
14/12/2017,44.14
13/12/2017,43.85
11/12/2017,42.36
08/12/2017,42.65
07/12/2017,42.51
06/12/2017,42.51
05/12/2017,43.38
04/12/2017,43.43
01/12/2017,43.45
30/11/2017,43.45
29/11/2017,44.14
28/11/2017,43.1
27/11/2017,43.6
24/11/2017,44.27
23/11/2017,44.48
22/11/2017,44.42
21/11/2017,44.28
17/11/2017,43.67
16/11/2017,44.36
15/11/2017,43.76
14/11/2017,43.98
13/11/2017,43.92
10/11/2017,43.71
09/11/2017,44.68
08/11/2017,44.98
07/11/2017,46.09
06/11/2017,45.75
03/11/2017,45.11
01/11/2017,43.96
31/10/2017,44.32
30/10/2017,44.53
27/10/2017,45.01
26/10/2017,45.02
25/10/2017,45.05
24/10/2017,44.83
23/10/2017,45
20/10/2017,44.02
19/10/2017,44.59
18/10/2017,45.03
17/10/2017,45.79
16/10/2017,44.53
13/10/2017,45.52
12/10/2017,45.43
11/10/2017,45.63
10/10/2017,45.1
09/10/2017,45.68
06/10/2017,45.83
05/10/2017,45.86
04/10/2017,45.88
03/10/2017,44.89
02/10/2017,44.51
29/09/2017,43.97
28/09/2017,43.99
27/09/2017,43.19
26/09/2017,43.36
25/09/2017,43.25
22/09/2017,42.81
21/09/2017,42.61
20/09/2017,43.01
19/09/2017,43.06
18/09/2017,43.54
15/09/2017,44.35
14/09/2017,44.21
13/09/2017,44.47
12/09/2017,44.24
11/09/2017,43.79
08/09/2017,43.32
07/09/2017,43.5
06/09/2017,43.32
05/09/2017,43
04/09/2017,43.25
01/09/2017,43.37
31/08/2017,43.34
30/08/2017,42.8
29/08/2017,43.36
28/08/2017,43.71
25/08/2017,44.42
24/08/2017,44.15
23/08/2017,43.75
22/08/2017,43.62
21/08/2017,43.4
18/08/2017,43.03
17/08/2017,42.81
16/08/2017,43.14
15/08/2017,43.81
14/08/2017,44.12
11/08/2017,43.54
10/08/2017,43.64
09/08/2017,44.41
08/08/2017,44.7
07/08/2017,45.02
04/08/2017,43.96
03/08/2017,43.95
02/08/2017,44.21
01/08/2017,44.6
31/07/2017,45.01
28/07/2017,45.12
27/07/2017,45.29
26/07/2017,46.37
25/07/2017,47.67
24/07/2017,47.37
21/07/2017,46.62
20/07/2017,45.9
19/07/2017,46.01
18/07/2017,46.28
17/07/2017,46.39
14/07/2017,46.27
13/07/2017,45.9
12/07/2017,45.59
11/07/2017,45.22
10/07/2017,45.36
07/07/2017,45
06/07/2017,44.49
05/07/2017,44.8
04/07/2017,44.9
03/07/2017,45.23
30/06/2017,45.6
29/06/2017,44.79
28/06/2017,45.26
27/06/2017,45.54
26/06/2017,45.93
23/06/2017,46.17
22/06/2017,46.56
21/06/2017,46.71
20/06/2017,46.15
19/06/2017,46.07
16/06/2017,47.12
15/06/2017,47.07
14/06/2017,46.76
13/06/2017,46.13
12/06/2017,46.92
09/06/2017,45.82
08/06/2017,46.27
07/06/2017,46.19
06/06/2017,45.85
05/06/2017,46.19
02/06/2017,46.38
01/06/2017,46.41
31/05/2017,43.03
30/05/2017,44.16
29/05/2017,44.86
26/05/2017,44.82
25/05/2017,44.48
24/05/2017,44.34
23/05/2017,43.76
22/05/2017,44.7
19/05/2017,45.59
18/05/2017,45.39
17/05/2017,45.1
16/05/2017,45.84
15/05/2017,46.11
12/05/2017,45.84
11/05/2017,46.29
10/05/2017,45.29
09/05/2017,45.31
08/05/2017,45.11
05/05/2017,45.14
04/05/2017,44.94
03/05/2017,45.3
02/05/2017,46.75
28/04/2017,46.08
27/04/2017,46.29
26/04/2017,46.43
25/04/2017,47.61
24/04/2017,47.46
21/04/2017,46.95
20/04/2017,46.75
19/04/2017,45.37
18/04/2017,45.17
17/04/2017,45.6
12/04/2017,45.28
11/04/2017,46.07
10/04/2017,46.53
07/04/2017,47.02
06/04/2017,47.06
05/04/2017,47.8
04/04/2017,47.58
03/04/2017,46.51
31/03/2017,46.59
30/03/2017,46.96
29/03/2017,47.51
28/03/2017,48.51
27/03/2017,48.17
24/03/2017,47.57
23/03/2017,47.12
22/03/2017,48.03
21/03/2017,46.73
17/03/2017,47.32
16/03/2017,46.29
15/03/2017,45.49
14/03/2017,45.45
13/03/2017,46.32
10/03/2017,46.52
09/03/2017,46.67
08/03/2017,46.69
07/03/2017,46.95
06/03/2017,47.43
03/03/2017,46.94
02/03/2017,46.8
01/03/2017,46.48
28/02/2017,47.42
27/02/2017,47.33
24/02/2017,46.95
23/02/2017,47.66
22/02/2017,48.11
21/02/2017,48.11
20/02/2017,47.97
17/02/2017,47.56
16/02/2017,47.8
15/02/2017,47.36
14/02/2017,47.52
13/02/2017,48.3
10/02/2017,48.44
09/02/2017,47.23
08/02/2017,46.74
07/02/2017,47.03
03/02/2017,47.5
02/02/2017,46.56
01/02/2017,45.85
31/01/2017,46.23
30/01/2017,46.96
27/01/2017,47.46
26/01/2017,47.49
25/01/2017,48.38
24/01/2017,47.53
23/01/2017,46.84
20/01/2017,45.31
19/01/2017,46.55
18/01/2017,45.82
17/01/2017,45.8
16/01/2017,46.63
13/01/2017,46.51
12/01/2017,46.47
11/01/2017,46.49
10/01/2017,46.63
09/01/2017,46.3
06/01/2017,47.62
05/01/2017,47.29
04/01/2017,47.04
03/01/2017,46.44
02/01/2017,47.15
30/12/2016,47.01
29/12/2016,46.94
28/12/2016,45.17
27/12/2016,44.43
26/12/2016,44.79
23/12/2016,44.54
22/12/2016,44.66
21/12/2016,45.04
20/12/2016,44.9
19/12/2016,45.48
16/12/2016,45.75
15/12/2016,46.51
14/12/2016,46.83
13/12/2016,47.74
09/12/2016,47.36
08/12/2016,47.51
07/12/2016,47.21
06/12/2016,47.62
05/12/2016,46.21
02/12/2016,45.37
01/12/2016,46.83
30/11/2016,47.35
29/11/2016,47.34
28/11/2016,47.96
25/11/2016,48.57
24/11/2016,48.17
23/11/2016,48.68
22/11/2016,48.05
18/11/2016,46.55
17/11/2016,48.66
16/11/2016,49.66
15/11/2016,49.91
14/11/2016,51.35
11/11/2016,49.93
10/11/2016,50
09/11/2016,52.01
08/11/2016,52.01
07/11/2016,51.73
04/11/2016,49.67
03/11/2016,48.75
01/11/2016,50.13
31/10/2016,50.91
28/10/2016,51.42
27/10/2016,51.51
26/10/2016,50.9
25/10/2016,51.24
24/10/2016,52.01
21/10/2016,51.66
20/10/2016,51.91
19/10/2016,53.3
18/10/2016,52
17/10/2016,51.14
14/10/2016,51.8
13/10/2016,51.2
12/10/2016,51.39
11/10/2016,52.18
10/10/2016,52.21
07/10/2016,51.67
06/10/2016,52.49
05/10/2016,53.29
04/10/2016,53.41
03/10/2016,53.03
30/09/2016,51.11
29/09/2016,52.9
28/09/2016,53.28
27/09/2016,54.48
26/09/2016,52.75
23/09/2016,53.55
22/09/2016,53.02
21/09/2016,52.34
20/09/2016,52.61
19/09/2016,52.21
15/09/2016,51.22
14/09/2016,50.49
13/09/2016,52.5
12/09/2016,53.99
09/09/2016,53.52
08/09/2016,53.71
07/09/2016,53.53
06/09/2016,54.09
05/09/2016,54.13
02/09/2016,54.88
01/09/2016,53.11
31/08/2016,53.49
30/08/2016,53.03
29/08/2016,53.01
26/08/2016,53.35
25/08/2016,55.02
24/08/2016,55.19
23/08/2016,54.76
22/08/2016,55.76
19/08/2016,55.16
18/08/2016,55.64
17/08/2016,55.16
16/08/2016,54.97
15/08/2016,55.42
12/08/2016,55.18
11/08/2016,55.12
10/08/2016,55.94
09/08/2016,55.54
08/08/2016,55.84
05/08/2016,55.56
04/08/2016,55.58
03/08/2016,55.2
02/08/2016,54.86
01/08/2016,55.64
29/07/2016,55.89
28/07/2016,56.4
27/07/2016,56.26
26/07/2016,56.46
25/07/2016,57.59
22/07/2016,58.82
21/07/2016,58.82
20/07/2016,58.79
19/07/2016,58.98
18/07/2016,58.8
15/07/2016,58.77
14/07/2016,59.63
13/07/2016,57.14
12/07/2016,57.22
11/07/2016,57
08/07/2016,56.79
07/07/2016,56.09
06/07/2016,56.95
05/07/2016,58.34
04/07/2016,59.86
01/07/2016,58.02
30/06/2016,57.22
29/06/2016,57.48
28/06/2016,56.1
27/06/2016,55.55
24/06/2016,55.56
23/06/2016,57.84
22/06/2016,56.38
21/06/2016,55.03
20/06/2016,54.84
17/06/2016,55.58
16/06/2016,54.78
15/06/2016,53.53
14/06/2016,52.5
13/06/2016,53.34
10/06/2016,53.68
09/06/2016,54.25
08/06/2016,54.53
07/06/2016,55.24
06/06/2016,54.27
03/06/2016,54.46
02/06/2016,53.69
01/06/2016,53.68
31/05/2016,54.41
30/05/2016,55.5
27/05/2016,55.4
26/05/2016,55.29
25/05/2016,56.33
24/05/2016,56.06
23/05/2016,55.27
20/05/2016,55.18
19/05/2016,56.95
18/05/2016,56.85
17/05/2016,57.02
16/05/2016,54.61
13/05/2016,54.35
12/05/2016,54.2
11/05/2016,55.1
10/05/2016,54.97
09/05/2016,54.34
06/05/2016,53.45
05/05/2016,52.95
04/05/2016,53.99
03/05/2016,52.81
02/05/2016,53.26
29/04/2016,52.45
28/04/2016,52.12
27/04/2016,51.57
26/04/2016,50.32
25/04/2016,49.95
22/04/2016,50.02
21/04/2016,50.62
20/04/2016,50.5
19/04/2016,50.18
18/04/2016,47.8
15/04/2016,49.15
14/04/2016,49.28
13/04/2016,49.15
12/04/2016,49.5
11/04/2016,49.01
08/04/2016,49.11
07/04/2016,49.31
06/04/2016,49.42
05/04/2016,49.44
04/04/2016,49.93
01/04/2016,50.58
31/03/2016,51.07
30/03/2016,51.48
29/03/2016,51.47
28/03/2016,51.52
23/03/2016,51.4
22/03/2016,51.51
18/03/2016,51.06
17/03/2016,51.82
16/03/2016,50.54
15/03/2016,50.54
14/03/2016,50.97
11/03/2016,50.34
10/03/2016,50.85
09/03/2016,51.51
08/03/2016,52.31
07/03/2016,51.71
04/03/2016,52.33
03/03/2016,52.72
02/03/2016,53.91
01/03/2016,53.47
29/02/2016,51.5
26/02/2016,51.73
25/02/2016,51.05
24/02/2016,51.21
23/02/2016,52.11
22/02/2016,53.71
19/02/2016,52.83
18/02/2016,52
17/02/2016,51.27
16/02/2016,50.99
15/02/2016,51.44
12/02/2016,50.41
11/02/2016,50.67
10/02/2016,51.87
09/02/2016,51.4
08/02/2016,50.59
05/02/2016,50.1
04/02/2016,51.52
03/02/2016,51.41
02/02/2016,51.81
29/01/2016,50.66
28/01/2016,48.97
27/01/2016,48.01
26/01/2016,47.97
25/01/2016,47.1
22/01/2016,47.38
21/01/2016,47.24
20/01/2016,46.65
19/01/2016,46.73
18/01/2016,46.54
15/01/2016,47.18
14/01/2016,47.44
13/01/2016,47.46
12/01/2016,47.29
11/01/2016,47.32
08/01/2016,46.56
07/01/2016,46.18
06/01/2016,45.97
05/01/2016,45.77
04/01/2016,45.02
31/12/2015,45.95
30/12/2015,45.55
29/12/2015,46.56
28/12/2015,46.4
24/12/2015,46.41
23/12/2015,46.77
22/12/2015,46.18
21/12/2015,46.27
18/12/2015,46.31
17/12/2015,47.77
16/12/2015,46.69
15/12/2015,46.05
14/12/2015,45.6
11/12/2015,45.34
10/12/2015,45.07
09/12/2015,45.21
08/12/2015,45.74
07/12/2015,46.35
04/12/2015,46.36
03/12/2015,46.59
02/12/2015,47.25
01/12/2015,47.59
30/11/2015,45.88
27/11/2015,46.95
26/11/2015,47.1
25/11/2015,46.89
24/11/2015,47.46
23/11/2015,48.51
20/11/2015,49.04
19/11/2015,48.48
18/11/2015,47.18
17/11/2015,46.87
13/11/2015,46.9
12/11/2015,47.15
11/11/2015,48.14
10/11/2015,46.82
09/11/2015,46.91
06/11/2015,47.19
05/11/2015,47.09
04/11/2015,48.75
03/11/2015,48.49
30/10/2015,46.87
29/10/2015,46.61
28/10/2015,46.68
27/10/2015,46.92
26/10/2015,47.7
23/10/2015,47.34
22/10/2015,47.55
21/10/2015,45.86
20/10/2015,45.22
19/10/2015,45.05
16/10/2015,44.88
15/10/2015,44.05
14/10/2015,44.1
13/10/2015,44.34
12/10/2015,44.79
09/10/2015,44.25
08/10/2015,43.6
07/10/2015,43.98
06/10/2015,43.87
05/10/2015,43.47
02/10/2015,42.54
01/10/2015,42.95
30/09/2015,42.81
29/09/2015,41.34
28/09/2015,41.39
25/09/2015,41.5
24/09/2015,41.86
23/09/2015,42.59
22/09/2015,43.09
21/09/2015,42.58
18/09/2015,42.53
17/09/2015,42.29
15/09/2015,42.05
14/09/2015,41.79
11/09/2015,41.83
10/09/2015,42.1
09/09/2015,41.76
08/09/2015,42.3
07/09/2015,42.13
04/09/2015,42.3
03/09/2015,42.35
02/09/2015,42.61
01/09/2015,42.33
31/08/2015,43.08
28/08/2015,41.4
27/08/2015,42.33
26/08/2015,40.1
25/08/2015,39.69
24/08/2015,39.12
21/08/2015,40.36
20/08/2015,41.14
19/08/2015,40.98
18/08/2015,41.79
17/08/2015,42.1
14/08/2015,41.8
13/08/2015,42.02
12/08/2015,42.65
11/08/2015,43
10/08/2015,43.75
07/08/2015,43.54
06/08/2015,43.12
05/08/2015,43.87
04/08/2015,43.87
03/08/2015,43.64
31/07/2015,43.23
30/07/2015,42.49
29/07/2015,41.9
28/07/2015,42.35
27/07/2015,42.12
24/07/2015,41.91
23/07/2015,43.08
22/07/2015,42.5
21/07/2015,43.63
20/07/2015,42.5
17/07/2015,42.5
16/07/2015,42
15/07/2015,41.82
14/07/2015,42.05
13/07/2015,42.1
10/07/2015,42.58
09/07/2015,41.77
08/07/2015,41.08
07/07/2015,41.38
06/07/2015,41.51
03/07/2015,41.39
02/07/2015,41.14
01/07/2015,40.83
30/06/2015,40.66
29/06/2015,40.61
26/06/2015,41.39
25/06/2015,41.38
24/06/2015,41.22
23/06/2015,41.04
22/06/2015,40.38
19/06/2015,40.81
18/06/2015,40.95
17/06/2015,40.69
16/06/2015,40.63
15/06/2015,40.6
12/06/2015,41.02
11/06/2015,41.24
10/06/2015,41.31
09/06/2015,41.25
08/06/2015,40.94
05/06/2015,40.31
04/06/2015,40.26
03/06/2015,40.44
02/06/2015,40.73
01/06/2015,41.08
29/05/2015,41.68
28/05/2015,40.98
27/05/2015,40.88
26/05/2015,40.9
25/05/2015,41.62
22/05/2015,41.76
21/05/2015,41.92
20/05/2015,42.25
19/05/2015,42.44
18/05/2015,42.5
15/05/2015,42.38
14/05/2015,42.91
13/05/2015,42.69
12/05/2015,41.87
11/05/2015,41.63
08/05/2015,41.9
07/05/2015,41.68
06/05/2015,42.09
05/05/2015,42.26
04/05/2015,41.69
30/04/2015,41.2
29/04/2015,42.14
28/04/2015,42.18
27/04/2015,42.1
24/04/2015,42.36
23/04/2015,43.19
22/04/2015,42.13
21/04/2015,42.67
20/04/2015,42.18
17/04/2015,42.69
16/04/2015,43.53
15/04/2015,42.74
14/04/2015,42.53
13/04/2015,42.78
10/04/2015,43
09/04/2015,42.99
08/04/2015,43.43
07/04/2015,44.04
06/04/2015,44.33
01/04/2015,43.22
31/03/2015,43.26
30/03/2015,43.13
27/03/2015,42.62
26/03/2015,42.49
25/03/2015,43.78
24/03/2015,44.49
23/03/2015,43.91
20/03/2015,44.21
19/03/2015,42.81
18/03/2015,43.07
17/03/2015,42.08
13/03/2015,42.5
12/03/2015,42.47
11/03/2015,41.82
10/03/2015,40.87
09/03/2015,41.64
06/03/2015,40.81
05/03/2015,41.13
04/03/2015,41.81
03/03/2015,41.92
02/03/2015,41.79
27/02/2015,42.22
26/02/2015,42.74
25/02/2015,42.35
24/02/2015,42.85
23/02/2015,42.94
20/02/2015,41.81
19/02/2015,42
18/02/2015,42.14
17/02/2015,40.92
16/02/2015,40.46
13/02/2015,40.62
12/02/2015,40.55
11/02/2015,39.69
10/02/2015,38.92
09/02/2015,38.81
06/02/2015,39.33
05/02/2015,38.77
04/02/2015,39.03
03/02/2015,39.77
30/01/2015,38.14
29/01/2015,39.43
28/01/2015,39.23
27/01/2015,39.95
26/01/2015,40.3
23/01/2015,40.41
22/01/2015,40.87
21/01/2015,40.1
20/01/2015,39.8
19/01/2015,39.18
16/01/2015,39.16
15/01/2015,37.81
14/01/2015,38.84
13/01/2015,39.87
12/01/2015,39.73
09/01/2015,40.22
08/01/2015,41.02
07/01/2015,40.39
06/01/2015,39.42
05/01/2015,39.71
02/01/2015,39.77
31/12/2014,40.7
30/12/2014,40.6
29/12/2014,40.57
26/12/2014,40.8
24/12/2014,40.72
23/12/2014,40.9
22/12/2014,40.71
19/12/2014,39.76
18/12/2014,39.39
17/12/2014,37.05
16/12/2014,36.66
15/12/2014,36.45
11/12/2014,36.26
10/12/2014,35.6
09/12/2014,36.6
08/12/2014,37.64
05/12/2014,37.72
04/12/2014,37.81
03/12/2014,38.2
02/12/2014,38.19
01/12/2014,38.65
28/11/2014,39.11
27/11/2014,39.24
26/11/2014,39.15
25/11/2014,39.28
24/11/2014,38.35
21/11/2014,39.42
20/11/2014,39.03
19/11/2014,39.19
18/11/2014,37.29
14/11/2014,38.01
13/11/2014,37.94
12/11/2014,38.36
11/11/2014,38.81
10/11/2014,38.86
07/11/2014,38.88
06/11/2014,39.48
05/11/2014,39.81
04/11/2014,38.76
03/11/2014,39.6
31/10/2014,39.39
30/10/2014,39.89
29/10/2014,40.18
28/10/2014,39.94
27/10/2014,39.95
24/10/2014,40.28
23/10/2014,40.12
22/10/2014,39.24
21/10/2014,38.94
20/10/2014,38.56
17/10/2014,39.45
16/10/2014,39.17
15/10/2014,39.12
14/10/2014,38.6
13/10/2014,38.67
10/10/2014,38.79
09/10/2014,39.33
08/10/2014,39.21
07/10/2014,38.75
06/10/2014,38.95
03/10/2014,39.24
02/10/2014,39.02
01/10/2014,38.52
30/09/2014,38.94
29/09/2014,39.09
26/09/2014,39.08
25/09/2014,39.76
24/09/2014,39.63
23/09/2014,38.65
22/09/2014,38.84
19/09/2014,39.45
18/09/2014,39.72
17/09/2014,39.94
15/09/2014,39.71
12/09/2014,40.12
11/09/2014,40.31
10/09/2014,40.37
09/09/2014,40.58
08/09/2014,40.94
05/09/2014,40.06
04/09/2014,40.01
03/09/2014,39.99
02/09/2014,40.29
01/09/2014,40.46
29/08/2014,41.16
28/08/2014,42.84
27/08/2014,42.95
26/08/2014,42.51
25/08/2014,42.92
22/08/2014,42.91
21/08/2014,42.94
20/08/2014,43.17
19/08/2014,43.05
18/08/2014,42.74
15/08/2014,42.36
14/08/2014,42.93
13/08/2014,42.89
12/08/2014,42.25
11/08/2014,42.32
08/08/2014,41.7
07/08/2014,41.17
06/08/2014,41.52
05/08/2014,41.97
04/08/2014,41.66
01/08/2014,40.62
31/07/2014,40.61
30/07/2014,41.07
29/07/2014,42.21
28/07/2014,42.96
25/07/2014,42.23
24/07/2014,41.56
23/07/2014,41
22/07/2014,41.16
21/07/2014,41.56
18/07/2014,41.45
17/07/2014,40.97
16/07/2014,41.05
15/07/2014,40.93
14/07/2014,40.97
11/07/2014,40.52
10/07/2014,39.86
09/07/2014,39.42
08/07/2014,39.85
07/07/2014,39.87
04/07/2014,39.48
03/07/2014,39.34
02/07/2014,39.01
01/07/2014,38.29
30/06/2014,38.07
27/06/2014,38.08
26/06/2014,38.08
25/06/2014,38.72
24/06/2014,39.5
23/06/2014,39.88
20/06/2014,39.7
19/06/2014,39.33
18/06/2014,39.36
17/06/2014,39.25
16/06/2014,39.32
13/06/2014,38.51
12/06/2014,38.92
11/06/2014,39.09
10/06/2014,38.59
09/06/2014,37.77
06/06/2014,37.47
05/06/2014,37.24
04/06/2014,37.41
03/06/2014,37.88
02/06/2014,37.68
30/05/2014,37.2
29/05/2014,37.69
28/05/2014,37.73
27/05/2014,37.83
26/05/2014,37.69
23/05/2014,37.27
22/05/2014,37.33
21/05/2014,37.6
20/05/2014,37.18
19/05/2014,36.88
16/05/2014,36.44
15/05/2014,36.06
14/05/2014,36.74
13/05/2014,36.33
12/05/2014,36.09
09/05/2014,35.25
08/05/2014,35.65
07/05/2014,35.96
06/05/2014,36.14
05/05/2014,35.54
02/05/2014,35.18
30/04/2014,36.14
29/04/2014,37.89
28/04/2014,37.08
25/04/2014,37.19
24/04/2014,38.1
23/04/2014,37.32
22/04/2014,36.37
21/04/2014,35.72
16/04/2014,35.97
15/04/2014,35.51
14/04/2014,35.95
11/04/2014,35.98
10/04/2014,35.47
09/04/2014,36.34
08/04/2014,36.23
07/04/2014,35.83
04/04/2014,35.34
03/04/2014,35.42
02/04/2014,35.46
01/04/2014,35.37
31/03/2014,35.24
28/03/2014,35.33
27/03/2014,34.61
26/03/2014,34.75
25/03/2014,34.99
24/03/2014,35.09
21/03/2014,35.71
20/03/2014,34.86
19/03/2014,34.19
18/03/2014,33.46
14/03/2014,32.53
13/03/2014,32.82
12/03/2014,34.33
11/03/2014,34.36
10/03/2014,34.71
07/03/2014,34.8
06/03/2014,35.86
05/03/2014,35.68
04/03/2014,35.93
03/03/2014,34.46
28/02/2014,34.75
27/02/2014,34.31
26/02/2014,34.21
25/02/2014,34.7
24/02/2014,35.7
21/02/2014,35.01
20/02/2014,33.73
19/02/2014,34.34
18/02/2014,34.99
17/02/2014,35.77
14/02/2014,35.75
13/02/2014,35.04
12/02/2014,35.5
11/02/2014,35.17
10/02/2014,34.28
07/02/2014,35.4
06/02/2014,35.3
05/02/2014,34.62
04/02/2014,34.53
31/01/2014,35.53
30/01/2014,35.45
29/01/2014,34.12
28/01/2014,34.31
27/01/2014,35.28
24/01/2014,34.57
23/01/2014,34.77
22/01/2014,34.79
21/01/2014,35.21
20/01/2014,36.26
17/01/2014,36.16
16/01/2014,36.96
15/01/2014,36.93
14/01/2014,36.85
13/01/2014,36.66
10/01/2014,36.68
09/01/2014,36.26
08/01/2014,37.05
07/01/2014,38.19
06/01/2014,38.63
03/01/2014,38.59
02/01/2014,38.96
31/12/2013,40.2
30/12/2013,40.42
27/12/2013,39.61
26/12/2013,39.21
24/12/2013,39.04
23/12/2013,38.69
20/12/2013,38.55
19/12/2013,38.67
18/12/2013,38.5
17/12/2013,38
16/12/2013,38.12
13/12/2013,38.56
11/12/2013,39.67
10/12/2013,40.48
09/12/2013,41.06
06/12/2013,40.94
05/12/2013,40.56
04/12/2013,40.61
03/12/2013,40.24
02/12/2013,41.06
29/11/2013,40.8
28/11/2013,40.83
27/11/2013,40.4
26/11/2013,41.4
25/11/2013,40.68
22/11/2013,40.75
21/11/2013,40.76
20/11/2013,40.57
19/11/2013,41.71
15/11/2013,42.51
14/11/2013,42.43
13/11/2013,41.94
12/11/2013,40.93
11/11/2013,40.6
08/11/2013,41.53
07/11/2013,42.57
06/11/2013,43.17
05/11/2013,42.52
04/11/2013,43.32
01/11/2013,43.42
31/10/2013,43.83
30/10/2013,43.57
29/10/2013,44.14
28/10/2013,44
25/10/2013,43.14
24/10/2013,42.86
23/10/2013,41.47
22/10/2013,41.92
21/10/2013,40.91
18/10/2013,41
17/10/2013,40.61
16/10/2013,41.53
15/10/2013,41.48
14/10/2013,42.67
11/10/2013,42.38
10/10/2013,40.59
09/10/2013,39.76
08/10/2013,40.59
07/10/2013,41.03
04/10/2013,41.79
03/10/2013,42.07
02/10/2013,42.22
01/10/2013,41.76
30/09/2013,40.69
27/09/2013,41.06
26/09/2013,41.14
25/09/2013,42.05
24/09/2013,40.57
23/09/2013,41.53
20/09/2013,40.65
19/09/2013,42.33
18/09/2013,42.71
17/09/2013,41.9
13/09/2013,41.89
12/09/2013,41.77
11/09/2013,42.99
10/09/2013,42.92
09/09/2013,41.56
06/09/2013,38.59
05/09/2013,39.11
04/09/2013,39.89
03/09/2013,38.5
02/09/2013,39.02
30/08/2013,38.85
29/08/2013,37.1
28/08/2013,37.11
27/08/2013,37.35
26/08/2013,38.63
23/08/2013,40.01
22/08/2013,40.02
21/08/2013,39.75
20/08/2013,40.94
19/08/2013,41.03
16/08/2013,42.71
15/08/2013,43.45
14/08/2013,44.29
13/08/2013,44.31
12/08/2013,44.61
09/08/2013,45.8
08/08/2013,45.49
07/08/2013,45.13
06/08/2013,44.74
05/08/2013,45.43
02/08/2013,45.62
01/08/2013,45.43
31/07/2013,43.2
30/07/2013,42.99
29/07/2013,42.86
26/07/2013,43.74
25/07/2013,42.75
24/07/2013,42.55
23/07/2013,41.31
22/07/2013,39.98
19/07/2013,40.78
18/07/2013,41.43
17/07/2013,41.63
16/07/2013,39.83
15/07/2013,41.5
12/07/2013,40.49
11/07/2013,39.5
10/07/2013,38.63
09/07/2013,39.9
08/07/2013,39.89
05/07/2013,39.44
04/07/2013,41.05
03/07/2013,40.35
02/07/2013,39.27
01/07/2013,40.34
28/06/2013,39.25
27/06/2013,37.46
26/06/2013,35.82
25/06/2013,34.68
24/06/2013,34.64
21/06/2013,35.57
20/06/2013,34.12
19/06/2013,35.02
18/06/2013,35.9
17/06/2013,36.51
14/06/2013,36.48
13/06/2013,37.32
12/06/2013,37.22
11/06/2013,37.51
10/06/2013,38.22
07/06/2013,36.88
06/06/2013,37.13
05/06/2013,37.03
04/06/2013,37.69
03/06/2013,37.6
31/05/2013,37.83
30/05/2013,37.48
29/05/2013,36.91
28/05/2013,37.62
27/05/2013,36.01
24/05/2013,36.24
23/05/2013,36.99
22/05/2013,36.69
21/05/2013,37.21
20/05/2013,36.28
17/05/2013,37.55
16/05/2013,37.58
15/05/2013,38.04
14/05/2013,38.4
13/05/2013,37.49
10/05/2013,38.16
09/05/2013,38.86
08/05/2013,38.85
07/05/2013,39.44
06/05/2013,38.3
03/05/2013,39.19
02/05/2013,39.35
30/04/2013,39.51
29/04/2013,41
26/04/2013,40.16
25/04/2013,41.63
24/04/2013,40.71
23/04/2013,41.43
22/04/2013,41.53
19/04/2013,40.59
18/04/2013,40.1
17/04/2013,40.31
16/04/2013,39.67
15/04/2013,38.55
12/04/2013,38.92
11/04/2013,40.48
10/04/2013,40.53
09/04/2013,40.18
08/04/2013,39.77
05/04/2013,38.89
04/04/2013,38.93
03/04/2013,39.31
02/04/2013,39.16
01/04/2013,39.22
27/03/2013,39.49
26/03/2013,38.59
25/03/2013,38.01
22/03/2013,36.6
21/03/2013,35.21
20/03/2013,35.33
19/03/2013,34.27
15/03/2013,34.49
14/03/2013,35.61
13/03/2013,36.1
12/03/2013,36.18
11/03/2013,35.3
08/03/2013,35.5
07/03/2013,35.27
06/03/2013,35.39
05/03/2013,35.04
04/03/2013,34.53
01/03/2013,34.65
28/02/2013,34.67
27/02/2013,33.81
26/02/2013,32.99
25/02/2013,33.3
22/02/2013,33.4
21/02/2013,32.98
20/02/2013,32.92
19/02/2013,32.7
18/02/2013,32.91
15/02/2013,32.96
14/02/2013,32.89
13/02/2013,32.72
12/02/2013,32.38
11/02/2013,32.57
08/02/2013,31.72
07/02/2013,32.38
06/02/2013,32.86
05/02/2013,32.96
01/02/2013,32.98
31/01/2013,32.88
30/01/2013,33.29
29/01/2013,33.48
28/01/2013,33.41
25/01/2013,33.36
24/01/2013,33.35
23/01/2013,33.3
22/01/2013,33.14
21/01/2013,32.81
18/01/2013,32.91
17/01/2013,32.85
16/01/2013,32.89
15/01/2013,32.91
14/01/2013,32.41
11/01/2013,32.58
10/01/2013,32.37
09/01/2013,33.32
08/01/2013,33.68
07/01/2013,33.83
04/01/2013,34.11
03/01/2013,33.77
02/01/2013,33.81
31/12/2012,33.47
28/12/2012,32.77
27/12/2012,32.97
26/12/2012,33.23
24/12/2012,32.97
21/12/2012,32.59
20/12/2012,33.08
19/12/2012,32.93
18/12/2012,32.99
17/12/2012,32.41
14/12/2012,31.9
13/12/2012,31.96
11/12/2012,31.92
10/12/2012,31.47
07/12/2012,31.24
06/12/2012,31.36
05/12/2012,30.67
04/12/2012,30.9
03/12/2012,30.99
30/11/2012,30.5
29/11/2012,30.47
28/11/2012,30.11
27/11/2012,30.43
26/11/2012,30.83
23/11/2012,31.25
22/11/2012,31.48
21/11/2012,31.44
20/11/2012,31.31
16/11/2012,31.2
15/11/2012,30.63
14/11/2012,30.9
13/11/2012,30.49
12/11/2012,30.34
09/11/2012,30.37
08/11/2012,30.7
07/11/2012,30.3
06/11/2012,30.76
05/11/2012,30.87
01/11/2012,31.77
31/10/2012,30.5
30/10/2012,31.24
29/10/2012,32.02
26/10/2012,32.28
25/10/2012,32.58
24/10/2012,32.27
23/10/2012,32.59
22/10/2012,32.46
19/10/2012,32.6
18/10/2012,32.82
17/10/2012,32.97
16/10/2012,32.23
15/10/2012,31.48
12/10/2012,31.43
11/10/2012,31.31
10/10/2012,31.54
09/10/2012,31.89
08/10/2012,31.78
05/10/2012,31.94
04/10/2012,31.44
03/10/2012,31.71
02/10/2012,31.89
01/10/2012,31.89
28/09/2012,32.04
27/09/2012,31.7
26/09/2012,31.33
25/09/2012,31.07
24/09/2012,31.03
21/09/2012,31.06
20/09/2012,31.19
19/09/2012,31.16
18/09/2012,31
17/09/2012,30.69
14/09/2012,30.92
13/09/2012,30.67
12/09/2012,30.62
11/09/2012,30.33
10/09/2012,30.6
07/09/2012,30.43
06/09/2012,30.05
05/09/2012,29.23
04/09/2012,29.31
03/09/2012,29.49
31/08/2012,28.7
30/08/2012,29.99
29/08/2012,30.26
28/08/2012,30.54
27/08/2012,30.42
24/08/2012,30.72
23/08/2012,30.45
22/08/2012,30.78
21/08/2012,30.31
20/08/2012,30.8
17/08/2012,30.81
16/08/2012,31.21
15/08/2012,31.77
14/08/2012,30.79
13/08/2012,30.75
10/08/2012,31.22
09/08/2012,31.77
08/08/2012,32.11
07/08/2012,32.5
06/08/2012,32.5
03/08/2012,32.51
02/08/2012,32.57
01/08/2012,32.97
31/07/2012,33.12
30/07/2012,32.67
27/07/2012,32.22
26/07/2012,31.38
25/07/2012,31.21
24/07/2012,31.17
23/07/2012,31.47
20/07/2012,31.32
19/07/2012,31.45
18/07/2012,32
17/07/2012,32.4
16/07/2012,32.56
13/07/2012,31.8
12/07/2012,31.96
11/07/2012,32.45
10/07/2012,32.35
09/07/2012,32.19
06/07/2012,32.06
05/07/2012,31.76
04/07/2012,32.83
03/07/2012,33.22
02/07/2012,32.57
29/06/2012,32.75
28/06/2012,32.05
27/06/2012,31.57
26/06/2012,30.85
25/06/2012,30.18
22/06/2012,31.03
21/06/2012,30.76
20/06/2012,30.91
19/06/2012,31.01
18/06/2012,30.79
15/06/2012,30.99
14/06/2012,30.49
13/06/2012,29.99
12/06/2012,29.7
11/06/2012,29.58
08/06/2012,30
07/06/2012,29.47
06/06/2012,29.59
05/06/2012,29.88
04/06/2012,30.38
01/06/2012,30.78
31/05/2012,31.14
30/05/2012,29.97
29/05/2012,29.94
28/05/2012,29.1
25/05/2012,29.66
24/05/2012,29.49
23/05/2012,29.04
22/05/2012,29.06
21/05/2012,29.11
18/05/2012,29.05
17/05/2012,29.7
16/05/2012,30.21
15/05/2012,30.03
14/05/2012,30.42
11/05/2012,30.71
10/05/2012,31.19
09/05/2012,31.68
08/05/2012,32.2
07/05/2012,31.28
04/05/2012,30.69
03/05/2012,30.56
02/05/2012,30.92
30/04/2012,31.04
27/04/2012,30.73
26/04/2012,31.77
25/04/2012,32.07
24/04/2012,32.27
23/04/2012,32.33
20/04/2012,31.57
19/04/2012,31.51
18/04/2012,31.04
17/04/2012,30.49
16/04/2012,30.63
13/04/2012,30.36
12/04/2012,30.33
11/04/2012,30.48
10/04/2012,30.02
09/04/2012,30.33
04/04/2012,30.19
03/04/2012,30.61
02/04/2012,30.47
30/03/2012,29.84
29/03/2012,29.78
28/03/2012,29.59
27/03/2012,29.34
26/03/2012,29.94
23/03/2012,29.52
22/03/2012,29.58
21/03/2012,29.4
20/03/2012,29.34
16/03/2012,29.48
15/03/2012,29.58
14/03/2012,29.77
13/03/2012,29.62
12/03/2012,29.69
09/03/2012,29.21
08/03/2012,29.3
07/03/2012,29.31
06/03/2012,29.18
05/03/2012,29.69
02/03/2012,29.69
01/03/2012,29.22
29/02/2012,28.96
28/02/2012,29.06
27/02/2012,29.11
24/02/2012,29.59
23/02/2012,29.38
22/02/2012,29.24
21/02/2012,29.15
20/02/2012,29.98
17/02/2012,29.89
16/02/2012,30
15/02/2012,29.98
14/02/2012,29.36
13/02/2012,29.86
10/02/2012,29.52
09/02/2012,29.43
08/02/2012,29.38
07/02/2012,29.9
03/02/2012,30.51
02/02/2012,29.91
01/02/2012,29.35
31/01/2012,29
30/01/2012,28.63
27/01/2012,28.76
26/01/2012,28.99
25/01/2012,28.69
24/01/2012,28.44
23/01/2012,28.77
20/01/2012,28.99
19/01/2012,29.83
18/01/2012,29.08
17/01/2012,28.47
16/01/2012,28.49
13/01/2012,28.49
12/01/2012,29.22
11/01/2012,29.2
10/01/2012,29.04
09/01/2012,28.79
06/01/2012,28.75
05/01/2012,29.27
04/01/2012,29.37
03/01/2012,29.01
02/01/2012,28.46
30/12/2011,28.47
29/12/2011,28.24
28/12/2011,27.3
27/12/2011,27.82
26/12/2011,27.89
23/12/2011,27.93
22/12/2011,27.96
21/12/2011,27.45
20/12/2011,26.82
19/12/2011,26.99
16/12/2011,27.13
15/12/2011,26.82
14/12/2011,26.44
13/12/2011,27.3
09/12/2011,27.96
08/12/2011,28
07/12/2011,28.24
06/12/2011,28.28
05/12/2011,28.1
02/12/2011,27.87
01/12/2011,27.9
30/11/2011,28.11
29/11/2011,27.26
28/11/2011,26.74
25/11/2011,26.08
24/11/2011,26.97
23/11/2011,26.92
22/11/2011,27.14
18/11/2011,26.91
17/11/2011,26.17
16/11/2011,26.44
15/11/2011,26.83
14/11/2011,26.98
11/11/2011,27.78
10/11/2011,27.19
09/11/2011,27.47
08/11/2011,27.72
07/11/2011,27.1
04/11/2011,27.14
03/11/2011,27.3
01/11/2011,26.96
31/10/2011,27.41
28/10/2011,28
27/10/2011,28.1
26/10/2011,27.55
25/10/2011,27.55
24/10/2011,27.68
21/10/2011,27.43
20/10/2011,27.44
19/10/2011,27.46
18/10/2011,27.39
17/10/2011,27.07
14/10/2011,27.33
13/10/2011,27.32
12/10/2011,27.18
11/10/2011,27.2
10/10/2011,27.93
07/10/2011,27.82
06/10/2011,28.25
05/10/2011,27.22
04/10/2011,26.28
03/10/2011,26.19
30/09/2011,26.39
29/09/2011,25.52
28/09/2011,25.7
27/09/2011,26
26/09/2011,25.63
23/09/2011,24.28
22/09/2011,23.94
21/09/2011,24.81
20/09/2011,25.26
19/09/2011,25.19
15/09/2011,24.96
14/09/2011,25.57
13/09/2011,24.79
12/09/2011,24.08
09/09/2011,24.02
08/09/2011,24.43
07/09/2011,24.54
06/09/2011,23.64
05/09/2011,23.95
02/09/2011,24.23
01/09/2011,24.15
31/08/2011,24.17
30/08/2011,24.77
29/08/2011,24.6
26/08/2011,24.47
25/08/2011,24.79
24/08/2011,25.4
23/08/2011,25.23
22/08/2011,24.36
19/08/2011,23.95
18/08/2011,24.71
17/08/2011,25.61
16/08/2011,26.04
15/08/2011,25.39
12/08/2011,24.52
11/08/2011,25.21
10/08/2011,25.33
09/08/2011,25.9
08/08/2011,23.54
05/08/2011,25.28
04/08/2011,25.55
03/08/2011,25.88
02/08/2011,26.98
01/08/2011,28.09
29/07/2011,28.24
28/07/2011,27.34
27/07/2011,26.79
26/07/2011,26.52
25/07/2011,27.17
22/07/2011,26.79
21/07/2011,26.78
20/07/2011,26.18
19/07/2011,26.09
18/07/2011,25.93
15/07/2011,26.82
14/07/2011,27.04
13/07/2011,27.75
12/07/2011,27.83
11/07/2011,27.97
08/07/2011,27.94
07/07/2011,27.88
06/07/2011,27.88
05/07/2011,27.8
04/07/2011,27.56
01/07/2011,27.47
30/06/2011,27.13
29/06/2011,27.3
28/06/2011,26.94
27/06/2011,26.9
24/06/2011,27
23/06/2011,27.34
22/06/2011,27.49
21/06/2011,27.5
20/06/2011,27.14
17/06/2011,27.61
16/06/2011,28
15/06/2011,27.86
14/06/2011,27.82
13/06/2011,27.09
10/06/2011,26.89
09/06/2011,27.44
08/06/2011,26.98
07/06/2011,26.59
06/06/2011,26.38
03/06/2011,27.12
02/06/2011,27.38
01/06/2011,26.67
31/05/2011,26.92
30/05/2011,27.01
27/05/2011,27.09
26/05/2011,26.75
25/05/2011,26.69
24/05/2011,26.35
23/05/2011,26.29
20/05/2011,26.24
19/05/2011,26.83
18/05/2011,26.5
17/05/2011,26.53
16/05/2011,25.71
13/05/2011,25.19
12/05/2011,25.04
11/05/2011,25.02
10/05/2011,25.2
09/05/2011,25.17
06/05/2011,25.02
05/05/2011,24.8
04/05/2011,25.05
03/05/2011,24.9
02/05/2011,25.06
29/04/2011,25.4
28/04/2011,25.32
27/04/2011,25.45
26/04/2011,25.51
25/04/2011,25.33
20/04/2011,25.16
19/04/2011,25.15
18/04/2011,25.06
15/04/2011,25.41
14/04/2011,25.39
13/04/2011,25.09
12/04/2011,25.54
11/04/2011,25.68
08/04/2011,25.48
07/04/2011,25.44
06/04/2011,25.43
05/04/2011,25.24
04/04/2011,24.96
01/04/2011,24.98
31/03/2011,25.05
30/03/2011,24.56
29/03/2011,24.43
28/03/2011,24.31
25/03/2011,24.29
24/03/2011,24.37
23/03/2011,24.19
22/03/2011,24.03
18/03/2011,23.96
17/03/2011,24.08
16/03/2011,23.93
15/03/2011,24.09
14/03/2011,24.24
11/03/2011,24.25
10/03/2011,23.9
09/03/2011,24.25
08/03/2011,24.34
07/03/2011,24.32
04/03/2011,24.33
03/03/2011,23.87
02/03/2011,23.71
01/03/2011,23.07
28/02/2011,23.55
25/02/2011,23.39
24/02/2011,23.47
23/02/2011,24
22/02/2011,24.08
21/02/2011,24.28
18/02/2011,24.46
17/02/2011,24.32
16/02/2011,24.31
15/02/2011,24.09
14/02/2011,24.07
11/02/2011,24.29
10/02/2011,24.44
09/02/2011,24.35
08/02/2011,24.75
04/02/2011,24.95
03/02/2011,25.25
02/02/2011,25.51
01/02/2011,26
31/01/2011,25.61
28/01/2011,26.12
27/01/2011,26.12
26/01/2011,25.57
25/01/2011,25.49
24/01/2011,25.48
21/01/2011,25.48
20/01/2011,25.82
19/01/2011,25.58
18/01/2011,26.01
17/01/2011,25.88
14/01/2011,26.22
13/01/2011,25.95
12/01/2011,25.79
11/01/2011,25.75
10/01/2011,26.41
07/01/2011,26.47
06/01/2011,26.46
05/01/2011,26.61
04/01/2011,26.02
03/01/2011,25.86
31/12/2010,26.36
30/12/2010,26
29/12/2010,26.13
28/12/2010,26.21
27/12/2010,26.37
24/12/2010,26.25
23/12/2010,26.06
22/12/2010,26.15
21/12/2010,26.33
20/12/2010,26.74
17/12/2010,27.01
16/12/2010,26.74
15/12/2010,26.86
14/12/2010,26.73
13/12/2010,26.48
10/12/2010,26.5
09/12/2010,26.02
08/12/2010,25.98
07/12/2010,25.85
06/12/2010,26.02
03/12/2010,26.26
02/12/2010,26.1
01/12/2010,25.87
30/11/2010,25.41
29/11/2010,25.42
26/11/2010,25.1
25/11/2010,25.21
24/11/2010,25.28
23/11/2010,24.61
22/11/2010,24.67
19/11/2010,25.07
18/11/2010,24.99
17/11/2010,24.72
16/11/2010,24.34
12/11/2010,24.58
11/11/2010,25.22
10/11/2010,25.48
09/11/2010,25.48
08/11/2010,24.37
05/11/2010,23.74
04/11/2010,23.47
03/11/2010,23.53
01/11/2010,23.72
29/10/2010,23.8
28/10/2010,23.62
27/10/2010,23.46
26/10/2010,23.19
25/10/2010,23.22
22/10/2010,23.48
21/10/2010,23.91
20/10/2010,24.04
19/10/2010,23.92
18/10/2010,24.37
15/10/2010,24.22
14/10/2010,24.44
13/10/2010,24.51
12/10/2010,24.03
11/10/2010,23.94
08/10/2010,23.83
07/10/2010,23.55
06/10/2010,23.55
05/10/2010,23.69
04/10/2010,23.81
01/10/2010,23.04
30/09/2010,23.08
29/09/2010,23.53
28/09/2010,23.49
27/09/2010,23.26
24/09/2010,23.37
23/09/2010,23.01
22/09/2010,23.2
21/09/2010,23.35
20/09/2010,23.45
15/09/2010,23.5
14/09/2010,23.43
13/09/2010,23.25
10/09/2010,23.18
09/09/2010,22.92
08/09/2010,22.77
07/09/2010,22.77
06/09/2010,23.1
03/09/2010,22.88
02/09/2010,23.16
01/09/2010,23.25
31/08/2010,22.64
30/08/2010,22.4
27/08/2010,22.75
26/08/2010,22.7
25/08/2010,22.82
24/08/2010,22.6
23/08/2010,22.89
20/08/2010,22.99
19/08/2010,22.99
18/08/2010,23.17
17/08/2010,23.14
16/08/2010,23.17
13/08/2010,23.13
12/08/2010,23.04
11/08/2010,22.8
10/08/2010,23.4
09/08/2010,23.33
06/08/2010,23.36
05/08/2010,23.5
04/08/2010,23.68
03/08/2010,23.24
02/08/2010,23.26
30/07/2010,23.84
29/07/2010,23.94
28/07/2010,23.96
27/07/2010,23.87
26/07/2010,24.14
23/07/2010,24.42
22/07/2010,24.49
21/07/2010,24.34
20/07/2010,24.15
19/07/2010,24.35
16/07/2010,24.19
15/07/2010,24.77
14/07/2010,25.19
13/07/2010,24.92
12/07/2010,24.63
09/07/2010,24.26
08/07/2010,24.61
07/07/2010,24.4
06/07/2010,23.49
05/07/2010,23.25
02/07/2010,23.13
01/07/2010,22.71
30/06/2010,22.99
29/06/2010,23.7
28/06/2010,24.05
25/06/2010,24.31
24/06/2010,24.16
23/06/2010,24.47
22/06/2010,24.29
21/06/2010,24.86
18/06/2010,25.04
17/06/2010,24.82
16/06/2010,24.7
15/06/2010,24.66
14/06/2010,24.39
11/06/2010,23.96
10/06/2010,23.62
09/06/2010,23.27
08/06/2010,22.8
07/06/2010,22.83
04/06/2010,22.81
03/06/2010,23.09
02/06/2010,22.81
01/06/2010,22.2
31/05/2010,22.97
28/05/2010,23.03
27/05/2010,23.83
26/05/2010,23.72
25/05/2010,22.82
24/05/2010,22.52
21/05/2010,22.88
20/05/2010,22.71
19/05/2010,23.13
18/05/2010,23.66
17/05/2010,24.18
14/05/2010,23.93
13/05/2010,24.95
12/05/2010,24.85
11/05/2010,24.75
10/05/2010,24.87
07/05/2010,23.88
06/05/2010,23.59
05/05/2010,24.32
04/05/2010,23.61
03/05/2010,24.14
30/04/2010,24.6
29/04/2010,25.57
28/04/2010,26
27/04/2010,25.19
26/04/2010,26.55
23/04/2010,26.71
22/04/2010,26.95
21/04/2010,26.56
20/04/2010,27
19/04/2010,26.33
16/04/2010,26.46
15/04/2010,27.14
14/04/2010,26.89
13/04/2010,26.94
12/04/2010,27.32
09/04/2010,27.41
08/04/2010,26.5
07/04/2010,26.45
06/04/2010,27.04
05/04/2010,26.84
31/03/2010,27.2
30/03/2010,27.08
29/03/2010,26.79
26/03/2010,26.84
25/03/2010,25.62
24/03/2010,25.8
23/03/2010,26.83
22/03/2010,26.92
19/03/2010,27.16
18/03/2010,26.54
17/03/2010,26.37
16/03/2010,26.23
12/03/2010,25.98
11/03/2010,25.83
10/03/2010,25.74
09/03/2010,25.5
08/03/2010,25.14
05/03/2010,24.91
04/03/2010,24.67
03/03/2010,24.45
02/03/2010,24.19
01/03/2010,23.88
26/02/2010,23.31
25/02/2010,23.3
24/02/2010,23.61
23/02/2010,23.69
22/02/2010,23.71
19/02/2010,23.75
18/02/2010,23.73
17/02/2010,23.54
16/02/2010,23.49
15/02/2010,22.49
12/02/2010,21.97
11/02/2010,21.6
10/02/2010,21.84
09/02/2010,21.9
08/02/2010,21.76
05/02/2010,21.87
04/02/2010,21.83
03/02/2010,21.92
02/02/2010,21.43
29/01/2010,20.56
28/01/2010,21.45
27/01/2010,21.68
26/01/2010,21.56
25/01/2010,21.43
22/01/2010,21.96
21/01/2010,22.05
20/01/2010,22.29
19/01/2010,22.25
18/01/2010,22.39
15/01/2010,21.96
14/01/2010,22.87
13/01/2010,22.54
12/01/2010,22.49
11/01/2010,22.72
08/01/2010,22.06
07/01/2010,22.12
06/01/2010,21.97
05/01/2010,22.04
04/01/2010,21.93
31/12/2009,21.64
30/12/2009,22.04
29/12/2009,22.36
28/12/2009,22.66
24/12/2009,22.68
23/12/2009,22.59
22/12/2009,22.5
21/12/2009,22.04
18/12/2009,21.99
17/12/2009,22.75
16/12/2009,22.36
15/12/2009,22.19
14/12/2009,22.28
11/12/2009,22.18
10/12/2009,22.53
09/12/2009,22.82
08/12/2009,22.9
07/12/2009,22.85
04/12/2009,22.99
03/12/2009,22.72
02/12/2009,22.5
01/12/2009,21.25
30/11/2009,20.61
27/11/2009,20.65
26/11/2009,20.77
25/11/2009,21.12
24/11/2009,21.13
23/11/2009,21.12
20/11/2009,20.53
19/11/2009,20.37
18/11/2009,20.74
17/11/2009,20.59
13/11/2009,20.77
12/11/2009,20.51
11/11/2009,20.93
10/11/2009,20.94
09/11/2009,20.25
06/11/2009,20.01
05/11/2009,19.88
04/11/2009,19.89
03/11/2009,19.32
30/10/2009,19.2
29/10/2009,20.04
28/10/2009,19.87
27/10/2009,19.78
26/10/2009,20.09
23/10/2009,20.2
22/10/2009,20
21/10/2009,19.97
20/10/2009,20
19/10/2009,19.75
16/10/2009,19.08
15/10/2009,19.08
14/10/2009,19.25
13/10/2009,19.08
12/10/2009,19
09/10/2009,18.8
08/10/2009,18.5
07/10/2009,18.55
06/10/2009,18.48
05/10/2009,18.38
02/10/2009,18.22
01/10/2009,18.24
30/09/2009,18.76
29/09/2009,19.09
28/09/2009,19.13
25/09/2009,17.85
24/09/2009,17.78
23/09/2009,18.44
22/09/2009,18.71
21/09/2009,19.01
18/09/2009,18.71
17/09/2009,18.99
15/09/2009,18.73
14/09/2009,18.65
11/09/2009,18.57
10/09/2009,18.63
09/09/2009,18.5
08/09/2009,18.81
07/09/2009,18.75
04/09/2009,18.67
03/09/2009,18.77
02/09/2009,18.27
01/09/2009,18.76
31/08/2009,19.41
28/08/2009,19.14
27/08/2009,19.35
26/08/2009,18.7
25/08/2009,18.7
24/08/2009,18.59
21/08/2009,18.55
20/08/2009,18.49
19/08/2009,18.36
18/08/2009,18.12
17/08/2009,18.03
14/08/2009,18.28
13/08/2009,18.54
12/08/2009,18.54
11/08/2009,18.13
10/08/2009,18.52
07/08/2009,18.55
06/08/2009,18.49
05/08/2009,18.56
04/08/2009,18.48
03/08/2009,18.46
31/07/2009,18.47
30/07/2009,18.55
29/07/2009,18.5
28/07/2009,18.63
27/07/2009,18.7
24/07/2009,18.47
23/07/2009,17.91
22/07/2009,17.53
21/07/2009,17.24
20/07/2009,17.64
17/07/2009,17.55
16/07/2009,17.75
15/07/2009,17.5
14/07/2009,17.24
13/07/2009,16.5
10/07/2009,16.28
09/07/2009,16.13
08/07/2009,16
07/07/2009,16.46
06/07/2009,16.66
03/07/2009,17.09
02/07/2009,17.34
01/07/2009,17.67
30/06/2009,17.49
29/06/2009,17.55
26/06/2009,17.85
25/06/2009,17.71
24/06/2009,17.42
23/06/2009,17.35
22/06/2009,16.59
19/06/2009,17.15
18/06/2009,17.37
17/06/2009,17.62
16/06/2009,17.19
15/06/2009,17.51
12/06/2009,17.34
11/06/2009,17.42
10/06/2009,17.62
09/06/2009,17.73
08/06/2009,17.57
05/06/2009,17.98
04/06/2009,17.92
03/06/2009,17.84
02/06/2009,17.99
01/06/2009,18
29/05/2009,17.47
28/05/2009,17.24
27/05/2009,17.7
26/05/2009,17.49
25/05/2009,17.48
22/05/2009,17.36
21/05/2009,17.25
20/05/2009,18.11
19/05/2009,18.05
18/05/2009,17.29
15/05/2009,16.64
14/05/2009,16.26
13/05/2009,15.69
12/05/2009,15.84
11/05/2009,16.12
08/05/2009,16.24
07/05/2009,15.81
06/05/2009,16.04
05/05/2009,15.94
04/05/2009,15.81
30/04/2009,15.61
29/04/2009,15.65
28/04/2009,15.59
27/04/2009,15.75
24/04/2009,16.46
23/04/2009,16.04
22/04/2009,15.53
21/04/2009,14.96
20/04/2009,15.97
17/04/2009,15.97
16/04/2009,15.46
15/04/2009,15.5
14/04/2009,15.45
13/04/2009,14.73
08/04/2009,13.34
07/04/2009,13.63
06/04/2009,13.45
03/04/2009,13.01
02/04/2009,13.06
01/04/2009,13
31/03/2009,13.15
30/03/2009,12.33
27/03/2009,12.98
26/03/2009,13.01
25/03/2009,13.22
24/03/2009,13.24
23/03/2009,13.17
20/03/2009,13.19
19/03/2009,13.27
18/03/2009,13.54
17/03/2009,13.2
13/03/2009,12.83
12/03/2009,12.13
11/03/2009,11.57
10/03/2009,11.66
09/03/2009,11.51
06/03/2009,11.31
05/03/2009,11.51
04/03/2009,11.47
03/03/2009,10.77
02/03/2009,10.46
27/02/2009,10.76
26/02/2009,10.05
25/02/2009,10.02
24/02/2009,10
23/02/2009,9.98
20/02/2009,10.61
19/02/2009,11.11
18/02/2009,11.09
17/02/2009,11.23
16/02/2009,11.57
13/02/2009,11.53
12/02/2009,11.55
11/02/2009,11.89
10/02/2009,12.23
09/02/2009,12.48
06/02/2009,12.43
05/02/2009,12.49
04/02/2009,12.71
03/02/2009,12.84
30/01/2009,12.85
29/01/2009,12.63
28/01/2009,13.15
27/01/2009,12.61
26/01/2009,12.5
23/01/2009,12.09
22/01/2009,12.28
21/01/2009,12.3
20/01/2009,12.22
19/01/2009,12.54
16/01/2009,12.37
15/01/2009,12.26
14/01/2009,12.58
13/01/2009,13.3
12/01/2009,13.46
09/01/2009,14.3
08/01/2009,14.47
07/01/2009,14.72
06/01/2009,14.83
05/01/2009,15.03
02/01/2009,14.99
31/12/2008,14.58
30/12/2008,14.78
29/12/2008,14.99
26/12/2008,14.98
24/12/2008,14.81
23/12/2008,14.75
22/12/2008,14.82
19/12/2008,14.83
18/12/2008,14.45
17/12/2008,15.07
16/12/2008,14.95
15/12/2008,14.96
11/12/2008,14.77
10/12/2008,14.75
09/12/2008,15.27
08/12/2008,15.03
05/12/2008,15.33
04/12/2008,14.73
03/12/2008,14.96
02/12/2008,14.8
01/12/2008,14.21
28/11/2008,15.73
27/11/2008,15.76
26/11/2008,15.99
25/11/2008,15.88
24/11/2008,15.75
21/11/2008,15.53
20/11/2008,14.75
19/11/2008,15.28
18/11/2008,15.28
14/11/2008,15.68
13/11/2008,15.78
12/11/2008,15.73
11/11/2008,16
10/11/2008,16.1
07/11/2008,16.03
06/11/2008,15.38
05/11/2008,16.04
04/11/2008,16.65
03/11/2008,16.28
31/10/2008,15.33
30/10/2008,15.87
29/10/2008,15.37
28/10/2008,15.11
27/10/2008,13.26
24/10/2008,12.51
23/10/2008,13.68
22/10/2008,14.24
21/10/2008,14.75
20/10/2008,14.98
17/10/2008,14.88
16/10/2008,15.26
15/10/2008,15.42
14/10/2008,15.52
13/10/2008,14.91
10/10/2008,13.51
09/10/2008,14.55
08/10/2008,15.02
07/10/2008,14.42
06/10/2008,15.62
03/10/2008,16.57
02/10/2008,17.11
01/10/2008,17.13
30/09/2008,17.18
29/09/2008,16.9
26/09/2008,17.49
25/09/2008,17.7
24/09/2008,17.21
23/09/2008,16.71
22/09/2008,16.51
19/09/2008,17.03
18/09/2008,16.24
17/09/2008,16.45
15/09/2008,16.95
12/09/2008,17.24
11/09/2008,16.78
10/09/2008,17.11
09/09/2008,16.61
08/09/2008,17.38
05/09/2008,17.33
04/09/2008,17
03/09/2008,16.97
02/09/2008,17.22
01/09/2008,17.09
29/08/2008,17.14
28/08/2008,17.02
27/08/2008,16.72
26/08/2008,16.99
25/08/2008,17.03
22/08/2008,17.33
21/08/2008,16.86
20/08/2008,17.24
19/08/2008,17.54
18/08/2008,17.13
15/08/2008,17.61
14/08/2008,17.36
13/08/2008,16.77
12/08/2008,16.53
11/08/2008,16.94
08/08/2008,16.6
07/08/2008,16.3
06/08/2008,16.29
05/08/2008,15.94
04/08/2008,16.03
01/08/2008,16.12
31/07/2008,16.24
30/07/2008,16.24
29/07/2008,16.23
28/07/2008,15.9
25/07/2008,16.19
24/07/2008,15.8
23/07/2008,16.2
22/07/2008,15.99
21/07/2008,15.8
18/07/2008,15.84
17/07/2008,15.74
16/07/2008,15.98
15/07/2008,15.33
14/07/2008,15.58
11/07/2008,15.4
10/07/2008,16.01
09/07/2008,16.21
08/07/2008,16.83
07/07/2008,16.53
04/07/2008,16.14
03/07/2008,16.19
02/07/2008,16.36
01/07/2008,16.36
30/06/2008,16.8
27/06/2008,16.73
26/06/2008,16.68
25/06/2008,16.88
24/06/2008,16.74
23/06/2008,16.73
20/06/2008,16.23
19/06/2008,16.56
18/06/2008,16.15
17/06/2008,16.17
16/06/2008,16.25
13/06/2008,16.18
12/06/2008,16.16
11/06/2008,16.25
10/06/2008,16.44
09/06/2008,16.4
06/06/2008,16.43
05/06/2008,16.5
04/06/2008,16.5
03/06/2008,16.82
02/06/2008,16.55
30/05/2008,16.77
29/05/2008,16.75
28/05/2008,16.68
27/05/2008,16.56
26/05/2008,16.46
23/05/2008,16.15
22/05/2008,16.29
21/05/2008,16.31
20/05/2008,16.66
19/05/2008,16.97
16/05/2008,16.56
15/05/2008,16.59
14/05/2008,16.22
13/05/2008,16.26
12/05/2008,16.05
09/05/2008,16.21
08/05/2008,16.2
07/05/2008,16.41
06/05/2008,16.85
05/05/2008,16.97
02/05/2008,16.93
30/04/2008,16.79
29/04/2008,16.9
28/04/2008,17.15
25/04/2008,17.6
24/04/2008,17.13
23/04/2008,17.11
22/04/2008,17.27
21/04/2008,17.03
18/04/2008,17.1
17/04/2008,16.88
16/04/2008,17
15/04/2008,17.04
14/04/2008,16.93
11/04/2008,16.8
10/04/2008,17.1
09/04/2008,17
08/04/2008,16.99
07/04/2008,16.95
04/04/2008,16.93
03/04/2008,16.92
02/04/2008,16.59
01/04/2008,17.01
31/03/2008,16
28/03/2008,15.58
27/03/2008,15.48
26/03/2008,15.53
25/03/2008,15.42
24/03/2008,15.18
19/03/2008,15.38
18/03/2008,15.38
14/03/2008,15.05
13/03/2008,15.23
12/03/2008,15.29
11/03/2008,15.73
10/03/2008,15.45
07/03/2008,15.21
06/03/2008,15.18
05/03/2008,15.24
04/03/2008,15.13
03/03/2008,14.91
29/02/2008,14.55
28/02/2008,15.08
27/02/2008,15.35
26/02/2008,15.24
25/02/2008,15.15
22/02/2008,14.99
21/02/2008,14.59
20/02/2008,15.02
19/02/2008,15.13
18/02/2008,15.26
15/02/2008,15.12
14/02/2008,15.43
13/02/2008,15.44
12/02/2008,15.2
11/02/2008,15.45
08/02/2008,15.5
07/02/2008,15.34
06/02/2008,14.85
05/02/2008,15.37
01/02/2008,16.25
31/01/2008,16.18
30/01/2008,16.07
29/01/2008,16.54
28/01/2008,16.19
25/01/2008,15.53
24/01/2008,15.91
23/01/2008,15.57
22/01/2008,15.24
21/01/2008,14.47
18/01/2008,14.74
17/01/2008,14.63
16/01/2008,14.73
15/01/2008,14.63
14/01/2008,14.66
11/01/2008,14.5
10/01/2008,14.5
09/01/2008,14.32
08/01/2008,13.91
07/01/2008,14.15
04/01/2008,14.49
03/01/2008,14.94
02/01/2008,15.36
31/12/2007,16.26
28/12/2007,16.69
27/12/2007,16.27
26/12/2007,16.37
24/12/2007,16.03
21/12/2007,16.33
20/12/2007,16.36
19/12/2007,16.04
18/12/2007,16.49
17/12/2007,15.74
14/12/2007,15.66
13/12/2007,15.66
11/12/2007,15.63
10/12/2007,15.8
07/12/2007,15.64
06/12/2007,15.58
05/12/2007,15.4
04/12/2007,15.17
03/12/2007,15.02
30/11/2007,15.06
29/11/2007,14.91
28/11/2007,14.98
27/11/2007,14.86
26/11/2007,14.58
23/11/2007,15.18
22/11/2007,14.85
21/11/2007,14.68
20/11/2007,14.78
16/11/2007,15.4
15/11/2007,15
14/11/2007,15.17
13/11/2007,15
12/11/2007,14.29
09/11/2007,14.67
08/11/2007,14.25
07/11/2007,14.23
06/11/2007,14.58
05/11/2007,14.33
01/11/2007,14.85
31/10/2007,15.16
30/10/2007,15.23
29/10/2007,15.25
26/10/2007,15.63
25/10/2007,15.36
24/10/2007,15.32
23/10/2007,15.43
22/10/2007,15.3
19/10/2007,15.03
18/10/2007,15.58
17/10/2007,15.52
16/10/2007,15.27
15/10/2007,15.71
12/10/2007,15.67
11/10/2007,15.63
10/10/2007,15.53
09/10/2007,15.76
08/10/2007,15.77
05/10/2007,15.6
04/10/2007,15.35
03/10/2007,15.49
02/10/2007,15.34
01/10/2007,15.55
28/09/2007,15.27
27/09/2007,15.43
26/09/2007,15.39
25/09/2007,15.01
24/09/2007,15.35
21/09/2007,15.47
20/09/2007,15.16
19/09/2007,15.09
18/09/2007,15.57
17/09/2007,15.16
14/09/2007,15.38
13/09/2007,15.51
12/09/2007,15.74
11/09/2007,16.08
10/09/2007,15.8
07/09/2007,16.29
06/09/2007,16.46
05/09/2007,16.66
04/09/2007,16.31
03/09/2007,16.38
31/08/2007,16.24
30/08/2007,16.12
29/08/2007,16.05
28/08/2007,15.91
27/08/2007,16
24/08/2007,15.95
23/08/2007,15.58
22/08/2007,15.48
21/08/2007,15.53
20/08/2007,15.09
17/08/2007,15
16/08/2007,14.8
15/08/2007,14.7
14/08/2007,14.7
13/08/2007,15.03
10/08/2007,14.95
09/08/2007,15.42
08/08/2007,15.93
07/08/2007,15.51
06/08/2007,15.88
03/08/2007,15.65
02/08/2007,15.58
01/08/2007,15.42
31/07/2007,15.35
30/07/2007,15.55
27/07/2007,15.31
26/07/2007,15.29
25/07/2007,15.87
24/07/2007,15.98
23/07/2007,16.4
20/07/2007,16.28
19/07/2007,16.23
18/07/2007,16.02
17/07/2007,15.96
16/07/2007,16.1
13/07/2007,16.08
12/07/2007,16.07
11/07/2007,15.77
10/07/2007,16
09/07/2007,16.34
06/07/2007,16.44
05/07/2007,16.45
04/07/2007,16.44
03/07/2007,16.49
02/07/2007,16.25
29/06/2007,16.67
28/06/2007,16.41
27/06/2007,16.27
26/06/2007,16.63
25/06/2007,16.78
22/06/2007,16.72
21/06/2007,17.17
20/06/2007,16.84
19/06/2007,17.17
18/06/2007,17.12
15/06/2007,17.13
14/06/2007,17.43
13/06/2007,17.5
12/06/2007,17.83
11/06/2007,17.95
08/06/2007,17.37
07/06/2007,17.27
06/06/2007,17.5
05/06/2007,18.06
04/06/2007,17.75
01/06/2007,17.63
31/05/2007,17.24
30/05/2007,16.98
29/05/2007,16.57
28/05/2007,16.6
25/05/2007,16.31
24/05/2007,16
23/05/2007,16.38
22/05/2007,17.38
21/05/2007,17.78
18/05/2007,18.11
17/05/2007,17.76
16/05/2007,17.6
15/05/2007,16.78
14/05/2007,16.78
11/05/2007,16.99
10/05/2007,16.4
09/05/2007,16
08/05/2007,15.73
07/05/2007,15.78
04/05/2007,16.11
03/05/2007,15.55
02/05/2007,15.06
30/04/2007,14.8
27/04/2007,14.75
26/04/2007,14.38
25/04/2007,14.86
24/04/2007,14.47
23/04/2007,14.1
20/04/2007,14.25
19/04/2007,14.17
18/04/2007,14.09
17/04/2007,14.15
16/04/2007,14.2
13/04/2007,14.33
12/04/2007,14.15
11/04/2007,13.76
10/04/2007,13.83
09/04/2007,13.84
04/04/2007,13.94
03/04/2007,14.03
02/04/2007,13.92
30/03/2007,13.89
29/03/2007,13.88
28/03/2007,13.5
27/03/2007,13.39
26/03/2007,13.33
23/03/2007,13.42
22/03/2007,13.41
21/03/2007,13.17
20/03/2007,12.75
16/03/2007,12.65
15/03/2007,12.77
14/03/2007,12.72
13/03/2007,12.5
12/03/2007,12.79
09/03/2007,12.78
08/03/2007,12.76
07/03/2007,12.58
06/03/2007,12.79
05/03/2007,12.53
02/03/2007,12.77
01/03/2007,12.77
28/02/2007,12.97
27/02/2007,13.24
26/02/2007,13.75
23/02/2007,13.69
22/02/2007,13.71
21/02/2007,13.85
20/02/2007,13.88
19/02/2007,13.86
16/02/2007,13.87
15/02/2007,13.9
14/02/2007,13.85
13/02/2007,13.8
12/02/2007,13.99
09/02/2007,13.96
08/02/2007,13.91
07/02/2007,14.02
06/02/2007,14.2
02/02/2007,14.21
01/02/2007,14.31
31/01/2007,13.78
30/01/2007,13.83
29/01/2007,13.69
26/01/2007,13.97
25/01/2007,13.82
24/01/2007,13.99
23/01/2007,13.69
22/01/2007,13.62
19/01/2007,13.32
18/01/2007,13.51
17/01/2007,13.81
16/01/2007,14
15/01/2007,13.75
12/01/2007,13.75
11/01/2007,13.49
10/01/2007,13.24
09/01/2007,13.23
08/01/2007,13.41
05/01/2007,13.45
04/01/2007,13.79
03/01/2007,13.75
02/01/2007,13.3
29/12/2006,13.5
28/12/2006,13.24
27/12/2006,13.28
26/12/2006,13.2
22/12/2006,12.87
21/12/2006,12.82
20/12/2006,12.3
19/12/2006,12.25
18/12/2006,12.38
15/12/2006,12.3
14/12/2006,12.29
13/12/2006,12.16
11/12/2006,12.22
08/12/2006,12.34
07/12/2006,12.27
06/12/2006,12.35
05/12/2006,11.81
04/12/2006,11.44
30/11/2006,11.26
29/11/2006,11.25
28/11/2006,10.99
27/11/2006,10.99
24/11/2006,11.05
23/11/2006,11.08
22/11/2006,11.01
21/11/2006,11.03
17/11/2006,11
16/11/2006,10.98
15/11/2006,10.98
14/11/2006,11.03
13/11/2006,11.02
10/11/2006,10.88
09/11/2006,10.89
08/11/2006,10.91
07/11/2006,10.82
06/11/2006,10.92
03/11/2006,10.88
01/11/2006,10.98
31/10/2006,10.77
30/10/2006,10.41
27/10/2006,10.53
26/10/2006,10.53
25/10/2006,10.3
24/10/2006,10.14
23/10/2006,10.2
20/10/2006,10.31
19/10/2006,10
18/10/2006,9.97
17/10/2006,9.75
16/10/2006,9.63
13/10/2006,9.57
12/10/2006,9.57
11/10/2006,9.51
10/10/2006,9.64
09/10/2006,9.39
06/10/2006,9.53
05/10/2006,9.53
04/10/2006,9.5
03/10/2006,9.35
02/10/2006,9.39
29/09/2006,9.63
28/09/2006,9.49
27/09/2006,9.57
26/09/2006,9.66
25/09/2006,9.69
22/09/2006,9.58
21/09/2006,9.51
20/09/2006,9.52
19/09/2006,9.34
18/09/2006,9.27
15/09/2006,9.3
14/09/2006,9.26
13/09/2006,9.31
12/09/2006,9.23
11/09/2006,9.03
08/09/2006,9.02
07/09/2006,8.97
06/09/2006,9
05/09/2006,9.1
04/09/2006,9.13
01/09/2006,9.08
31/08/2006,8.98
30/08/2006,9.15
29/08/2006,9.1
28/08/2006,9.23
25/08/2006,9.21
24/08/2006,9.05
23/08/2006,9.17
22/08/2006,9.15
21/08/2006,9.16
18/08/2006,9.33
17/08/2006,9.35
16/08/2006,9.17
15/08/2006,9.1
14/08/2006,9.05
11/08/2006,8.97
10/08/2006,8.83
09/08/2006,8.83
08/08/2006,8.93
07/08/2006,8.9
04/08/2006,8.86
03/08/2006,8.9
02/08/2006,8.9
01/08/2006,8.87
31/07/2006,8.76
28/07/2006,8.67
27/07/2006,8.74
26/07/2006,8.65
25/07/2006,8.61
24/07/2006,8.47
21/07/2006,8.48
20/07/2006,8.59
19/07/2006,8.69
18/07/2006,8.41
17/07/2006,8.4
14/07/2006,8.39
13/07/2006,8.5
12/07/2006,8.81
11/07/2006,8.83
10/07/2006,8.93
07/07/2006,8.99
06/07/2006,8.99
05/07/2006,8.54
04/07/2006,8.91
03/07/2006,8.82
30/06/2006,8.43
29/06/2006,8.2
28/06/2006,7.86
27/06/2006,8.04
26/06/2006,8.06
23/06/2006,8.31
22/06/2006,7.8
21/06/2006,7.82
20/06/2006,7.77
19/06/2006,7.75
16/06/2006,7.92
15/06/2006,7.85
14/06/2006,7.67
13/06/2006,7.95
12/06/2006,8.11
09/06/2006,8.34
08/06/2006,8.31
07/06/2006,8.31
06/06/2006,8.48
05/06/2006,8.43
02/06/2006,8.42
01/06/2006,8.4
31/05/2006,8.25
30/05/2006,8.35
29/05/2006,8.46
26/05/2006,8.48
25/05/2006,8.39
24/05/2006,8.13
23/05/2006,8.44
22/05/2006,8.51
19/05/2006,8.64
18/05/2006,8.64
17/05/2006,8.61
16/05/2006,8.68
15/05/2006,8.58
12/05/2006,8.66
11/05/2006,8.76
10/05/2006,8.8
09/05/2006,8.76
08/05/2006,8.77
05/05/2006,8.78
04/05/2006,8.79
03/05/2006,8.7
02/05/2006,8.74
28/04/2006,8.66
27/04/2006,8.71
26/04/2006,8.96
25/04/2006,8.9
24/04/2006,8.85
21/04/2006,8.9
20/04/2006,8.89
19/04/2006,8.89
18/04/2006,9.01
17/04/2006,9.19
12/04/2006,9.04
11/04/2006,9.01
10/04/2006,8.99
07/04/2006,9.05
06/04/2006,9.19
05/04/2006,9.16
04/04/2006,9.36
03/04/2006,9.07
31/03/2006,8.93
30/03/2006,8.98
29/03/2006,8.9
28/03/2006,8.85
27/03/2006,8.93
24/03/2006,9.22
23/03/2006,9.14
22/03/2006,9.33
20/03/2006,9.38
17/03/2006,9.36
16/03/2006,9.13
15/03/2006,9
14/03/2006,9.04
13/03/2006,8.95
10/03/2006,8.87
09/03/2006,8.83
08/03/2006,8.89
07/03/2006,8.81
06/03/2006,9.17
03/03/2006,9.43
02/03/2006,9.53
01/03/2006,9.52
28/02/2006,9.28
27/02/2006,9.43
24/02/2006,9.41
23/02/2006,9.33
22/02/2006,8.84
21/02/2006,8.81
20/02/2006,8.99
17/02/2006,8.95
16/02/2006,9.04
15/02/2006,8.87
14/02/2006,8.82
13/02/2006,8.8
10/02/2006,9.2
09/02/2006,9.48
08/02/2006,9.2
07/02/2006,9.44
03/02/2006,9.65
02/02/2006,9.52
01/02/2006,9.74
31/01/2006,9.54
30/01/2006,9.63
27/01/2006,9.75
26/01/2006,9.66
25/01/2006,9.56
24/01/2006,9.59
23/01/2006,9.61
20/01/2006,9.75
19/01/2006,9.71
18/01/2006,9.67
17/01/2006,9.74
16/01/2006,9.77
13/01/2006,9.71
12/01/2006,9.56
11/01/2006,9.75
10/01/2006,9.63
09/01/2006,9.6
06/01/2006,9.6
05/01/2006,9.36
04/01/2006,9.34
03/01/2006,9.5
02/01/2006,9.26
30/12/2005,9.26
29/12/2005,9.26
28/12/2005,9.01
27/12/2005,9.12
26/12/2005,9.2
23/12/2005,9.2
22/12/2005,9.09
21/12/2005,9.19
20/12/2005,9.15
19/12/2005,9.24
16/12/2005,9.11
15/12/2005,9.22
14/12/2005,9.43
13/12/2005,9.1
09/12/2005,9.21
08/12/2005,9.26
07/12/2005,9.43
06/12/2005,9.45
05/12/2005,9.36
02/12/2005,9.38
01/12/2005,9.38
30/11/2005,9.33
29/11/2005,8.77
28/11/2005,8.75
25/11/2005,8.8
24/11/2005,8.75
23/11/2005,8.74
22/11/2005,8.7
21/11/2005,8.79
18/11/2005,8.88
17/11/2005,8.84
16/11/2005,8.79
15/11/2005,8.63
14/11/2005,8.58
11/11/2005,8.82
10/11/2005,9.03
09/11/2005,8.88
08/11/2005,8.88
07/11/2005,8.88
04/11/2005,9.08
03/11/2005,8.99
02/11/2005,9.09
01/11/2005,9.02
31/10/2005,8.94
28/10/2005,8.88
27/10/2005,8.84
26/10/2005,8.85
25/10/2005,8.78
24/10/2005,8.92
21/10/2005,8.79
20/10/2005,8.87
19/10/2005,9.05
18/10/2005,8.99
17/10/2005,9.14
14/10/2005,9
13/10/2005,8.77
12/10/2005,8.79
11/10/2005,8.89
10/10/2005,8.86
07/10/2005,8.75
06/10/2005,8.57
05/10/2005,8.75
04/10/2005,8.9
03/10/2005,8.81
30/09/2005,8.78
29/09/2005,8.74
28/09/2005,8.61
27/09/2005,8.59
26/09/2005,8.52
23/09/2005,8.5
22/09/2005,8.5
21/09/2005,8.48
20/09/2005,8.57
19/09/2005,8.62
15/09/2005,8.57
14/09/2005,8.48
13/09/2005,8.44
12/09/2005,8.6
09/09/2005,8.6
08/09/2005,8.55
07/09/2005,8.75
06/09/2005,8.44
05/09/2005,8.32
02/09/2005,8.28
01/09/2005,8.38
31/08/2005,8.28
30/08/2005,8.18
29/08/2005,8.5
26/08/2005,8.58
25/08/2005,8.74
24/08/2005,8.78
23/08/2005,8.81
22/08/2005,8.78
19/08/2005,8.77
18/08/2005,8.75
17/08/2005,8.77
16/08/2005,8.8
15/08/2005,8.9
12/08/2005,8.73
11/08/2005,8.75
10/08/2005,8.85
09/08/2005,8.92
08/08/2005,8.88
05/08/2005,8.81
04/08/2005,8.84
03/08/2005,8.73
02/08/2005,8.78
01/08/2005,8.82
29/07/2005,8.79
28/07/2005,8.7
27/07/2005,8.55
26/07/2005,8.2
25/07/2005,8.3
22/07/2005,8.33
21/07/2005,8.35
20/07/2005,8.23
19/07/2005,8.29
18/07/2005,8.11
15/07/2005,8.15
14/07/2005,8.24
13/07/2005,8.28
12/07/2005,8.27
11/07/2005,8.1
08/07/2005,8.26
07/07/2005,8.28
06/07/2005,8
05/07/2005,7.85
04/07/2005,7.8
01/07/2005,7.87
30/06/2005,7.75
29/06/2005,7.76
28/06/2005,7.82
27/06/2005,7.8
24/06/2005,7.8
23/06/2005,7.92
22/06/2005,7.87
21/06/2005,7.79
20/06/2005,7.77
17/06/2005,7.87
16/06/2005,7.85
15/06/2005,7.84
14/06/2005,7.84
13/06/2005,7.92
10/06/2005,7.85
09/06/2005,7.79
08/06/2005,7.73
07/06/2005,7.89
06/06/2005,7.82
03/06/2005,7.79
02/06/2005,7.78
01/06/2005,7.56
31/05/2005,7.44
30/05/2005,7.7
27/05/2005,7.67
26/05/2005,7.61
25/05/2005,7.62
24/05/2005,7.6
23/05/2005,7.69
20/05/2005,7.55
19/05/2005,7.48
18/05/2005,7.48
17/05/2005,7.41
16/05/2005,7.53
13/05/2005,7.53
12/05/2005,7.43
11/05/2005,7.59
10/05/2005,7.48
09/05/2005,7.54
06/05/2005,7.72
05/05/2005,7.87
04/05/2005,7.9
03/05/2005,7.51
02/05/2005,7.36
29/04/2005,7.25
28/04/2005,7.25
27/04/2005,7.48
26/04/2005,7.55
25/04/2005,7.21
22/04/2005,7.05
21/04/2005,7.12
20/04/2005,6.94
19/04/2005,6.98
18/04/2005,6.87
15/04/2005,7.05
14/04/2005,7.34
13/04/2005,7.5
12/04/2005,7.5
11/04/2005,7.5
08/04/2005,7.48
07/04/2005,7.55
06/04/2005,7.07
05/04/2005,6.58
04/04/2005,7.25
01/04/2005,7.5
31/03/2005,7.48
30/03/2005,7.5
29/03/2005,7.34
28/03/2005,7.78
23/03/2005,7.81
22/03/2005,7.92
18/03/2005,7.82
17/03/2005,7.65
16/03/2005,7.47
15/03/2005,7.36
14/03/2005,7.45
11/03/2005,7.69
10/03/2005,7.72
09/03/2005,7.88
08/03/2005,7.89
07/03/2005,7.89
04/03/2005,7.88
03/03/2005,7.95
02/03/2005,8.01
01/03/2005,7.96
28/02/2005,8.02
25/02/2005,7.87
24/02/2005,7.93
23/02/2005,7.99
22/02/2005,8.04
21/02/2005,8.08
18/02/2005,8.1
17/02/2005,8.09
16/02/2005,8.1
15/02/2005,8.3
14/02/2005,8.36
11/02/2005,8.49
10/02/2005,8.48
09/02/2005,8.45
08/02/2005,8.49
07/02/2005,8.62
04/02/2005,8.39
03/02/2005,8.65
02/02/2005,8.38
01/02/2005,8.09
31/01/2005,7.81
28/01/2005,7.68
27/01/2005,7.68
26/01/2005,7.7
25/01/2005,7.68
24/01/2005,7.68
21/01/2005,7.43
20/01/2005,7.56
19/01/2005,7.73
18/01/2005,7.8
17/01/2005,7.45
14/01/2005,7.44
13/01/2005,7.45
12/01/2005,7.17
11/01/2005,7.05
10/01/2005,7
07/01/2005,7.22
06/01/2005,7.19
05/01/2005,7.12
04/01/2005,7.1
03/01/2005,7.08
31/12/2004,7.04
30/12/2004,7.15
29/12/2004,7.2
28/12/2004,7.05
27/12/2004,7.07
24/12/2004,7.12
23/12/2004,7.13
22/12/2004,7.18
21/12/2004,7.2
20/12/2004,7.18
17/12/2004,7.15
16/12/2004,7.13
15/12/2004,7.13
14/12/2004,7.13
13/12/2004,7.1
10/12/2004,7.1
09/12/2004,7.09
08/12/2004,7.1
07/12/2004,7.1
06/12/2004,7.1
03/12/2004,6.98
02/12/2004,6.89
01/12/2004,6.76
30/11/2004,6.75
29/11/2004,6.91
26/11/2004,6.87
25/11/2004,6.83
24/11/2004,6.81
23/11/2004,6.82
22/11/2004,6.88
19/11/2004,6.84
18/11/2004,6.92
17/11/2004,6.95
16/11/2004,6.94
15/11/2004,7
12/11/2004,7.06
11/11/2004,7.05
10/11/2004,7.1
09/11/2004,7.05
08/11/2004,6.98
05/11/2004,6.98
04/11/2004,7.01
03/11/2004,7
02/11/2004,6.85
01/11/2004,6.76
29/10/2004,6.5
28/10/2004,6.48
27/10/2004,6.35
26/10/2004,6.36
25/10/2004,6.34
22/10/2004,6.38
21/10/2004,6.25
20/10/2004,6.25
19/10/2004,6.25
18/10/2004,6.23
15/10/2004,6.24
14/10/2004,6.18
13/10/2004,6.28
12/10/2004,6.21
11/10/2004,6.28
08/10/2004,6.19
07/10/2004,6.46
06/10/2004,6.42
05/10/2004,6.47
04/10/2004,6.48
01/10/2004,6.44
30/09/2004,6.24
29/09/2004,6.3
28/09/2004,6.32
27/09/2004,6.28
24/09/2004,6.33
23/09/2004,6.33
22/09/2004,6.34
21/09/2004,6.42
20/09/2004,6.33
17/09/2004,6.25
15/09/2004,6.28
14/09/2004,6.15
13/09/2004,6.08
10/09/2004,6.18
09/09/2004,6.1
08/09/2004,6.28
07/09/2004,6.29
06/09/2004,6.26
03/09/2004,6.21
02/09/2004,6.3
01/09/2004,6.2
31/08/2004,6.21
30/08/2004,6.15
27/08/2004,6.11
26/08/2004,6.08
25/08/2004,6.08
24/08/2004,6.14
23/08/2004,6.03
20/08/2004,6.02
19/08/2004,6.05
18/08/2004,5.96
17/08/2004,5.88
16/08/2004,5.88
13/08/2004,5.84
12/08/2004,5.81
11/08/2004,5.92
10/08/2004,5.88
09/08/2004,5.85
06/08/2004,5.88
05/08/2004,6.05
04/08/2004,6.06
03/08/2004,6.06
02/08/2004,6.01
30/07/2004,6.07
29/07/2004,5.81
28/07/2004,5.75
27/07/2004,5.75
26/07/2004,5.65
23/07/2004,5.72
22/07/2004,5.71
21/07/2004,5.8
20/07/2004,5.79
19/07/2004,5.78
16/07/2004,5.67
15/07/2004,5.79
14/07/2004,5.79
13/07/2004,5.85
12/07/2004,5.8
09/07/2004,5.89
08/07/2004,5.77
07/07/2004,5.86
06/07/2004,5.94
05/07/2004,6.09
02/07/2004,6.07
01/07/2004,6.05
30/06/2004,6.07
29/06/2004,6.08
28/06/2004,6.05
25/06/2004,6.06
24/06/2004,6.05
23/06/2004,6
22/06/2004,6
21/06/2004,6.01
18/06/2004,6.01
17/06/2004,5.94
16/06/2004,5.94
15/06/2004,5.95
14/06/2004,5.94
11/06/2004,5.95
10/06/2004,6.06
09/06/2004,6.08
08/06/2004,6.1
07/06/2004,6.06
04/06/2004,5.91
03/06/2004,5.91
02/06/2004,5.91
01/06/2004,5.96
31/05/2004,5.92
28/05/2004,6.12
27/05/2004,6.08
26/05/2004,5.76
25/05/2004,5.75
24/05/2004,5.85
21/05/2004,5.74
20/05/2004,5.75
19/05/2004,5.78
18/05/2004,5.76
17/05/2004,5.75
14/05/2004,5.9
13/05/2004,5.92
12/05/2004,5.88
11/05/2004,5.76
10/05/2004,5.75
07/05/2004,5.73
06/05/2004,5.69
05/05/2004,5.81
04/05/2004,5.96
03/05/2004,5.95
30/04/2004,5.75
29/04/2004,6
28/04/2004,6.24
27/04/2004,6.55
26/04/2004,6.5
23/04/2004,6.39
22/04/2004,6.46
21/04/2004,6.47
20/04/2004,6.26
19/04/2004,6.19
16/04/2004,6.19
15/04/2004,6.12
14/04/2004,6
13/04/2004,6.2
12/04/2004,6.22
07/04/2004,6.23
06/04/2004,6.07
05/04/2004,6.03
02/04/2004,6.07
01/04/2004,6
31/03/2004,5.83
30/03/2004,5.8
29/03/2004,5.77
26/03/2004,5.76
25/03/2004,5.86
24/03/2004,5.82
23/03/2004,5.8
22/03/2004,5.69
19/03/2004,5.7
18/03/2004,5.7
17/03/2004,5.63
16/03/2004,5.46
15/03/2004,5.5
12/03/2004,5.5
11/03/2004,5.5
10/03/2004,5.65
09/03/2004,5.78
08/03/2004,5.76
05/03/2004,5.8
04/03/2004,5.88
03/03/2004,5.85
02/03/2004,5.99
01/03/2004,6
27/02/2004,6.1
26/02/2004,6.01
25/02/2004,5.75
24/02/2004,5.73
23/02/2004,5.67
20/02/2004,5.64
19/02/2004,5.78
18/02/2004,5.83
17/02/2004,5.8
16/02/2004,5.81
13/02/2004,5.81
12/02/2004,5.89
11/02/2004,5.55
10/02/2004,5.5
09/02/2004,5.48
06/02/2004,5.55
04/02/2004,5.44
03/02/2004,5.51
02/02/2004,5.53
30/01/2004,5.33
29/01/2004,5.43
28/01/2004,5.43
27/01/2004,5.5
26/01/2004,5.51
23/01/2004,5.55
22/01/2004,5.59
21/01/2004,5.53
20/01/2004,5.55
19/01/2004,5.55
16/01/2004,5.55
15/01/2004,5.53
14/01/2004,5.58
13/01/2004,5.51
12/01/2004,5.5
09/01/2004,5.43
08/01/2004,5.58
07/01/2004,5.57
06/01/2004,5.54
05/01/2004,5.58
02/01/2004,5.36
31/12/2003,5.27
30/12/2003,5.28
29/12/2003,5.2
26/12/2003,5.13
24/12/2003,5.11
23/12/2003,5.08
22/12/2003,5.05
19/12/2003,5.08
18/12/2003,5.09
17/12/2003,5
16/12/2003,4.83
15/12/2003,4.89
11/12/2003,4.91
10/12/2003,4.81
09/12/2003,4.84
08/12/2003,4.83
05/12/2003,4.75
04/12/2003,4.85
03/12/2003,4.88
02/12/2003,4.92
01/12/2003,5.07
28/11/2003,4.98
27/11/2003,4.81
26/11/2003,4.77
25/11/2003,4.76
24/11/2003,4.49
21/11/2003,4.78
19/11/2003,4.85
18/11/2003,4.85
17/11/2003,4.86
14/11/2003,4.95
13/11/2003,5.09
12/11/2003,4.83
11/11/2003,4.73
10/11/2003,4.63
07/11/2003,4.6
06/11/2003,4.59
05/11/2003,4.58
04/11/2003,4.58
03/11/2003,4.49
31/10/2003,4.29
30/10/2003,4.21
29/10/2003,4.21
28/10/2003,4.2
27/10/2003,4.25
24/10/2003,4.1
23/10/2003,4.1
22/10/2003,4.15
21/10/2003,4.17
20/10/2003,4.2
17/10/2003,4.2
16/10/2003,4.26
15/10/2003,4.28
14/10/2003,4.27
13/10/2003,4.26
10/10/2003,4.26
09/10/2003,4.32
08/10/2003,4.28
07/10/2003,4.33
06/10/2003,4.33
03/10/2003,4.3
02/10/2003,4.31
01/10/2003,4.26
30/09/2003,4.25
29/09/2003,4.3
26/09/2003,4.3
25/09/2003,4.3
24/09/2003,4.29
23/09/2003,4.22
22/09/2003,4.25
19/09/2003,4.3
18/09/2003,4.25
17/09/2003,4.24
15/09/2003,4.25
12/09/2003,4.25
11/09/2003,4.27
10/09/2003,4.28
09/09/2003,4.31
08/09/2003,4.29
05/09/2003,4.28
04/09/2003,4.23
03/09/2003,4.3
02/09/2003,4.26
01/09/2003,4.13
29/08/2003,4.14
28/08/2003,4.19
27/08/2003,4.25
26/08/2003,4.13
25/08/2003,4.2
22/08/2003,4.18
21/08/2003,4.21
20/08/2003,4.25
19/08/2003,4.11
18/08/2003,4.1
15/08/2003,3.91
14/08/2003,3.98
13/08/2003,3.98
12/08/2003,4.06
11/08/2003,4.19
08/08/2003,4.13
07/08/2003,4.11
06/08/2003,4.13
05/08/2003,4.14
04/08/2003,4.14
01/08/2003,4.14
31/07/2003,4.13
30/07/2003,4.14
29/07/2003,4.19
28/07/2003,4.25
25/07/2003,4.21
24/07/2003,4.13
23/07/2003,4.2
22/07/2003,4.2
21/07/2003,4.19
18/07/2003,4.25
17/07/2003,4.31
16/07/2003,4.33
15/07/2003,4.39
14/07/2003,4.41
11/07/2003,4.38
10/07/2003,4.38
09/07/2003,4.39
08/07/2003,4.4
07/07/2003,4.38
04/07/2003,4.37
03/07/2003,4.37
02/07/2003,4.38
01/07/2003,4.36
30/06/2003,4.38
27/06/2003,4.4
26/06/2003,4.4
25/06/2003,4.34
24/06/2003,4.35
23/06/2003,4.38
20/06/2003,4.46
19/06/2003,4.46
18/06/2003,4.53
17/06/2003,4.42
16/06/2003,4.26
13/06/2003,4.13
12/06/2003,4.15
11/06/2003,4.17
10/06/2003,4.17
09/06/2003,4.13
06/06/2003,4.1
05/06/2003,4.13
04/06/2003,4.13
03/06/2003,4.13
02/06/2003,4.19
30/05/2003,4.12
29/05/2003,4.12
28/05/2003,4.14
27/05/2003,4.16
26/05/2003,4.14
23/05/2003,4.25
22/05/2003,4.15
21/05/2003,4.13
20/05/2003,4.19
19/05/2003,4.13
16/05/2003,4.21
15/05/2003,4.13
14/05/2003,4.08
13/05/2003,4.1
12/05/2003,4.12
09/05/2003,4.05
08/05/2003,4
07/05/2003,4.08
06/05/2003,4
05/05/2003,4
02/05/2003,4.04
30/04/2003,4.05
29/04/2003,4.06
28/04/2003,4.03
25/04/2003,4.01
24/04/2003,4.03
23/04/2003,3.98
22/04/2003,3.98
21/04/2003,3.84
16/04/2003,3.83
15/04/2003,3.8
14/04/2003,3.82
11/04/2003,3.83
10/04/2003,3.85
09/04/2003,3.83
08/04/2003,3.9
07/04/2003,3.96
04/04/2003,3.93
03/04/2003,3.8
02/04/2003,3.89
01/04/2003,3.78
31/03/2003,3.72
28/03/2003,3.75
27/03/2003,3.75
26/03/2003,3.77
25/03/2003,3.75
24/03/2003,3.77
20/03/2003,3.92
19/03/2003,3.94
18/03/2003,3.75
17/03/2003,3.76
14/03/2003,3.78
13/03/2003,3.78
12/03/2003,3.72
11/03/2003,3.68
10/03/2003,3.7
07/03/2003,3.7
06/03/2003,3.7
05/03/2003,3.65
04/03/2003,3.77
03/03/2003,3.75
28/02/2003,3.77
27/02/2003,3.75
26/02/2003,3.75
25/02/2003,3.77
24/02/2003,3.77
21/02/2003,3.78
20/02/2003,3.8
19/02/2003,3.77
18/02/2003,3.8
17/02/2003,3.77
14/02/2003,3.76
13/02/2003,3.76
12/02/2003,3.75
11/02/2003,3.75
10/02/2003,3.7
07/02/2003,3.7
06/02/2003,3.6
04/02/2003,3.63
03/02/2003,3.59
31/01/2003,3.63
30/01/2003,3.58
29/01/2003,3.58
28/01/2003,3.5
27/01/2003,3.58
24/01/2003,3.59
23/01/2003,3.63
22/01/2003,3.58
21/01/2003,3.55
20/01/2003,3.64
17/01/2003,3.63
16/01/2003,3.64
15/01/2003,3.72
14/01/2003,3.73
13/01/2003,3.7
10/01/2003,3.71
09/01/2003,3.75
08/01/2003,3.66
07/01/2003,3.65
06/01/2003,3.63
03/01/2003,3.74
02/01/2003,3.83
31/12/2002,3.85
30/12/2002,3.86
27/12/2002,3.81
26/12/2002,3.81
24/12/2002,3.75
23/12/2002,3.75
20/12/2002,3.75
19/12/2002,3.81
18/12/2002,3.71
17/12/2002,3.73
16/12/2002,3.75
13/12/2002,3.77
11/12/2002,3.77
10/12/2002,3.65
09/12/2002,3.75
06/12/2002,3.75
05/12/2002,3.75
04/12/2002,3.78
03/12/2002,3.75
02/12/2002,3.8
29/11/2002,3.81
28/11/2002,3.8
27/11/2002,3.85
26/11/2002,3.73
25/11/2002,3.65
22/11/2002,3.51
21/11/2002,3.61
19/11/2002,3.67
18/11/2002,3.75
15/11/2002,3.75
14/11/2002,3.75
13/11/2002,3.75
12/11/2002,3.75
11/11/2002,3.76
08/11/2002,3.78
07/11/2002,3.86
06/11/2002,3.9
05/11/2002,3.92
04/11/2002,3.82
01/11/2002,3.83
31/10/2002,3.82
30/10/2002,3.88
29/10/2002,3.93
28/10/2002,4
25/10/2002,4
24/10/2002,3.99
23/10/2002,4.05
22/10/2002,3.96
21/10/2002,3.92
18/10/2002,3.87
17/10/2002,3.88
16/10/2002,3.77
15/10/2002,3.85
14/10/2002,3.8
11/10/2002,3.78
10/10/2002,3.75
09/10/2002,3.75
08/10/2002,3.75
07/10/2002,3.75
04/10/2002,3.76
03/10/2002,3.85
02/10/2002,3.88
01/10/2002,3.91
30/09/2002,3.8
27/09/2002,3.79
26/09/2002,4.01
25/09/2002,3.75
24/09/2002,3.76
23/09/2002,3.83
20/09/2002,3.85
19/09/2002,3.88
18/09/2002,4.09
17/09/2002,4.12
13/09/2002,4.12
12/09/2002,4.14
11/09/2002,4.29
10/09/2002,4.23
09/09/2002,4.29
06/09/2002,4.29
05/09/2002,4.3
04/09/2002,4.31
03/09/2002,4.2
02/09/2002,4.3
30/08/2002,4.3
29/08/2002,4.35
28/08/2002,4.36
27/08/2002,4.35
26/08/2002,4.5
23/08/2002,4.48
22/08/2002,4.51
21/08/2002,4.57
20/08/2002,4.47
19/08/2002,4.38
16/08/2002,4.25
15/08/2002,4.25
14/08/2002,4.25
13/08/2002,4.06
12/08/2002,4.17
09/08/2002,4.1
08/08/2002,4.15
07/08/2002,4.19
06/08/2002,4.24
05/08/2002,4.1
02/08/2002,4.15
01/08/2002,4.24
31/07/2002,4.47
30/07/2002,4.55
29/07/2002,4.55
26/07/2002,4.58
25/07/2002,4.6
24/07/2002,4.75
23/07/2002,4.76
22/07/2002,4.95
19/07/2002,4.85
18/07/2002,4.87
17/07/2002,4.81
16/07/2002,4.73
15/07/2002,4.75
12/07/2002,4.98
11/07/2002,4.99
10/07/2002,5.04
09/07/2002,5.1
08/07/2002,5.25
05/07/2002,5.35
04/07/2002,5.34
03/07/2002,5.43
02/07/2002,5.5
01/07/2002,5.52
28/06/2002,5.57
27/06/2002,5.23
26/06/2002,4.88
25/06/2002,4.94
24/06/2002,4.94
21/06/2002,5.13
20/06/2002,5.11
19/06/2002,5.17
18/06/2002,5.28
17/06/2002,5.43
14/06/2002,5.45
13/06/2002,5.49
12/06/2002,5.49
11/06/2002,5.53
10/06/2002,5.55
07/06/2002,5.54
06/06/2002,5.57
05/06/2002,5.79
04/06/2002,5.78
03/06/2002,5.73
31/05/2002,5.7
30/05/2002,5.75
29/05/2002,5.8
28/05/2002,5.79
27/05/2002,5.83
24/05/2002,5.8
23/05/2002,5.8
22/05/2002,5.75
21/05/2002,5.75
20/05/2002,5.75
17/05/2002,5.75
16/05/2002,5.68
15/05/2002,5.68
14/05/2002,5.69
13/05/2002,5.61
10/05/2002,5.62
09/05/2002,5.56
08/05/2002,5.77
07/05/2002,5.63
06/05/2002,5.64
03/05/2002,5.58
02/05/2002,5.69
30/04/2002,5.73
29/04/2002,5.78
26/04/2002,5.85
25/04/2002,5.9
24/04/2002,5.85
23/04/2002,5.79
22/04/2002,5.93
19/04/2002,5.9
18/04/2002,6
17/04/2002,6.08
16/04/2002,6
15/04/2002,5.98
12/04/2002,5.97
11/04/2002,5.91
10/04/2002,5.77
09/04/2002,5.56
08/04/2002,5.55
05/04/2002,5.51
04/04/2002,5.5
03/04/2002,5.62
02/04/2002,5.8
01/04/2002,5.74
27/03/2002,6
26/03/2002,6.23
25/03/2002,6.25
22/03/2002,6.28
20/03/2002,6.12
19/03/2002,6.12
18/03/2002,5.88
15/03/2002,5.75
14/03/2002,5.67
13/03/2002,5.66
12/03/2002,5.6
11/03/2002,5.58
08/03/2002,5.61
07/03/2002,5.6
06/03/2002,5.31
05/03/2002,5.24
04/03/2002,5.23
01/03/2002,5.18
28/02/2002,4.95
27/02/2002,4.94
26/02/2002,4.88
25/02/2002,4.88
22/02/2002,4.86
21/02/2002,4.84
20/02/2002,4.8
19/02/2002,4.75
18/02/2002,4.83
15/02/2002,4.84
14/02/2002,4.8
13/02/2002,4.78
12/02/2002,4.8
11/02/2002,4.83
08/02/2002,4.84
07/02/2002,4.88
06/02/2002,4.88
04/02/2002,4.83
01/02/2002,4.8
31/01/2002,4.8
30/01/2002,4.81
29/01/2002,4.81
28/01/2002,4.87
25/01/2002,4.9
24/01/2002,4.95
23/01/2002,4.95
22/01/2002,4.98
21/01/2002,4.98
18/01/2002,4.98
17/01/2002,4.94
16/01/2002,4.88
15/01/2002,4.94
14/01/2002,4.71
11/01/2002,4.71
10/01/2002,4.75
09/01/2002,4.75
08/01/2002,4.75
07/01/2002,4.74
04/01/2002,4.75
03/01/2002,4.61
02/01/2002,4.53
31/12/2001,4.53
28/12/2001,4.64
27/12/2001,4.63
26/12/2001,4.69
24/12/2001,4.63
21/12/2001,4.62
20/12/2001,4.62
19/12/2001,4.54
18/12/2001,4.62
17/12/2001,4.6
14/12/2001,4.5
13/12/2001,4.5
11/12/2001,4.75
10/12/2001,4.78
07/12/2001,4.74
06/12/2001,4.63
05/12/2001,4.54
04/12/2001,4.49
03/12/2001,4.49
30/11/2001,4.5
29/11/2001,4.5
28/11/2001,4.51
27/11/2001,4.52
26/11/2001,4.54
23/11/2001,4.53
22/11/2001,4.43
21/11/2001,4.46
19/11/2001,4.56
16/11/2001,4.65
15/11/2001,4.68
14/11/2001,4.68
13/11/2001,4.66
12/11/2001,4.53
09/11/2001,4.55
08/11/2001,4.53
07/11/2001,4.44
06/11/2001,4.48
05/11/2001,4.57
02/11/2001,4.41
01/11/2001,4.53
31/10/2001,4.67
30/10/2001,4.8
29/10/2001,4.88
26/10/2001,4.83
25/10/2001,4.89
24/10/2001,4.88
23/10/2001,4.58
22/10/2001,5
19/10/2001,5.04
18/10/2001,4.96
17/10/2001,4.96
16/10/2001,4.68
15/10/2001,4.63
12/10/2001,4.71
11/10/2001,5
10/10/2001,4.93
09/10/2001,4.7
08/10/2001,4.6
05/10/2001,4.6
04/10/2001,4.56
03/10/2001,4.56
02/10/2001,4.8
01/10/2001,5.19
28/09/2001,5.35
27/09/2001,5.42
26/09/2001,5.1
25/09/2001,4.8
24/09/2001,4.55
21/09/2001,4.5
20/09/2001,4.45
19/09/2001,4.5
18/09/2001,4.6
17/09/2001,4.6
11/09/2001,4.75
10/09/2001,5
07/09/2001,5.33
06/09/2001,5.38
05/09/2001,5.38
04/09/2001,5.38
03/09/2001,5.44
31/08/2001,5.62
30/08/2001,5.7
29/08/2001,5.75
28/08/2001,5.26
27/08/2001,5.15
24/08/2001,5.05
23/08/2001,4.87
22/08/2001,4.75
21/08/2001,4.63
20/08/2001,4.5
17/08/2001,4.51
16/08/2001,4.62
15/08/2001,4.45
14/08/2001,4.28
13/08/2001,4.28
10/08/2001,4
09/08/2001,4.15
08/08/2001,4.19
07/08/2001,4.18
06/08/2001,4.16
03/08/2001,4.18
02/08/2001,4.16
01/08/2001,4.13
31/07/2001,4.11
30/07/2001,4.11
27/07/2001,4.1
26/07/2001,4.1
25/07/2001,4.08
24/07/2001,4.1
23/07/2001,4.08
20/07/2001,4.03
19/07/2001,4
18/07/2001,4
17/07/2001,4.05
16/07/2001,4.08
13/07/2001,4.1
12/07/2001,3.96
11/07/2001,4
10/07/2001,4.02
09/07/2001,4.02
06/07/2001,4.02
05/07/2001,4.01
04/07/2001,4.05
03/07/2001,4.03
02/07/2001,4.03
29/06/2001,4
28/06/2001,4.02
27/06/2001,4
26/06/2001,4.02
25/06/2001,4.01
22/06/2001,3.98
21/06/2001,3.96
20/06/2001,4
19/06/2001,3.5
18/06/2001,3.46
15/06/2001,3.49
14/06/2001,3.56
13/06/2001,3.56
12/06/2001,3.53
11/06/2001,3.49
08/06/2001,3.49
07/06/2001,3.54
06/06/2001,3.33
05/06/2001,3.2
04/06/2001,3.2
01/06/2001,3.2
31/05/2001,3.3
30/05/2001,3.3
29/05/2001,3.26
28/05/2001,3.26
25/05/2001,3.26
24/05/2001,3.3
23/05/2001,3.33
22/05/2001,3.36
21/05/2001,3.24
18/05/2001,3.29
17/05/2001,3.28
16/05/2001,3.25
15/05/2001,3.3
14/05/2001,3.33
11/05/2001,3.33
10/05/2001,3.34
09/05/2001,3.36
08/05/2001,3.35
07/05/2001,3.35
04/05/2001,3.37
03/05/2001,3.38
02/05/2001,3.42
30/04/2001,3.43
27/04/2001,3.38
26/04/2001,3.49
25/04/2001,3.37
24/04/2001,3.41
23/04/2001,3.41
20/04/2001,3.4
19/04/2001,3.38
18/04/2001,3.4
17/04/2001,3.35
16/04/2001,3.3
11/04/2001,3.33
10/04/2001,3.38
09/04/2001,3.44
06/04/2001,3.31
05/04/2001,3.35
04/04/2001,3.23
03/04/2001,3.2
02/04/2001,3.25
30/03/2001,3.4
29/03/2001,3.35
28/03/2001,3.3
27/03/2001,3.28
26/03/2001,3.25
23/03/2001,3.2
22/03/2001,3.06
20/03/2001,3.13
19/03/2001,3.08
16/03/2001,3.03
15/03/2001,3.04
14/03/2001,3.04
13/03/2001,3.15
12/03/2001,3.13
09/03/2001,3.2
08/03/2001,3.17
07/03/2001,3.17
06/03/2001,3.08
05/03/2001,3.03
02/03/2001,3.05
01/03/2001,3
28/02/2001,2.95
27/02/2001,2.92
26/02/2001,2.91
23/02/2001,2.84
22/02/2001,2.91
21/02/2001,2.93
20/02/2001,3
19/02/2001,3.02
16/02/2001,2.97
15/02/2001,3
14/02/2001,2.99
13/02/2001,2.99
12/02/2001,3
09/02/2001,3.02
08/02/2001,3.01
07/02/2001,3.09
06/02/2001,3.19
02/02/2001,3.27
01/02/2001,3.28
