Security,LIVEPOLC MM Equity                                              
Start Date,03/01/2001 00:00
End Date,14/01/2019 00:00
Period,D
Currency,MXN
,
Date,PRECIO
14/01/2019,127.08
11/01/2019,131.34
10/01/2019,134.49
09/01/2019,134.38
08/01/2019,134.38
07/01/2019,133.21
04/01/2019,130.02
03/01/2019,129.35
02/01/2019,129.74
31/12/2018,126.18
28/12/2018,127.97
27/12/2018,129.12
26/12/2018,126.28
24/12/2018,127.61
21/12/2018,124.34
20/12/2018,129.51
19/12/2018,125.38
18/12/2018,123.95
17/12/2018,124.25
14/12/2018,127.89
13/12/2018,124.98
11/12/2018,124.12
10/12/2018,124.69
07/12/2018,123.68
06/12/2018,123.01
05/12/2018,122.62
04/12/2018,121.37
03/12/2018,121.13
30/11/2018,121.3
29/11/2018,123.79
28/11/2018,122.39
27/11/2018,118.5
26/11/2018,110.96
23/11/2018,123.62
22/11/2018,127.36
21/11/2018,125.63
20/11/2018,129.42
16/11/2018,131.51
15/11/2018,127.75
14/11/2018,128.55
13/11/2018,127.41
12/11/2018,131.62
09/11/2018,135.53
08/11/2018,135.31
07/11/2018,142.93
06/11/2018,137.69
05/11/2018,136.05
01/11/2018,130.59
31/10/2018,128.73
30/10/2018,136.35
29/10/2018,141.94
26/10/2018,145.26
25/10/2018,148.5
24/10/2018,145.14
23/10/2018,150.36
22/10/2018,145.75
19/10/2018,143.87
18/10/2018,141.74
17/10/2018,143.11
16/10/2018,143.66
15/10/2018,140.89
12/10/2018,142.13
11/10/2018,141.06
10/10/2018,140.99
09/10/2018,142
08/10/2018,143.14
05/10/2018,141.78
04/10/2018,142.21
03/10/2018,144.82
02/10/2018,143.92
01/10/2018,141.87
28/09/2018,140.44
27/09/2018,138.72
26/09/2018,140.78
25/09/2018,139.82
24/09/2018,139.58
21/09/2018,138.66
20/09/2018,141.89
19/09/2018,143.32
18/09/2018,140.89
17/09/2018,138.79
14/09/2018,139.99
13/09/2018,139.78
12/09/2018,136.17
11/09/2018,134.21
10/09/2018,134
07/09/2018,132.43
06/09/2018,131.97
05/09/2018,131.56
04/09/2018,132.82
03/09/2018,134.32
31/08/2018,134.51
30/08/2018,135.72
29/08/2018,138.43
28/08/2018,135.8
27/08/2018,140.03
24/08/2018,137.19
23/08/2018,136.33
22/08/2018,137.08
21/08/2018,136.69
20/08/2018,134.07
17/08/2018,131.06
16/08/2018,131.4
15/08/2018,134.74
14/08/2018,137.28
13/08/2018,135.23
10/08/2018,132.82
09/08/2018,137.08
08/08/2018,137.05
07/08/2018,136.85
06/08/2018,136.95
03/08/2018,137.77
02/08/2018,136.64
01/08/2018,135.43
31/07/2018,138.31
30/07/2018,138.7
27/07/2018,132.25
26/07/2018,134.22
25/07/2018,138.44
24/07/2018,138.51
23/07/2018,136.15
20/07/2018,135.55
19/07/2018,133.07
18/07/2018,134.01
17/07/2018,136.11
16/07/2018,136.85
13/07/2018,137.84
12/07/2018,134.86
11/07/2018,134.89
10/07/2018,133.94
09/07/2018,133.82
06/07/2018,132.55
05/07/2018,134.84
04/07/2018,127.39
03/07/2018,126.84
02/07/2018,126.17
29/06/2018,127.44
28/06/2018,124.26
27/06/2018,122.64
26/06/2018,122.06
25/06/2018,121.7
22/06/2018,118.19
21/06/2018,120.1
20/06/2018,119
19/06/2018,118.29
18/06/2018,116.9
15/06/2018,119.15
14/06/2018,118.49
13/06/2018,117.63
12/06/2018,118.77
11/06/2018,116.41
08/06/2018,116.19
07/06/2018,114.59
06/06/2018,111.79
05/06/2018,110.62
04/06/2018,110.54
01/06/2018,111.16
31/05/2018,113.11
30/05/2018,112.02
29/05/2018,112.06
28/05/2018,112.33
25/05/2018,113.01
24/05/2018,113.05
23/05/2018,114.21
22/05/2018,110.71
21/05/2018,110.27
18/05/2018,112.55
17/05/2018,109.83
16/05/2018,113.83
15/05/2018,112.74
14/05/2018,115.52
11/05/2018,118.68
10/05/2018,117.77
09/05/2018,116.78
08/05/2018,118.32
07/05/2018,119.09
04/05/2018,118.13
03/05/2018,121.01
02/05/2018,119.92
30/04/2018,124.78
27/04/2018,126.43
26/04/2018,125.09
25/04/2018,128.99
24/04/2018,129.97
23/04/2018,128.52
20/04/2018,130.9
19/04/2018,134.4
18/04/2018,136.36
17/04/2018,138.12
16/04/2018,135.08
13/04/2018,137.67
12/04/2018,139.99
11/04/2018,139.23
10/04/2018,139.95
09/04/2018,138.85
06/04/2018,136.24
05/04/2018,139.11
04/04/2018,138.26
03/04/2018,138.11
02/04/2018,135.04
28/03/2018,135.5
27/03/2018,137.5
26/03/2018,138.68
23/03/2018,137.07
22/03/2018,138.72
21/03/2018,138.78
20/03/2018,135.07
16/03/2018,132.46
15/03/2018,132.51
14/03/2018,135.36
13/03/2018,138.21
12/03/2018,139.13
09/03/2018,136.74
08/03/2018,134.28
07/03/2018,133.14
06/03/2018,131.79
05/03/2018,126.46
02/03/2018,126.37
01/03/2018,128.88
28/02/2018,128.7
27/02/2018,132.3
26/02/2018,132.61
23/02/2018,134.39
22/02/2018,134.27
21/02/2018,133.72
20/02/2018,131
19/02/2018,130.75
16/02/2018,131.52
15/02/2018,130.74
14/02/2018,131.09
13/02/2018,130.72
12/02/2018,130.4
09/02/2018,129.33
08/02/2018,130.94
07/02/2018,130.15
06/02/2018,134.02
02/02/2018,136.12
01/02/2018,138.68
31/01/2018,137.76
30/01/2018,138.17
29/01/2018,140.77
26/01/2018,139.67
25/01/2018,136.45
24/01/2018,135.3
23/01/2018,133.25
22/01/2018,131.94
19/01/2018,131.01
18/01/2018,132.16
17/01/2018,131.84
16/01/2018,131.19
15/01/2018,128.52
12/01/2018,127.27
11/01/2018,125.76
10/01/2018,125.21
09/01/2018,127.08
08/01/2018,127.92
05/01/2018,129.31
04/01/2018,129.16
03/01/2018,128.58
02/01/2018,130.71
29/12/2017,124.3
28/12/2017,122.33
27/12/2017,122.33
26/12/2017,122.91
22/12/2017,122.18
21/12/2017,125.17
20/12/2017,126.66
19/12/2017,127.89
18/12/2017,125.38
15/12/2017,122.75
14/12/2017,121.32
13/12/2017,117.46
11/12/2017,115.59
08/12/2017,118.41
07/12/2017,118.28
06/12/2017,119.5
05/12/2017,123.32
04/12/2017,122.07
01/12/2017,124.26
30/11/2017,126.4
29/11/2017,128.84
28/11/2017,125.44
27/11/2017,125.07
24/11/2017,127.39
23/11/2017,127.46
22/11/2017,126.09
21/11/2017,127.8
17/11/2017,127.09
16/11/2017,127.11
15/11/2017,128.17
14/11/2017,128.69
13/11/2017,130.94
10/11/2017,129.68
09/11/2017,132.9
08/11/2017,130.71
07/11/2017,129.81
06/11/2017,131.38
03/11/2017,126.84
01/11/2017,128.67
31/10/2017,130.6
30/10/2017,132.21
27/10/2017,132.43
26/10/2017,132.54
25/10/2017,131.99
24/10/2017,136.41
23/10/2017,135.88
20/10/2017,136.22
19/10/2017,140.2
18/10/2017,141.36
17/10/2017,144.24
16/10/2017,139.68
13/10/2017,140.13
12/10/2017,142.49
11/10/2017,143.7
10/10/2017,143.64
09/10/2017,144.41
06/10/2017,145.59
05/10/2017,147.43
04/10/2017,148.22
03/10/2017,147.9
02/10/2017,147.03
29/09/2017,147
28/09/2017,147.32
27/09/2017,146.63
26/09/2017,147.98
25/09/2017,148.13
22/09/2017,150.03
21/09/2017,151.65
20/09/2017,153.14
19/09/2017,153.48
18/09/2017,154.33
15/09/2017,157.4
14/09/2017,154.68
13/09/2017,152.7
12/09/2017,152.69
11/09/2017,152.76
08/09/2017,154.23
07/09/2017,157.38
06/09/2017,157.01
05/09/2017,157.45
04/09/2017,161.65
01/09/2017,162.21
31/08/2017,160.18
30/08/2017,156.93
29/08/2017,159.96
28/08/2017,160.71
25/08/2017,165.63
24/08/2017,167.17
23/08/2017,165.36
22/08/2017,167.56
21/08/2017,165.98
18/08/2017,163.79
17/08/2017,162.47
16/08/2017,164.86
15/08/2017,164.67
14/08/2017,164.07
11/08/2017,163.09
10/08/2017,164.74
09/08/2017,168.59
08/08/2017,167.39
07/08/2017,166.19
04/08/2017,167.62
03/08/2017,159.23
02/08/2017,159.98
01/08/2017,160.71
31/07/2017,160.09
28/07/2017,159.8
27/07/2017,161.98
26/07/2017,155.04
25/07/2017,153.08
24/07/2017,150.54
21/07/2017,151.78
20/07/2017,151.44
19/07/2017,152.73
18/07/2017,152.89
17/07/2017,152.32
14/07/2017,150.19
13/07/2017,148.99
12/07/2017,145.53
11/07/2017,142.94
10/07/2017,142.02
07/07/2017,140.75
06/07/2017,141.47
05/07/2017,143.75
04/07/2017,141.31
03/07/2017,142.64
30/06/2017,143.17
29/06/2017,144.07
28/06/2017,144.48
27/06/2017,142.98
26/06/2017,144.09
23/06/2017,143.8
22/06/2017,143.23
21/06/2017,143.18
20/06/2017,143.08
19/06/2017,141.79
16/06/2017,145.22
15/06/2017,142.8
14/06/2017,142.2
13/06/2017,141.81
12/06/2017,141.49
09/06/2017,141.95
08/06/2017,142.48
07/06/2017,141.25
06/06/2017,143.02
05/06/2017,144.91
02/06/2017,143.65
01/06/2017,141.2
31/05/2017,141.7
30/05/2017,144.66
29/05/2017,146.03
26/05/2017,149
25/05/2017,148.49
24/05/2017,149.46
23/05/2017,146.14
22/05/2017,146.58
19/05/2017,141.85
18/05/2017,142.49
17/05/2017,142.99
16/05/2017,143.85
15/05/2017,143.82
12/05/2017,144.86
11/05/2017,143.5
10/05/2017,143.82
09/05/2017,143.78
08/05/2017,141.28
05/05/2017,143.64
04/05/2017,141.15
03/05/2017,145.02
02/05/2017,145.54
28/04/2017,145.23
27/04/2017,147.9
26/04/2017,152.81
25/04/2017,154.75
24/04/2017,153.05
21/04/2017,150.31
20/04/2017,150.41
19/04/2017,149.59
18/04/2017,147.3
17/04/2017,146.55
12/04/2017,145.44
11/04/2017,149.58
10/04/2017,149.6
07/04/2017,149.66
06/04/2017,147.05
05/04/2017,150.36
04/04/2017,150.79
03/04/2017,147.39
31/03/2017,146.14
30/03/2017,147.39
29/03/2017,147.74
28/03/2017,150.79
27/03/2017,150.33
24/03/2017,155.88
23/03/2017,153.59
22/03/2017,150.71
21/03/2017,149.95
17/03/2017,146.55
16/03/2017,144.8
15/03/2017,141.09
14/03/2017,139.04
13/03/2017,138.61
10/03/2017,140.61
09/03/2017,139.26
08/03/2017,140.86
07/03/2017,141.09
06/03/2017,142.62
03/03/2017,139.99
02/03/2017,138.6
01/03/2017,140.16
28/02/2017,140.31
27/02/2017,140.7
24/02/2017,138.4
23/02/2017,138.98
22/02/2017,139.73
21/02/2017,139.68
20/02/2017,136.53
17/02/2017,136.79
16/02/2017,136.14
15/02/2017,136.19
14/02/2017,137.75
13/02/2017,138.41
10/02/2017,138.16
09/02/2017,137.37
08/02/2017,138.16
07/02/2017,138.96
03/02/2017,139.97
02/02/2017,136.62
01/02/2017,136
31/01/2017,131.58
30/01/2017,136.09
27/01/2017,137.9
26/01/2017,137.12
25/01/2017,137.64
24/01/2017,136.74
23/01/2017,132.54
20/01/2017,130.91
19/01/2017,134.84
18/01/2017,135.15
17/01/2017,138.04
16/01/2017,136.76
13/01/2017,137.14
12/01/2017,137.31
11/01/2017,138.57
10/01/2017,141.23
09/01/2017,140.03
06/01/2017,144.36
05/01/2017,145.04
04/01/2017,142.82
03/01/2017,146.09
02/01/2017,149.62
30/12/2016,149.55
29/12/2016,150.83
28/12/2016,149.37
27/12/2016,149.58
26/12/2016,149.82
23/12/2016,150
22/12/2016,149.81
21/12/2016,149.91
20/12/2016,151.25
19/12/2016,151.96
16/12/2016,151.76
15/12/2016,153.28
14/12/2016,153.28
13/12/2016,155
09/12/2016,154.21
08/12/2016,155.62
07/12/2016,157.55
06/12/2016,154.51
05/12/2016,151.66
02/12/2016,153.68
01/12/2016,158.03
30/11/2016,162.31
29/11/2016,160.85
28/11/2016,160.98
25/11/2016,158.78
24/11/2016,158.72
23/11/2016,157.07
22/11/2016,155.36
18/11/2016,156.51
17/11/2016,157.48
16/11/2016,156.86
15/11/2016,158.07
14/11/2016,159.43
11/11/2016,158.57
10/11/2016,168.33
09/11/2016,186.09
08/11/2016,197.53
07/11/2016,196.82
04/11/2016,189.34
03/11/2016,189.54
01/11/2016,192.88
31/10/2016,198.12
28/10/2016,198.68
27/10/2016,199.24
26/10/2016,200.02
25/10/2016,202.44
24/10/2016,207.63
21/10/2016,208.45
20/10/2016,206
19/10/2016,209.71
18/10/2016,205.35
17/10/2016,203.44
14/10/2016,204.59
13/10/2016,204.32
12/10/2016,205.81
11/10/2016,204.47
10/10/2016,204.83
07/10/2016,200.44
06/10/2016,205.23
05/10/2016,206.37
04/10/2016,205.42
03/10/2016,201.91
30/09/2016,203.24
29/09/2016,203.86
28/09/2016,204.59
27/09/2016,209.18
26/09/2016,200.19
23/09/2016,203.58
22/09/2016,203.93
21/09/2016,201.95
20/09/2016,201.08
19/09/2016,199.93
15/09/2016,200.83
14/09/2016,203.95
13/09/2016,202.22
12/09/2016,204.33
09/09/2016,202.44
08/09/2016,203.33
07/09/2016,203.53
06/09/2016,203.99
05/09/2016,204.38
02/09/2016,204.25
01/09/2016,202.89
31/08/2016,204.78
30/08/2016,204
29/08/2016,204.84
26/08/2016,202.85
25/08/2016,204.89
24/08/2016,201.54
23/08/2016,201.67
22/08/2016,201.97
19/08/2016,201.61
18/08/2016,200.94
17/08/2016,199.24
16/08/2016,198.72
15/08/2016,199.09
12/08/2016,197.42
11/08/2016,196.09
10/08/2016,189.68
09/08/2016,189.15
08/08/2016,188.97
05/08/2016,186.56
04/08/2016,182.82
03/08/2016,183.11
02/08/2016,182.41
01/08/2016,179.71
29/07/2016,181.73
28/07/2016,182.28
27/07/2016,182.16
26/07/2016,184.51
25/07/2016,186.5
22/07/2016,187.4
21/07/2016,185.01
20/07/2016,187.77
19/07/2016,187.37
18/07/2016,185.32
15/07/2016,184.79
14/07/2016,185.53
13/07/2016,186.13
12/07/2016,186.35
11/07/2016,182.49
08/07/2016,181.36
07/07/2016,181.26
06/07/2016,186.2
05/07/2016,194.38
04/07/2016,197.51
01/07/2016,196.08
30/06/2016,193.02
29/06/2016,192.96
28/06/2016,189.5
27/06/2016,190.07
24/06/2016,194.85
23/06/2016,199.76
22/06/2016,198.69
21/06/2016,197.68
20/06/2016,199.26
17/06/2016,197.81
16/06/2016,195.84
15/06/2016,196.22
14/06/2016,197.92
13/06/2016,201.4
10/06/2016,202.42
09/06/2016,203.42
08/06/2016,204.71
07/06/2016,205.29
06/06/2016,203.69
03/06/2016,202.47
02/06/2016,201.35
01/06/2016,200.48
31/05/2016,198.44
30/05/2016,202.14
27/05/2016,203.75
26/05/2016,202.75
25/05/2016,202.31
24/05/2016,198.46
23/05/2016,199.21
20/05/2016,198.4
19/05/2016,199.34
18/05/2016,202.19
17/05/2016,198.99
16/05/2016,194.83
13/05/2016,192.23
12/05/2016,193.37
11/05/2016,194.68
10/05/2016,189.02
09/05/2016,185.23
06/05/2016,186.12
05/05/2016,186.97
04/05/2016,184.84
03/05/2016,188.56
02/05/2016,193.22
29/04/2016,195.57
28/04/2016,193.95
27/04/2016,193.97
26/04/2016,187.38
25/04/2016,191.08
22/04/2016,190.14
21/04/2016,190.24
20/04/2016,189.4
19/04/2016,188.05
18/04/2016,188.17
15/04/2016,192.88
14/04/2016,192.94
13/04/2016,192.18
12/04/2016,191.79
11/04/2016,195.31
08/04/2016,197.97
07/04/2016,198.03
06/04/2016,197.21
05/04/2016,198.18
04/04/2016,199.98
01/04/2016,200.66
31/03/2016,204.26
30/03/2016,200.5
29/03/2016,202.53
28/03/2016,198.99
23/03/2016,200.25
22/03/2016,202.24
18/03/2016,201.98
17/03/2016,200.9
16/03/2016,197.85
15/03/2016,193.74
14/03/2016,199.5
11/03/2016,196.81
10/03/2016,198.45
09/03/2016,199.34
08/03/2016,194.24
07/03/2016,197.99
04/03/2016,196.62
03/03/2016,200.37
02/03/2016,205.59
01/03/2016,201.63
29/02/2016,200.32
26/02/2016,201.73
25/02/2016,200.85
24/02/2016,205.08
23/02/2016,210.62
22/02/2016,209.91
19/02/2016,207.02
18/02/2016,207.86
17/02/2016,207.23
16/02/2016,208.12
15/02/2016,210.72
12/02/2016,206.81
11/02/2016,208.25
10/02/2016,210.86
09/02/2016,209.61
08/02/2016,211.5
05/02/2016,212.19
04/02/2016,213.99
03/02/2016,209.07
02/02/2016,212.72
29/01/2016,216.36
28/01/2016,209.7
27/01/2016,209.32
26/01/2016,204.2
25/01/2016,197.26
22/01/2016,197.26
21/01/2016,198.37
20/01/2016,197.85
19/01/2016,198.13
18/01/2016,194.09
15/01/2016,195.05
14/01/2016,198.31
13/01/2016,202.78
12/01/2016,203.44
11/01/2016,207.46
08/01/2016,208.43
07/01/2016,209.6
06/01/2016,206.98
05/01/2016,210.42
04/01/2016,209.83
31/12/2015,210.11
30/12/2015,206.78
29/12/2015,212.14
28/12/2015,211.4
24/12/2015,213.18
23/12/2015,215.58
22/12/2015,212.08
21/12/2015,207.29
18/12/2015,207.6
17/12/2015,212.4
16/12/2015,214.29
15/12/2015,213.01
14/12/2015,210.2
11/12/2015,208.21
10/12/2015,213.99
09/12/2015,215.59
08/12/2015,212.89
07/12/2015,216.02
04/12/2015,217.19
03/12/2015,213.17
02/12/2015,216.55
01/12/2015,222.03
30/11/2015,219.19
27/11/2015,228.33
26/11/2015,231.15
25/11/2015,229.19
24/11/2015,233.98
23/11/2015,234.25
20/11/2015,229.57
19/11/2015,226.17
18/11/2015,217.09
17/11/2015,224.35
13/11/2015,226.35
12/11/2015,226.27
11/11/2015,227.21
10/11/2015,223.21
09/11/2015,226.37
06/11/2015,227.04
05/11/2015,227.67
04/11/2015,223.32
03/11/2015,228.35
30/10/2015,229.39
29/10/2015,232.65
28/10/2015,238.99
27/10/2015,238.46
26/10/2015,243.73
23/10/2015,240.41
22/10/2015,238.47
21/10/2015,240.95
20/10/2015,240.31
19/10/2015,242.17
16/10/2015,242.16
15/10/2015,236.54
14/10/2015,236.92
13/10/2015,242.1
12/10/2015,247.63
09/10/2015,239.19
08/10/2015,236.2
07/10/2015,229.05
06/10/2015,228.71
05/10/2015,224.32
02/10/2015,220.29
01/10/2015,220.01
30/09/2015,219.53
29/09/2015,214.01
28/09/2015,211.63
25/09/2015,212.63
24/09/2015,211.09
23/09/2015,206.63
22/09/2015,211.21
21/09/2015,207.02
18/09/2015,205.89
17/09/2015,216.93
15/09/2015,215.02
14/09/2015,213.17
11/09/2015,210.38
10/09/2015,211.03
09/09/2015,207.23
08/09/2015,212.02
07/09/2015,209.99
04/09/2015,209.95
03/09/2015,205.75
02/09/2015,196.23
01/09/2015,197.97
31/08/2015,199.88
28/08/2015,192.77
27/08/2015,188.25
26/08/2015,185.6
25/08/2015,188.46
24/08/2015,180.11
21/08/2015,186.12
20/08/2015,193.3
19/08/2015,188.98
18/08/2015,186.77
17/08/2015,187.01
14/08/2015,189.79
13/08/2015,192.47
12/08/2015,190.42
11/08/2015,190.27
10/08/2015,191.1
07/08/2015,192.87
06/08/2015,192.36
05/08/2015,191.7
04/08/2015,191.53
03/08/2015,189.52
31/07/2015,188.6
30/07/2015,184.93
29/07/2015,181.59
28/07/2015,186.77
27/07/2015,190.87
24/07/2015,189.12
23/07/2015,192.98
22/07/2015,189.88
21/07/2015,193.01
20/07/2015,193.02
17/07/2015,193
16/07/2015,193.32
15/07/2015,189.44
14/07/2015,187.39
13/07/2015,186.44
10/07/2015,186.09
09/07/2015,184.04
08/07/2015,184.07
07/07/2015,184.03
06/07/2015,182.55
03/07/2015,183.11
02/07/2015,184.35
01/07/2015,182.04
30/06/2015,181.54
29/06/2015,181.93
26/06/2015,185.01
25/06/2015,183.92
24/06/2015,182.51
23/06/2015,182.25
22/06/2015,182
19/06/2015,177.9
18/06/2015,179.68
17/06/2015,179.56
16/06/2015,179.36
15/06/2015,179.24
12/06/2015,178.17
11/06/2015,178.82
10/06/2015,179.04
09/06/2015,178.56
08/06/2015,177.54
05/06/2015,175.4
04/06/2015,176.43
03/06/2015,176.19
02/06/2015,174.75
01/06/2015,175.19
29/05/2015,173.17
28/05/2015,174.59
27/05/2015,173.36
26/05/2015,172.84
25/05/2015,171.46
22/05/2015,170.5
21/05/2015,173.51
20/05/2015,173.58
19/05/2015,174.68
18/05/2015,174.65
15/05/2015,173.39
14/05/2015,172.22
13/05/2015,171.93
12/05/2015,173.57
11/05/2015,170.89
08/05/2015,176.12
07/05/2015,176.09
06/05/2015,173.3
05/05/2015,169.31
04/05/2015,171.02
30/04/2015,168.53
29/04/2015,168.56
28/04/2015,172.85
27/04/2015,172.43
24/04/2015,176.52
23/04/2015,177.62
22/04/2015,174.58
21/04/2015,175.62
20/04/2015,176.48
17/04/2015,174.57
16/04/2015,178.84
15/04/2015,175.93
14/04/2015,178.76
13/04/2015,179.83
10/04/2015,174.61
09/04/2015,174.73
08/04/2015,180.95
07/04/2015,182.86
06/04/2015,180.46
01/04/2015,178.89
31/03/2015,180.01
30/03/2015,176.9
27/03/2015,175.61
26/03/2015,173.25
25/03/2015,173.59
24/03/2015,174.91
23/03/2015,174.65
20/03/2015,177.92
19/03/2015,179.48
18/03/2015,178.46
17/03/2015,170.62
13/03/2015,175.06
12/03/2015,178.31
11/03/2015,167.65
10/03/2015,167.28
09/03/2015,167.75
06/03/2015,170.43
05/03/2015,169.17
04/03/2015,165.78
03/03/2015,164.89
02/03/2015,167.2
27/02/2015,168.9
26/02/2015,166.45
25/02/2015,163.66
24/02/2015,167.05
23/02/2015,165.41
20/02/2015,166.64
19/02/2015,168.29
18/02/2015,161.69
17/02/2015,159.82
16/02/2015,159.58
13/02/2015,161.14
12/02/2015,161.62
11/02/2015,154
10/02/2015,155.81
09/02/2015,156.33
06/02/2015,155.98
05/02/2015,159.55
04/02/2015,156.69
03/02/2015,157.85
30/01/2015,153.57
29/01/2015,156.72
28/01/2015,157.2
27/01/2015,152.99
26/01/2015,152.65
23/01/2015,151.18
22/01/2015,149.49
21/01/2015,144.62
20/01/2015,142.45
19/01/2015,142.83
16/01/2015,142.75
15/01/2015,141.14
14/01/2015,143.71
13/01/2015,143.28
12/01/2015,145.46
09/01/2015,145.91
08/01/2015,146.47
07/01/2015,144.37
06/01/2015,140.73
05/01/2015,140.23
02/01/2015,144.01
31/12/2014,147.85
30/12/2014,147.63
29/12/2014,148.03
26/12/2014,147.48
24/12/2014,146.83
23/12/2014,145.73
22/12/2014,147.05
19/12/2014,146.47
18/12/2014,143.48
17/12/2014,139.47
16/12/2014,139.14
15/12/2014,139.6
11/12/2014,142.49
10/12/2014,144.8
09/12/2014,148.8
08/12/2014,149.04
05/12/2014,151.01
04/12/2014,148.33
03/12/2014,149.67
02/12/2014,148.17
01/12/2014,150.14
28/11/2014,151.18
27/11/2014,154.95
26/11/2014,154.59
25/11/2014,156.38
24/11/2014,159.16
21/11/2014,157.5
20/11/2014,157.92
19/11/2014,157.3
18/11/2014,156.39
14/11/2014,155.45
13/11/2014,154.54
12/11/2014,155.9
11/11/2014,157.12
10/11/2014,157.98
07/11/2014,158.48
06/11/2014,156.14
05/11/2014,158.53
04/11/2014,157.97
03/11/2014,159.88
31/10/2014,157.99
30/10/2014,156.74
29/10/2014,156.28
28/10/2014,154
27/10/2014,156.04
24/10/2014,153.05
23/10/2014,155.99
22/10/2014,155.82
21/10/2014,159.5
20/10/2014,158.16
17/10/2014,156.01
16/10/2014,153.62
15/10/2014,153.05
14/10/2014,152.97
13/10/2014,153.71
10/10/2014,154.63
09/10/2014,157.34
08/10/2014,157.54
07/10/2014,157.4
06/10/2014,156.56
03/10/2014,156.91
02/10/2014,154.1
01/10/2014,152.25
30/09/2014,155.02
29/09/2014,154.78
26/09/2014,152.28
25/09/2014,151.76
24/09/2014,151.17
23/09/2014,149.94
22/09/2014,150.62
19/09/2014,148.69
18/09/2014,145.28
17/09/2014,145.05
15/09/2014,145.92
12/09/2014,146.2
11/09/2014,148.96
10/09/2014,147.09
09/09/2014,147.93
08/09/2014,149.84
05/09/2014,149.89
04/09/2014,149.82
03/09/2014,150.47
02/09/2014,151.91
01/09/2014,149.06
29/08/2014,149.1
28/08/2014,149.51
27/08/2014,149.29
26/08/2014,148.51
25/08/2014,148.62
22/08/2014,149.57
21/08/2014,149.19
20/08/2014,148.47
19/08/2014,148.98
18/08/2014,150.85
15/08/2014,150.48
14/08/2014,150.74
13/08/2014,149.59
12/08/2014,148.81
11/08/2014,146.91
08/08/2014,145.23
07/08/2014,146.72
06/08/2014,147.99
05/08/2014,149.74
04/08/2014,151.05
01/08/2014,149.86
31/07/2014,147.16
30/07/2014,147.51
29/07/2014,149.32
28/07/2014,150.87
25/07/2014,147.99
24/07/2014,148.25
23/07/2014,148.65
22/07/2014,149.39
21/07/2014,149.18
18/07/2014,147.59
17/07/2014,143.86
16/07/2014,147.18
15/07/2014,148.84
14/07/2014,150.68
11/07/2014,148.9
10/07/2014,149.99
09/07/2014,150.14
08/07/2014,150.56
07/07/2014,151.26
04/07/2014,154.87
03/07/2014,154.04
02/07/2014,152.86
01/07/2014,153.11
30/06/2014,153.61
27/06/2014,152.99
26/06/2014,152.48
25/06/2014,152.72
24/06/2014,156.59
23/06/2014,157.4
20/06/2014,156.68
19/06/2014,153.62
18/06/2014,155.12
17/06/2014,153.84
16/06/2014,156.54
13/06/2014,151.61
12/06/2014,151.6
11/06/2014,152.7
10/06/2014,151.59
09/06/2014,147.39
06/06/2014,147.64
05/06/2014,146.77
04/06/2014,146.27
03/06/2014,147.86
02/06/2014,145.26
30/05/2014,145.31
29/05/2014,146.47
28/05/2014,145.28
27/05/2014,143.11
26/05/2014,144.26
23/05/2014,144.65
22/05/2014,144.17
21/05/2014,143.66
20/05/2014,142.85
19/05/2014,144
16/05/2014,142.91
15/05/2014,142.02
14/05/2014,143.22
13/05/2014,141.11
12/05/2014,139.56
09/05/2014,140.8
08/05/2014,140.66
07/05/2014,138.94
06/05/2014,137.25
05/05/2014,135.46
02/05/2014,135.98
30/04/2014,134.73
29/04/2014,136.15
28/04/2014,136.09
25/04/2014,132.6
24/04/2014,134.34
23/04/2014,134.9
22/04/2014,134.72
21/04/2014,137.08
16/04/2014,136.76
15/04/2014,136.97
14/04/2014,140.27
11/04/2014,142.76
10/04/2014,141
09/04/2014,142.37
08/04/2014,142.51
07/04/2014,140.95
04/04/2014,140.72
03/04/2014,139.95
02/04/2014,141.55
01/04/2014,140.49
31/03/2014,142.92
28/03/2014,141.58
27/03/2014,139.14
26/03/2014,137.36
25/03/2014,137.35
24/03/2014,137.58
21/03/2014,142.39
20/03/2014,136.83
19/03/2014,132.52
18/03/2014,133.36
14/03/2014,132.52
13/03/2014,130.58
12/03/2014,130.93
11/03/2014,131.01
10/03/2014,131.85
07/03/2014,131.14
06/03/2014,131.83
05/03/2014,134.69
04/03/2014,137.2
03/03/2014,135.01
28/02/2014,137.21
27/02/2014,134.2
26/02/2014,129.97
25/02/2014,136.76
24/02/2014,139.01
21/02/2014,143.34
20/02/2014,142.93
19/02/2014,145.75
18/02/2014,144.98
17/02/2014,143.04
14/02/2014,143.02
13/02/2014,141.38
12/02/2014,140.07
11/02/2014,140.96
10/02/2014,138.48
07/02/2014,138.81
06/02/2014,140.92
05/02/2014,139.1
04/02/2014,139
31/01/2014,140.32
30/01/2014,140.13
29/01/2014,140.93
28/01/2014,140.83
27/01/2014,138.71
24/01/2014,138.65
23/01/2014,140.44
22/01/2014,143.13
21/01/2014,143.11
20/01/2014,142.88
17/01/2014,142.32
16/01/2014,143.29
15/01/2014,146.62
14/01/2014,143.66
13/01/2014,143.68
10/01/2014,145.15
09/01/2014,142.28
08/01/2014,142.97
07/01/2014,142.76
06/01/2014,143.52
03/01/2014,147.7
02/01/2014,149.86
31/12/2013,149.07
30/12/2013,149.97
27/12/2013,149.24
26/12/2013,149.25
24/12/2013,150.31
23/12/2013,148.76
20/12/2013,146.83
19/12/2013,145.96
18/12/2013,146.92
17/12/2013,148.83
16/12/2013,153.05
13/12/2013,148.99
11/12/2013,153.42
10/12/2013,153.11
09/12/2013,153
06/12/2013,152.93
05/12/2013,147.62
04/12/2013,148.31
03/12/2013,148.41
02/12/2013,145.33
29/11/2013,149.6
28/11/2013,143.65
27/11/2013,142.28
26/11/2013,140.63
25/11/2013,142.14
22/11/2013,143.66
21/11/2013,137.46
20/11/2013,137.3
19/11/2013,134.39
15/11/2013,136.06
14/11/2013,134.57
13/11/2013,133.78
12/11/2013,135.52
11/11/2013,132.68
08/11/2013,133.81
07/11/2013,135.73
06/11/2013,136.41
05/11/2013,138.7
04/11/2013,141.07
01/11/2013,141.14
31/10/2013,140.91
30/10/2013,141.34
29/10/2013,140.04
28/10/2013,140.71
25/10/2013,140.06
24/10/2013,139.71
23/10/2013,140.85
22/10/2013,142.37
21/10/2013,140.07
18/10/2013,142.97
17/10/2013,139.29
16/10/2013,140.03
15/10/2013,141.17
14/10/2013,142.89
11/10/2013,144.34
10/10/2013,140.85
09/10/2013,137.76
08/10/2013,140.03
07/10/2013,142.37
04/10/2013,143.95
03/10/2013,142.8
02/10/2013,147.46
01/10/2013,146.1
30/09/2013,147.8
27/09/2013,148.98
26/09/2013,150.01
25/09/2013,149.3
24/09/2013,147.5
23/09/2013,147.28
20/09/2013,146.28
19/09/2013,147.28
18/09/2013,146.72
17/09/2013,141.44
13/09/2013,145.89
12/09/2013,143.17
11/09/2013,147.35
10/09/2013,145.55
09/09/2013,142.29
06/09/2013,136.92
05/09/2013,133.39
04/09/2013,134.96
03/09/2013,137.18
02/09/2013,138.8
30/08/2013,140.14
29/08/2013,134.04
28/08/2013,133.85
27/08/2013,137.73
26/08/2013,138.01
23/08/2013,138.04
22/08/2013,138.49
21/08/2013,144.04
20/08/2013,143.92
19/08/2013,146.8
16/08/2013,149.6
15/08/2013,149.96
14/08/2013,151.85
13/08/2013,152.35
12/08/2013,152.74
09/08/2013,156.91
08/08/2013,156.4
07/08/2013,156.64
06/08/2013,153.63
05/08/2013,153.6
02/08/2013,155.83
01/08/2013,152.14
31/07/2013,147.35
30/07/2013,144.78
29/07/2013,144.22
26/07/2013,145.96
25/07/2013,144.71
24/07/2013,145.51
23/07/2013,147.61
22/07/2013,143.32
19/07/2013,141.5
18/07/2013,142.87
17/07/2013,150.16
16/07/2013,149.71
15/07/2013,156.4
12/07/2013,156.52
11/07/2013,157.3
10/07/2013,157.55
09/07/2013,152.03
08/07/2013,154.64
05/07/2013,154.73
04/07/2013,160
03/07/2013,159.54
02/07/2013,156.44
01/07/2013,154.95
28/06/2013,152.46
27/06/2013,146.05
26/06/2013,145.57
25/06/2013,140.41
24/06/2013,137.94
21/06/2013,142.55
20/06/2013,138.51
19/06/2013,148.33
18/06/2013,148.03
17/06/2013,149.5
14/06/2013,149.3
13/06/2013,150.28
12/06/2013,148.23
11/06/2013,149.21
10/06/2013,148.99
07/06/2013,146.38
06/06/2013,146.63
05/06/2013,144.52
04/06/2013,147.67
03/06/2013,149.73
31/05/2013,150.19
30/05/2013,148.73
29/05/2013,149.49
28/05/2013,152.97
27/05/2013,152.88
24/05/2013,151.73
23/05/2013,148.37
22/05/2013,149.96
21/05/2013,145.97
20/05/2013,146.97
17/05/2013,152.53
16/05/2013,151.56
15/05/2013,151.57
14/05/2013,153.5
13/05/2013,150.29
10/05/2013,152.76
09/05/2013,153.28
08/05/2013,157.4
07/05/2013,158.73
06/05/2013,158.4
03/05/2013,159.05
02/05/2013,155.25
30/04/2013,153.55
29/04/2013,158.64
26/04/2013,156.34
25/04/2013,156.1
24/04/2013,158.85
23/04/2013,161.08
22/04/2013,161.9
19/04/2013,160.38
18/04/2013,160.41
17/04/2013,159.68
16/04/2013,158.04
15/04/2013,155.7
12/04/2013,156.25
11/04/2013,164.15
10/04/2013,163.51
09/04/2013,157.11
08/04/2013,152.96
05/04/2013,152.71
04/04/2013,154.98
03/04/2013,155.13
02/04/2013,155.34
01/04/2013,154.43
27/03/2013,152.12
26/03/2013,149.26
25/03/2013,148.76
22/03/2013,147.93
21/03/2013,148.35
20/03/2013,147.99
19/03/2013,148.48
15/03/2013,148.54
14/03/2013,148.5
13/03/2013,148.04
12/03/2013,147.9
11/03/2013,147.93
08/03/2013,147.3
07/03/2013,146.78
06/03/2013,146
05/03/2013,146.02
04/03/2013,147.88
01/03/2013,143.8
28/02/2013,144.01
27/02/2013,142.53
26/02/2013,141.99
25/02/2013,142.58
22/02/2013,142
21/02/2013,142
20/02/2013,142.67
19/02/2013,142.05
18/02/2013,141.9
15/02/2013,141.61
14/02/2013,141.04
13/02/2013,139.65
12/02/2013,140.97
11/02/2013,141.94
08/02/2013,139.67
07/02/2013,140.71
06/02/2013,142.03
05/02/2013,143.51
01/02/2013,143.01
31/01/2013,140.91
30/01/2013,142.51
29/01/2013,143.22
28/01/2013,141.92
25/01/2013,139.57
24/01/2013,139.48
23/01/2013,136.94
22/01/2013,134.44
21/01/2013,136.55
18/01/2013,136.45
17/01/2013,137.59
16/01/2013,135.04
15/01/2013,136.31
14/01/2013,134.7
11/01/2013,134.63
10/01/2013,131.32
09/01/2013,130.13
08/01/2013,130.76
07/01/2013,130.92
04/01/2013,133.22
03/01/2013,135.13
02/01/2013,135.7
31/12/2012,135.51
28/12/2012,132.93
27/12/2012,131.49
26/12/2012,130.3
24/12/2012,130.39
21/12/2012,131.49
20/12/2012,132.95
19/12/2012,132.18
18/12/2012,132.19
17/12/2012,129.81
14/12/2012,128.95
13/12/2012,132.16
11/12/2012,132.92
10/12/2012,132.53
07/12/2012,131.55
06/12/2012,131.54
05/12/2012,128.07
04/12/2012,129
03/12/2012,128.01
30/11/2012,122.15
29/11/2012,125.92
28/11/2012,125.37
27/11/2012,124.91
26/11/2012,124.78
23/11/2012,124.98
22/11/2012,124.97
21/11/2012,122.63
20/11/2012,120.83
16/11/2012,119.41
15/11/2012,120.21
14/11/2012,121.29
13/11/2012,120.84
12/11/2012,120
09/11/2012,119.12
08/11/2012,119.15
07/11/2012,118.05
06/11/2012,119.5
05/11/2012,118.98
01/11/2012,116.94
31/10/2012,117.35
30/10/2012,118.67
29/10/2012,120.37
26/10/2012,120.44
25/10/2012,120.8
24/10/2012,119.71
23/10/2012,119.79
22/10/2012,119.36
19/10/2012,119.53
18/10/2012,119.75
17/10/2012,122.78
16/10/2012,120.97
15/10/2012,120.04
12/10/2012,116.75
11/10/2012,117
10/10/2012,115.09
09/10/2012,116.22
08/10/2012,116.29
05/10/2012,116.48
04/10/2012,114.8
03/10/2012,114.51
02/10/2012,114.88
01/10/2012,114.47
28/09/2012,113.73
27/09/2012,114.75
26/09/2012,114.99
25/09/2012,112.93
24/09/2012,111.7
21/09/2012,111.34
20/09/2012,111.04
19/09/2012,110.1
18/09/2012,111
17/09/2012,110.9
14/09/2012,110.49
13/09/2012,109.64
12/09/2012,109.1
11/09/2012,107.97
10/09/2012,108.07
07/09/2012,107.63
06/09/2012,108.55
05/09/2012,108.08
04/09/2012,108.33
03/09/2012,107.69
31/08/2012,107.19
30/08/2012,107.23
29/08/2012,107.58
28/08/2012,108.54
27/08/2012,108.97
24/08/2012,108.31
23/08/2012,108.03
22/08/2012,109.97
21/08/2012,108.55
20/08/2012,109.41
17/08/2012,108.87
16/08/2012,110.6
15/08/2012,110.32
14/08/2012,108.84
13/08/2012,108.62
10/08/2012,109.85
09/08/2012,110.07
08/08/2012,109.07
07/08/2012,108.35
06/08/2012,109.2
03/08/2012,109.82
02/08/2012,107.22
01/08/2012,107.03
31/07/2012,104.06
30/07/2012,109.59
27/07/2012,110.04
26/07/2012,109.87
25/07/2012,110.07
24/07/2012,109.22
23/07/2012,109.39
20/07/2012,109.22
19/07/2012,110.11
18/07/2012,109.9
17/07/2012,109.67
16/07/2012,109.98
13/07/2012,108.86
12/07/2012,109.12
11/07/2012,107.6
10/07/2012,108.77
09/07/2012,110.36
06/07/2012,108.32
05/07/2012,109.37
04/07/2012,108.83
03/07/2012,108.24
02/07/2012,109.39
29/06/2012,112.28
28/06/2012,106.47
27/06/2012,105.45
26/06/2012,104.24
25/06/2012,103.03
22/06/2012,104.01
21/06/2012,102.75
20/06/2012,101.92
19/06/2012,102.02
18/06/2012,102.44
15/06/2012,102.48
14/06/2012,102.05
13/06/2012,101.81
12/06/2012,102.12
11/06/2012,102.31
08/06/2012,102.37
07/06/2012,102.16
06/06/2012,101.55
05/06/2012,102.94
04/06/2012,102.45
01/06/2012,102.94
31/05/2012,103.39
30/05/2012,103.6
29/05/2012,103.07
28/05/2012,102.07
25/05/2012,103.02
24/05/2012,103.33
23/05/2012,103.13
22/05/2012,104.37
21/05/2012,103.57
18/05/2012,103.32
17/05/2012,102.9
16/05/2012,102.48
15/05/2012,103.84
14/05/2012,103.03
11/05/2012,103.43
10/05/2012,105.74
09/05/2012,105.64
08/05/2012,106.55
07/05/2012,106.15
04/05/2012,103.52
03/05/2012,103.98
02/05/2012,104.58
30/04/2012,103.24
27/04/2012,102.26
26/04/2012,103.91
25/04/2012,104.51
24/04/2012,104.64
23/04/2012,105
20/04/2012,105.11
19/04/2012,105.71
18/04/2012,106.31
17/04/2012,106.47
16/04/2012,105.03
13/04/2012,105.99
12/04/2012,105.98
11/04/2012,105.39
10/04/2012,104.12
09/04/2012,104.68
04/04/2012,104.5
03/04/2012,104.45
02/04/2012,103.66
30/03/2012,105.21
29/03/2012,103.99
28/03/2012,103.41
27/03/2012,103.45
26/03/2012,103.41
23/03/2012,103.34
22/03/2012,102.92
21/03/2012,104.27
20/03/2012,103.81
16/03/2012,104.72
15/03/2012,104.01
14/03/2012,103.7
13/03/2012,102.98
12/03/2012,102.98
09/03/2012,101.94
08/03/2012,102.3
07/03/2012,102.2
06/03/2012,101.92
05/03/2012,102.7
02/03/2012,103.61
01/03/2012,101.72
29/02/2012,102.33
28/02/2012,102.91
27/02/2012,101.9
24/02/2012,102.14
23/02/2012,102.98
22/02/2012,102.66
21/02/2012,102.76
20/02/2012,103.56
17/02/2012,101.78
16/02/2012,103
15/02/2012,102.96
14/02/2012,102.66
13/02/2012,102.71
10/02/2012,102.5
09/02/2012,101.43
08/02/2012,101.02
07/02/2012,100.94
03/02/2012,100.4
02/02/2012,101.5
01/02/2012,100.76
31/01/2012,99.07
30/01/2012,98.78
27/01/2012,98.45
26/01/2012,98.07
25/01/2012,98.64
24/01/2012,98.74
23/01/2012,98.31
20/01/2012,98.97
19/01/2012,99
18/01/2012,99.32
17/01/2012,98.74
16/01/2012,99.12
13/01/2012,98.25
12/01/2012,99.97
11/01/2012,101.2
10/01/2012,101.05
09/01/2012,100.84
06/01/2012,100.16
05/01/2012,100.44
04/01/2012,99.79
03/01/2012,100.24
02/01/2012,100.6
30/12/2011,100.1
29/12/2011,101.1
28/12/2011,100.95
27/12/2011,102.21
26/12/2011,101.1
23/12/2011,99.96
22/12/2011,101.85
21/12/2011,101.76
20/12/2011,101.68
19/12/2011,100.99
16/12/2011,101.99
15/12/2011,99.78
14/12/2011,99.74
13/12/2011,100.89
09/12/2011,100.92
08/12/2011,98.96
07/12/2011,98.03
06/12/2011,97.98
05/12/2011,97.71
02/12/2011,97.99
01/12/2011,98
30/11/2011,97.81
29/11/2011,96.17
28/11/2011,96.45
25/11/2011,95.67
24/11/2011,94.87
23/11/2011,95.16
22/11/2011,96.46
18/11/2011,95.51
17/11/2011,95.4
16/11/2011,95.29
15/11/2011,90.8
14/11/2011,90.69
11/11/2011,90.51
10/11/2011,89.52
09/11/2011,89.52
08/11/2011,90.69
07/11/2011,90.64
04/11/2011,90.4
03/11/2011,91.58
01/11/2011,90.94
31/10/2011,91.1
28/10/2011,91.53
27/10/2011,91.34
26/10/2011,90.52
25/10/2011,88.95
24/10/2011,89.3
21/10/2011,89.53
20/10/2011,89.91
19/10/2011,89.6
18/10/2011,90.88
17/10/2011,90.04
14/10/2011,90.6
13/10/2011,90.75
12/10/2011,90.63
11/10/2011,90.82
10/10/2011,90.18
07/10/2011,90.46
06/10/2011,90.31
05/10/2011,89.15
04/10/2011,88.28
03/10/2011,88.67
30/09/2011,89.86
29/09/2011,90.69
28/09/2011,90.74
27/09/2011,91.33
26/09/2011,91.96
23/09/2011,90.66
22/09/2011,87.03
21/09/2011,89.05
20/09/2011,88.97
19/09/2011,90.99
15/09/2011,89.97
14/09/2011,90.62
13/09/2011,88.55
12/09/2011,88.22
09/09/2011,89.67
08/09/2011,91.32
07/09/2011,90.38
06/09/2011,89.84
05/09/2011,89.55
02/09/2011,93.23
01/09/2011,93.57
31/08/2011,96.24
30/08/2011,97.57
29/08/2011,97.83
26/08/2011,94.18
25/08/2011,92.94
24/08/2011,93.37
23/08/2011,93.59
22/08/2011,91.5
19/08/2011,92.28
18/08/2011,92.15
17/08/2011,94.62
16/08/2011,94.93
15/08/2011,94.85
12/08/2011,94.93
11/08/2011,94.81
10/08/2011,91.76
09/08/2011,92.27
08/08/2011,90.99
05/08/2011,94.96
04/08/2011,95.21
03/08/2011,98.04
02/08/2011,94.8
01/08/2011,94.46
29/07/2011,94.86
28/07/2011,93.47
27/07/2011,90.24
26/07/2011,90.24
25/07/2011,90.1
22/07/2011,89
21/07/2011,89
20/07/2011,89.03
19/07/2011,89.75
18/07/2011,89.75
15/07/2011,89.99
14/07/2011,90.13
13/07/2011,89.98
12/07/2011,90.35
11/07/2011,90.3
08/07/2011,90.5
07/07/2011,90.9
06/07/2011,90.92
05/07/2011,91.33
04/07/2011,90.6
01/07/2011,89.86
30/06/2011,89.77
29/06/2011,89.05
28/06/2011,88.8
27/06/2011,88.5
24/06/2011,88.41
23/06/2011,88.6
22/06/2011,88.58
21/06/2011,88.6
20/06/2011,88.2
17/06/2011,88.23
16/06/2011,88.5
15/06/2011,88.35
14/06/2011,88.28
13/06/2011,87.73
10/06/2011,88
09/06/2011,87.9
08/06/2011,88
07/06/2011,87.98
06/06/2011,87.73
03/06/2011,88
02/06/2011,87.5
01/06/2011,87
31/05/2011,87
30/05/2011,86.2
27/05/2011,86.08
26/05/2011,86.49
25/05/2011,86.73
24/05/2011,86.2
23/05/2011,86.27
20/05/2011,86.91
19/05/2011,86.97
18/05/2011,86.1
17/05/2011,85.81
16/05/2011,89.11
13/05/2011,88.1
12/05/2011,86.51
11/05/2011,87.32
10/05/2011,87
09/05/2011,87.19
06/05/2011,87.7
05/05/2011,87.4
04/05/2011,87.7
03/05/2011,87.99
02/05/2011,87.9
29/04/2011,87.98
28/04/2011,87
27/04/2011,86.33
26/04/2011,86.97
25/04/2011,86.6
20/04/2011,85.79
19/04/2011,85.2
18/04/2011,85.51
15/04/2011,86
14/04/2011,85.91
13/04/2011,85.88
12/04/2011,86.68
11/04/2011,87.04
08/04/2011,86.4
07/04/2011,86.13
06/04/2011,86.16
05/04/2011,86.2
04/04/2011,86.3
01/04/2011,86.5
31/03/2011,86.35
30/03/2011,84.3
29/03/2011,84.08
28/03/2011,85
25/03/2011,85.5
24/03/2011,85
23/03/2011,82.94
22/03/2011,82.48
18/03/2011,82.79
17/03/2011,83.22
16/03/2011,83.79
15/03/2011,84.3
14/03/2011,84.8
11/03/2011,85
10/03/2011,84.94
09/03/2011,85.21
08/03/2011,85.5
07/03/2011,85.5
04/03/2011,85.6
03/03/2011,85.64
02/03/2011,86
01/03/2011,87.4
28/02/2011,87.68
25/02/2011,88
24/02/2011,87.35
23/02/2011,87.77
22/02/2011,87.77
21/02/2011,87.4
18/02/2011,87.97
17/02/2011,86.3
16/02/2011,86.2
15/02/2011,85.66
14/02/2011,86.3
11/02/2011,86.4
10/02/2011,86.4
09/02/2011,86.8
08/02/2011,86.95
04/02/2011,86.9
03/02/2011,86.98
02/02/2011,83.99
01/02/2011,83.99
31/01/2011,84
28/01/2011,83.99
27/01/2011,84
26/01/2011,84.44
25/01/2011,83.5
24/01/2011,83.75
21/01/2011,83.6
20/01/2011,84.5
19/01/2011,83.1
18/01/2011,83.52
17/01/2011,82.99
14/01/2011,83
13/01/2011,83.2
12/01/2011,83.5
11/01/2011,82.06
10/01/2011,81.64
07/01/2011,82.55
06/01/2011,83.34
05/01/2011,83.35
04/01/2011,83
03/01/2011,84.15
31/12/2010,84.33
30/12/2010,83.05
29/12/2010,82.5
28/12/2010,82.31
27/12/2010,82.4
24/12/2010,82.55
23/12/2010,82
22/12/2010,82.55
21/12/2010,82.5
20/12/2010,82.14
17/12/2010,81.51
16/12/2010,80.3
15/12/2010,77.75
14/12/2010,78
13/12/2010,78
10/12/2010,77.4
09/12/2010,77.25
08/12/2010,77.25
07/12/2010,77.4
06/12/2010,75
03/12/2010,74.7
02/12/2010,74.5
01/12/2010,74.5
30/11/2010,73.05
29/11/2010,72.95
26/11/2010,72.75
25/11/2010,72.7
24/11/2010,72.6
23/11/2010,72.6
22/11/2010,72.7
19/11/2010,72.6
18/11/2010,72.5
17/11/2010,72.31
16/11/2010,72.31
12/11/2010,72.32
11/11/2010,72.25
10/11/2010,72.39
09/11/2010,72.42
08/11/2010,72
05/11/2010,71.4
04/11/2010,71.55
03/11/2010,71.5
01/11/2010,70.7
29/10/2010,70.99
28/10/2010,70.08
27/10/2010,67.75
26/10/2010,66.95
25/10/2010,66.9
22/10/2010,66.23
21/10/2010,66
20/10/2010,65.6
19/10/2010,65.1
18/10/2010,65.74
15/10/2010,65.9
14/10/2010,66.1
13/10/2010,65.98
12/10/2010,65.9
11/10/2010,65.7
08/10/2010,65.74
07/10/2010,65.6
06/10/2010,65.5
05/10/2010,65.38
04/10/2010,65
01/10/2010,65.15
30/09/2010,65.9
21/09/2010,67
15/09/2010,67
14/09/2010,66
13/09/2010,65.5
10/09/2010,65.5
09/09/2010,65.5
08/09/2010,65.5
07/09/2010,65.5
06/09/2010,65.7
03/09/2010,65.7
02/09/2010,65.7
01/09/2010,65.7
31/08/2010,65.7
30/08/2010,65.7
23/08/2010,65.5
20/08/2010,65.6
19/08/2010,65.6
18/08/2010,65.6
16/08/2010,65.6
13/08/2010,65.6
12/08/2010,65.6
11/08/2010,65.6
10/08/2010,65.6
09/08/2010,65.6
06/08/2010,65.6
05/08/2010,65.6
04/08/2010,65.6
03/08/2010,65.6
02/08/2010,65.7
30/07/2010,65.6
29/07/2010,65.6
28/07/2010,65.6
27/07/2010,65
26/07/2010,65
23/07/2010,65
22/07/2010,65
21/07/2010,65
20/07/2010,65
19/07/2010,65
16/07/2010,65
15/07/2010,65
14/07/2010,65
13/07/2010,65
12/07/2010,65
09/07/2010,65
08/07/2010,65
07/07/2010,65
06/07/2010,65
05/07/2010,65
02/07/2010,65
01/07/2010,65
30/06/2010,65.3
29/06/2010,65.3
28/06/2010,65.3
25/06/2010,65
24/06/2010,65
23/06/2010,65
22/06/2010,65
21/06/2010,65
18/06/2010,65
17/06/2010,65
16/06/2010,65
15/06/2010,66
14/06/2010,65
11/06/2010,65
10/06/2010,65
04/06/2010,65
03/06/2010,63
02/06/2010,62.35
01/06/2010,62
31/05/2010,62.6
28/05/2010,62.35
27/05/2010,61.4
26/05/2010,61.3
25/05/2010,61
24/05/2010,61.2
21/05/2010,61.22
20/05/2010,62.2
17/05/2010,64.8
14/05/2010,65.2
13/05/2010,66.5
12/05/2010,66.5
11/05/2010,66.5
07/05/2010,66.5
06/05/2010,66.5
05/05/2010,66.5
04/05/2010,66.5
03/05/2010,66.5
30/04/2010,66.5
29/04/2010,65
28/04/2010,64
27/04/2010,64
26/04/2010,64
23/04/2010,64
22/04/2010,64
21/04/2010,63.5
20/04/2010,63.1
19/04/2010,63.1
16/04/2010,63.1
15/04/2010,63.1
14/04/2010,63.2
13/04/2010,63.2
05/04/2010,64
31/03/2010,64.2
30/03/2010,64
29/03/2010,62.5
26/03/2010,62.5
25/03/2010,62.5
24/03/2010,61.25
23/03/2010,61.25
22/03/2010,61.25
19/03/2010,61.25
18/03/2010,61.25
17/03/2010,62
16/03/2010,61
12/03/2010,61
11/03/2010,61
10/03/2010,63
09/03/2010,63
05/03/2010,60
04/03/2010,60
02/03/2010,59.9
01/03/2010,60
18/02/2010,59
15/02/2010,61
10/02/2010,61
29/01/2010,65
28/01/2010,60.5
12/01/2010,60
28/12/2009,58.5
24/12/2009,58
22/12/2009,57
18/12/2009,56
16/12/2009,56
14/12/2009,56
11/12/2009,56
02/12/2009,55
19/11/2009,55
17/11/2009,55
12/11/2009,55
11/11/2009,55
06/11/2009,53
04/11/2009,52
03/11/2009,52
29/10/2009,52
27/10/2009,52
26/10/2009,53.5
22/10/2009,53.5
16/10/2009,54
13/10/2009,55.8
07/10/2009,56.26
05/10/2009,56.26
30/09/2009,54
29/09/2009,53.95
15/09/2009,53
11/09/2009,50.51
10/09/2009,50.5
09/09/2009,50.5
28/08/2009,49.5
27/08/2009,48.75
19/08/2009,48.75
17/08/2009,48.75
11/08/2009,48.2
07/08/2009,48.1
06/08/2009,48.1
10/07/2009,48.1
24/06/2009,48
19/06/2009,46.46
16/06/2009,44.44
05/06/2009,43.7
29/05/2009,43.5
28/05/2009,43.5
26/05/2009,43.23
22/05/2009,42.42
21/05/2009,41
20/05/2009,39.93
19/05/2009,38.1
12/05/2009,38.1
08/05/2009,40
07/05/2009,40.2
06/05/2009,38.5
04/05/2009,36.5
28/04/2009,40
21/04/2009,36.6
20/04/2009,36.5
17/04/2009,37
14/04/2009,36.5
24/03/2009,34
04/03/2009,35
25/02/2009,39
10/02/2009,39
05/02/2009,39
04/02/2009,39
26/01/2009,39
23/01/2009,39
15/01/2009,39
06/01/2009,39
16/12/2008,39
25/11/2008,40
28/10/2008,40
09/10/2008,40
08/10/2008,40
06/10/2008,47
24/09/2008,48
22/09/2008,48.5
19/09/2008,48.5
17/09/2008,49
29/08/2008,50
28/08/2008,50
22/08/2008,50
06/08/2008,50
25/07/2008,52
23/07/2008,55
28/04/2008,60
17/04/2008,59
26/02/2008,60
15/02/2008,61
12/02/2008,61
01/02/2008,61
31/01/2008,61
30/01/2008,60
29/01/2008,60
28/01/2008,60
25/01/2008,60
24/01/2008,60
22/01/2008,60
21/01/2008,60
18/01/2008,60
17/01/2008,60
16/01/2008,60
11/01/2008,60.1
10/01/2008,60
07/12/2007,60.1
05/12/2007,60.1
19/10/2007,60.1
12/10/2007,61.2
11/10/2007,61.2
03/10/2007,61.43
02/10/2007,61.43
27/08/2007,61.43
10/08/2007,61.43
19/07/2007,60.2
17/07/2007,60.25
12/06/2007,60.2
08/06/2007,60.2
06/06/2007,60.2
05/06/2007,60.2
01/06/2007,60.2
18/05/2007,56
11/05/2007,56
26/04/2007,50.5
18/04/2007,50.5
12/04/2007,50.5
29/03/2007,50
28/03/2007,50
26/03/2007,49
23/03/2007,48.1
22/03/2007,48
21/02/2007,46.1
19/02/2007,45.5
06/02/2007,45.01
02/02/2007,45
29/01/2007,42
11/01/2007,39.2
29/12/2006,39.14
22/12/2006,38
21/12/2006,37
19/12/2006,37
15/12/2006,36.5
13/12/2006,36
08/12/2006,35
07/12/2006,34.5
06/12/2006,34
29/11/2006,32.1
21/11/2006,31.5
16/11/2006,31.5
15/11/2006,32
13/11/2006,31
06/11/2006,30.65
01/11/2006,30.65
30/10/2006,30.6
27/10/2006,30
26/10/2006,30
23/10/2006,30
20/10/2006,30
19/10/2006,26.35
18/10/2006,26.3
18/09/2006,26
13/09/2006,26
11/09/2006,26
08/09/2006,26
07/09/2006,26.1
06/09/2006,26.1
01/09/2006,25.7
31/08/2006,25.5
25/08/2006,25.3
23/08/2006,25.2
17/08/2006,25
15/08/2006,25.2
08/08/2006,25.2
01/08/2006,25.2
24/07/2006,25
28/06/2006,25
27/06/2006,25
06/06/2006,25
02/06/2006,25
01/06/2006,25
31/05/2006,25
25/05/2006,25
18/05/2006,24.6
17/05/2006,24.8
16/05/2006,25
15/05/2006,24.9
11/05/2006,24.7
10/05/2006,24.5
09/05/2006,24.3
08/05/2006,24.3
04/05/2006,23.9
28/04/2006,24
25/04/2006,24.45
12/04/2006,24.45
31/03/2006,24.5
15/03/2006,25.1
08/02/2006,25.05
03/02/2006,25.25
01/02/2006,25.1
31/01/2006,25.1
18/01/2006,25.1
17/01/2006,25.05
12/01/2006,25.1
03/01/2006,24.5
26/12/2005,24.5
21/12/2005,24.5
20/12/2005,24.5
15/12/2005,24.2
14/12/2005,23.11
24/11/2005,23
21/11/2005,23
18/11/2005,23.6
01/11/2005,23.1
31/10/2005,23.6
24/10/2005,23
10/10/2005,22.6
06/10/2005,22.6
05/10/2005,22.6
03/10/2005,23
30/09/2005,23
29/09/2005,22.5
23/09/2005,22.2
21/09/2005,22.1
20/09/2005,22
19/09/2005,22
02/09/2005,22
30/08/2005,22
29/08/2005,22
18/08/2005,22
08/08/2005,22.15
21/07/2005,22.1
15/07/2005,22.1
14/07/2005,22.1
17/06/2005,22.1
15/06/2005,22.1
09/06/2005,22.15
08/06/2005,22.1
01/06/2005,22.1
31/05/2005,22
27/05/2005,22
26/05/2005,22
19/05/2005,21
16/05/2005,20.45
11/05/2005,20.45
10/05/2005,20.41
09/05/2005,20.33
18/04/2005,20.05
07/04/2005,20.05
05/04/2005,20.05
01/04/2005,20.06
29/03/2005,20.06
28/03/2005,19.8
23/03/2005,20.04
22/03/2005,19.8
18/03/2005,19.8
16/03/2005,20
14/03/2005,21
04/03/2005,22
02/03/2005,20.51
28/02/2005,21
24/02/2005,21
22/02/2005,20.5
10/02/2005,20
07/02/2005,20
04/02/2005,20
01/02/2005,20
19/01/2005,19
17/01/2005,18.96
12/01/2005,19.02
07/01/2005,19
06/01/2005,18.9
03/01/2005,19.16
28/12/2004,19
09/12/2004,18.01
19/11/2004,17.8
15/11/2004,17.5
11/11/2004,17.52
09/11/2004,17.6
03/11/2004,17.5
02/11/2004,17.8
26/10/2004,17.5
25/10/2004,17.8
20/10/2004,17.53
06/10/2004,17.52
20/09/2004,16.54
17/09/2004,16.54
19/08/2004,16.54
17/08/2004,16.5
06/08/2004,16.5
29/07/2004,16.5
21/07/2004,16.5
07/07/2004,16.5
29/06/2004,16.5
17/06/2004,16
16/06/2004,16.5
15/06/2004,16
08/06/2004,15.8
07/06/2004,16.2
11/05/2004,15.8
10/05/2004,16
07/05/2004,16.2
06/05/2004,16.2
05/04/2004,16.2
08/03/2004,16
03/03/2004,16
01/03/2004,16
24/02/2004,15.75
19/02/2004,15.5
18/02/2004,15.4
12/02/2004,15
10/02/2004,14.6
09/02/2004,14.2
06/02/2004,14.1
04/02/2004,14.1
28/01/2004,13.51
26/01/2004,13.5
22/01/2004,13.4
09/01/2004,13
30/12/2003,12.6
25/11/2003,12.2
13/11/2003,12.2
12/11/2003,12
10/11/2003,11.5
07/11/2003,11.3
31/10/2003,11.5
24/10/2003,11.17
17/10/2003,11.2
16/10/2003,11.2
13/10/2003,11.5
10/10/2003,11.5
03/10/2003,11.5
02/10/2003,11.11
01/10/2003,11.01
30/09/2003,11.7
11/09/2003,11.4
10/09/2003,11.2
05/09/2003,11.2
02/09/2003,11
28/08/2003,10.8
27/08/2003,10.5
26/08/2003,10.5
22/08/2003,10.31
18/08/2003,10.3
14/08/2003,10.2
12/08/2003,10.2
04/08/2003,11
31/07/2003,11
28/07/2003,11
23/07/2003,10.3
21/07/2003,10.23
08/07/2003,10.7
07/07/2003,10.7
03/07/2003,10.5
01/07/2003,10.5
20/06/2003,10.8
13/06/2003,10.8
11/06/2003,10.5
06/06/2003,9.8
05/06/2003,10
04/06/2003,10
27/03/2003,10.5
17/03/2003,11.99
17/02/2003,12
24/01/2003,12
16/01/2003,12
14/01/2003,12.35
03/12/2002,12.8
02/12/2002,12.5
26/11/2002,12
21/11/2002,11.7
31/10/2002,10.7
30/10/2002,10.7
18/10/2002,10.5
16/10/2002,10.5
15/10/2002,10.48
03/10/2002,10.8
20/09/2002,10.5
19/09/2002,10.5
03/09/2002,10.85
29/08/2002,11.9
02/08/2002,11.9
05/07/2002,10.9
03/07/2002,10.9
02/07/2002,11
14/06/2002,11
30/05/2002,12
29/05/2002,12.3
24/05/2002,12.3
13/05/2002,12.05
10/05/2002,13.19
09/05/2002,12
06/05/2002,12.66
02/05/2002,12.8
24/04/2002,12.8
08/04/2002,12.8
04/04/2002,13
03/04/2002,12
02/04/2002,11.1
01/04/2002,13
27/03/2002,13
19/03/2002,13.49
14/03/2002,13.94
11/03/2002,13.94
05/03/2002,14.1
04/03/2002,14
27/02/2002,13.3
26/02/2002,13
18/02/2002,12.5
11/02/2002,12.12
30/01/2002,12.12
29/01/2002,12.13
24/01/2002,12
31/12/2001,13.5
28/12/2001,13
27/12/2001,13
26/12/2001,13
24/12/2001,13
21/12/2001,13
20/12/2001,13
18/12/2001,14
17/12/2001,13.6
14/12/2001,13.1
13/12/2001,13
11/12/2001,12.65
28/11/2001,11
27/11/2001,11.35
07/11/2001,11.1
01/11/2001,11.1
18/10/2001,11.8
17/10/2001,11.8
10/10/2001,11.1
08/10/2001,12.39
05/10/2001,12.4
02/10/2001,12.93
27/09/2001,13
26/09/2001,13.8
24/09/2001,13.75
10/09/2001,13.99
05/09/2001,14
04/09/2001,14.15
31/08/2001,14.15
30/08/2001,13.98
27/08/2001,10.9
23/08/2001,10.9
13/08/2001,12.2
10/08/2001,10.71
29/05/2001,15.47
25/05/2001,15.99
21/05/2001,15.86
03/05/2001,15.86
18/04/2001,15.98
30/03/2001,15.98
29/03/2001,15.97
28/03/2001,15.97
14/03/2001,15.97
13/03/2001,15.97
02/03/2001,16.1
23/02/2001,15.98
19/02/2001,16.1
09/02/2001,15.96
08/02/2001,15.99
23/01/2001,16.19
11/01/2001,16.4
10/01/2001,16.4
09/01/2001,16.4
08/01/2001,16.4
05/01/2001,16.4
04/01/2001,16.4
03/01/2001,16.1
