Security,NAFTRAC MM Equity                                               
Start Date,16/04/2002 00:00
End Date,02/01/2019 00:00
Period,D
Currency,MXN
,
Date,PRECIO
02/01/2019,42.43
31/12/2018,41.56
28/12/2018,41.46
27/12/2018,41.39
26/12/2018,41.69
24/12/2018,41.47
21/12/2018,41.59
20/12/2018,41.8
19/12/2018,41.5
18/12/2018,41.04
17/12/2018,40.47
14/12/2018,41.38
13/12/2018,41.61
11/12/2018,40.98
10/12/2018,41.43
07/12/2018,41.98
06/12/2018,42.04
05/12/2018,41.92
04/12/2018,41.9
03/12/2018,42.12
30/11/2018,41.83
29/11/2018,41.99
28/11/2018,41.08
27/11/2018,40.01
26/11/2018,39.67
23/11/2018,41.28
22/11/2018,41.42
21/11/2018,41.66
20/11/2018,41.88
16/11/2018,42.39
15/11/2018,41.49
14/11/2018,42.43
13/11/2018,42.5
12/11/2018,43.37
09/11/2018,44.34
08/11/2018,44.3
07/11/2018,46.88
06/11/2018,46.33
05/11/2018,46.82
01/11/2018,45.38
31/10/2018,43.86
30/10/2018,43.51
29/10/2018,43.82
26/10/2018,45.77
25/10/2018,46.18
24/10/2018,45.89
23/10/2018,46.39
22/10/2018,46.92
19/10/2018,47.33
18/10/2018,46.97
17/10/2018,47.83
16/10/2018,48.09
15/10/2018,47.68
12/10/2018,47.37
11/10/2018,47.5
10/10/2018,48.07
09/10/2018,48.42
08/10/2018,48
05/10/2018,48.01
04/10/2018,48.63
03/10/2018,48.95
02/10/2018,49.32
01/10/2018,49.74
28/09/2018,49.41
27/09/2018,49.54
26/09/2018,49.53
25/09/2018,49.63
24/09/2018,49.34
21/09/2018,49.26
20/09/2018,49.51
19/09/2018,49.6
18/09/2018,49.64
17/09/2018,49.4
14/09/2018,49.62
13/09/2018,49.7
12/09/2018,49.25
11/09/2018,48.89
10/09/2018,48.79
07/09/2018,48.95
06/09/2018,48.73
05/09/2018,48.61
04/09/2018,48.91
03/09/2018,49.55
31/08/2018,49.52
30/08/2018,49.66
29/08/2018,50.18
28/08/2018,50.05
27/08/2018,50.43
24/08/2018,49.64
23/08/2018,49.75
22/08/2018,49.87
21/08/2018,49.34
20/08/2018,48.74
17/08/2018,48.26
16/08/2018,47.99
15/08/2018,48.48
14/08/2018,49.01
13/08/2018,48.69
10/08/2018,48.3
09/08/2018,49.19
08/08/2018,49.83
07/08/2018,49.86
06/08/2018,49.22
03/08/2018,49.24
02/08/2018,48.98
01/08/2018,49.34
31/07/2018,49.6
30/07/2018,49.64
27/07/2018,49.61
26/07/2018,49.46
25/07/2018,49.61
24/07/2018,49.52
23/07/2018,48.89
20/07/2018,48.94
19/07/2018,48.76
18/07/2018,49.02
17/07/2018,48.77
16/07/2018,48.48
13/07/2018,48.47
12/07/2018,48.77
11/07/2018,49.01
10/07/2018,48.97
09/07/2018,49.21
06/07/2018,48.97
05/07/2018,48.54
04/07/2018,47.33
03/07/2018,47.05
02/07/2018,46.65
29/06/2018,47.64
28/06/2018,47.02
27/06/2018,46.85
26/06/2018,47.1
25/06/2018,46.96
22/06/2018,46.94
21/06/2018,46.68
20/06/2018,46.97
19/06/2018,46.7
18/06/2018,46.87
15/06/2018,47.1
14/06/2018,47.37
13/06/2018,46.92
12/06/2018,46.84
11/06/2018,46.48
08/06/2018,46.11
07/06/2018,45.66
06/06/2018,45.2
05/06/2018,45.15
04/06/2018,45.27
01/06/2018,45.05
31/05/2018,44.74
30/05/2018,44.77
29/05/2018,44.68
28/05/2018,45.01
25/05/2018,45.24
24/05/2018,45.56
23/05/2018,45.89
22/05/2018,45.72
21/05/2018,45.39
18/05/2018,45.75
17/05/2018,45.87
16/05/2018,46.48
15/05/2018,46.32
14/05/2018,46.58
11/05/2018,46.8
10/05/2018,46.61
09/05/2018,46.37
08/05/2018,46.75
07/05/2018,46.53
04/05/2018,47.03
03/05/2018,47.13
02/05/2018,47.81
30/04/2018,48.3
27/04/2018,48.24
26/04/2018,48.24
25/04/2018,48.01
24/04/2018,48.01
23/04/2018,48.41
20/04/2018,48.37
19/04/2018,48.67
18/04/2018,49.05
17/04/2018,48.84
16/04/2018,48.37
13/04/2018,48.72
12/04/2018,48.73
11/04/2018,48.48
10/04/2018,48.28
09/04/2018,47.99
06/04/2018,47.85
05/04/2018,47.88
04/04/2018,47.42
03/04/2018,46.62
02/04/2018,45.75
28/03/2018,46.05
27/03/2018,46.71
26/03/2018,46.82
23/03/2018,46.53
22/03/2018,47.34
21/03/2018,47.54
20/03/2018,47.09
16/03/2018,47.49
15/03/2018,47.84
14/03/2018,48.18
13/03/2018,48.56
12/03/2018,48.67
09/03/2018,48.54
08/03/2018,48.24
07/03/2018,47.68
06/03/2018,47.86
05/03/2018,47.71
02/03/2018,47.53
01/03/2018,47.58
28/02/2018,47.41
27/02/2018,47.92
26/02/2018,48.43
23/02/2018,48.58
22/02/2018,48.88
21/02/2018,48.47
20/02/2018,48.62
19/02/2018,48.89
16/02/2018,48.82
15/02/2018,48.73
14/02/2018,48.31
13/02/2018,47.84
12/02/2018,47.75
09/02/2018,47.76
08/02/2018,47.8
07/02/2018,48.9
06/02/2018,49.26
02/02/2018,50.33
01/02/2018,50.49
31/01/2018,50.39
30/01/2018,50.31
29/01/2018,50.56
26/01/2018,50.99
25/01/2018,50.68
24/01/2018,50.69
23/01/2018,50.21
22/01/2018,49.9
19/01/2018,49.65
18/01/2018,49.86
17/01/2018,49.66
16/01/2018,49.42
15/01/2018,49.31
12/01/2018,49.06
11/01/2018,48.76
10/01/2018,48.7
09/01/2018,49.65
08/01/2018,49.95
05/01/2018,49.82
04/01/2018,49.71
03/01/2018,49.72
02/01/2018,49.95
29/12/2017,49.25
28/12/2017,48.79
27/12/2017,48.6
26/12/2017,48.5
22/12/2017,48.46
21/12/2017,48.52
20/12/2017,48.39
19/12/2017,48.45
18/12/2017,48.66
15/12/2017,48.11
14/12/2017,48.22
13/12/2017,48.27
11/12/2017,47.68
08/12/2017,47.58
07/12/2017,47
06/12/2017,46.98
05/12/2017,47.48
04/12/2017,47.17
01/12/2017,47.28
30/11/2017,47.1
29/11/2017,47.67
28/11/2017,47.25
27/11/2017,47.42
24/11/2017,48.07
23/11/2017,48.2
22/11/2017,48.28
21/11/2017,48.26
17/11/2017,47.96
16/11/2017,47.82
15/11/2017,47.78
14/11/2017,47.98
13/11/2017,48.11
10/11/2017,48.12
09/11/2017,48.81
08/11/2017,48.87
07/11/2017,49.03
06/11/2017,49.01
03/11/2017,48.58
01/11/2017,48.32
31/10/2017,48.65
30/10/2017,48.84
27/10/2017,49.15
26/10/2017,48.93
25/10/2017,48.86
24/10/2017,50.12
23/10/2017,49.5
20/10/2017,49.94
19/10/2017,49.99
18/10/2017,49.9
17/10/2017,50.15
16/10/2017,49.67
13/10/2017,49.96
12/10/2017,49.92
11/10/2017,50.07
10/10/2017,49.91
09/10/2017,50.04
06/10/2017,50.27
05/10/2017,50.45
04/10/2017,50.5
03/10/2017,50.57
02/10/2017,50.43
29/09/2017,50.3
28/09/2017,50.1
27/09/2017,50.09
26/09/2017,50.37
25/09/2017,50.36
22/09/2017,50.31
21/09/2017,50.5
20/09/2017,50.4
19/09/2017,50.14
18/09/2017,50.22
15/09/2017,49.9
14/09/2017,50.07
13/09/2017,50.16
12/09/2017,50.44
11/09/2017,50.35
08/09/2017,50.08
07/09/2017,50.26
06/09/2017,50.49
05/09/2017,50.29
04/09/2017,50.76
01/09/2017,51.07
31/08/2017,51.19
30/08/2017,51.17
29/08/2017,51.28
28/08/2017,51.22
25/08/2017,51.4
24/08/2017,51.48
23/08/2017,51.29
22/08/2017,51.35
21/08/2017,51.26
18/08/2017,51.07
17/08/2017,50.98
16/08/2017,51.14
15/08/2017,51.32
14/08/2017,51.15
11/08/2017,50.63
10/08/2017,50.88
09/08/2017,51.2
08/08/2017,51.28
07/08/2017,51.36
04/08/2017,51.31
03/08/2017,51.27
02/08/2017,51.2
01/08/2017,51.2
31/07/2017,51.04
28/07/2017,51.21
27/07/2017,51.25
26/07/2017,51.59
25/07/2017,51.92
24/07/2017,51.88
21/07/2017,51.76
20/07/2017,51.36
19/07/2017,51.28
18/07/2017,51.32
17/07/2017,51.55
14/07/2017,51.34
13/07/2017,51.18
12/07/2017,51.02
11/07/2017,50.64
10/07/2017,50.75
07/07/2017,50.21
06/07/2017,50.16
05/07/2017,50.45
04/07/2017,50.16
03/07/2017,50.2
30/06/2017,50.01
29/06/2017,49.32
28/06/2017,49.49
27/06/2017,49.21
26/06/2017,49.36
23/06/2017,49.03
22/06/2017,49.07
21/06/2017,49.02
20/06/2017,49.11
19/06/2017,49.23
16/06/2017,49.35
15/06/2017,49.19
14/06/2017,49.34
13/06/2017,49.06
12/06/2017,49.16
09/06/2017,49.1
08/06/2017,49.12
07/06/2017,49.3
06/06/2017,49.25
05/06/2017,49.61
02/06/2017,49.33
01/06/2017,49.11
31/05/2017,48.81
30/05/2017,49.3
29/05/2017,49.5
26/05/2017,49.66
25/05/2017,49.63
24/05/2017,49.7
23/05/2017,49.26
22/05/2017,49.15
19/05/2017,49.28
18/05/2017,48.54
17/05/2017,48.97
16/05/2017,49.67
15/05/2017,49.88
12/05/2017,49.66
11/05/2017,49.75
10/05/2017,50.12
09/05/2017,50.11
08/05/2017,49.68
05/05/2017,49.64
04/05/2017,49.17
03/05/2017,49.26
02/05/2017,49.76
28/04/2017,49.38
27/04/2017,49.56
26/04/2017,49.67
25/04/2017,49.9
24/04/2017,49.52
21/04/2017,49.1
20/04/2017,49.14
19/04/2017,48.85
18/04/2017,48.72
17/04/2017,48.98
12/04/2017,48.94
11/04/2017,49.63
10/04/2017,49.51
07/04/2017,49.31
06/04/2017,48.99
05/04/2017,49.17
04/04/2017,49.29
03/04/2017,48.83
31/03/2017,48.52
30/03/2017,48.83
29/03/2017,49
28/03/2017,49.29
27/03/2017,49.37
24/03/2017,49.16
23/03/2017,48.73
22/03/2017,48.55
21/03/2017,48.65
17/03/2017,48.65
16/03/2017,48.12
15/03/2017,47.53
14/03/2017,47.15
13/03/2017,47.15
10/03/2017,47.18
09/03/2017,47.34
08/03/2017,47.6
07/03/2017,47.5
06/03/2017,47.95
03/03/2017,47.46
02/03/2017,47.33
01/03/2017,47.42
28/02/2017,46.86
27/02/2017,47.34
24/02/2017,47.06
23/02/2017,47.2
22/02/2017,47.17
21/02/2017,47.57
20/02/2017,47.03
17/02/2017,47.15
16/02/2017,47.26
15/02/2017,47.1
14/02/2017,47.37
13/02/2017,47.6
10/02/2017,47.76
09/02/2017,47.15
08/02/2017,46.87
07/02/2017,46.69
03/02/2017,47.19
02/02/2017,47.07
01/02/2017,46.98
31/01/2017,46.97
30/01/2017,47.04
27/01/2017,47.4
26/01/2017,47.54
25/01/2017,48.27
24/01/2017,48.18
23/01/2017,47.14
20/01/2017,46.33
19/01/2017,46.27
18/01/2017,46.36
17/01/2017,46.01
16/01/2017,45.79
13/01/2017,46.2
12/01/2017,46.07
11/01/2017,45.95
10/01/2017,45.91
09/01/2017,45.55
06/01/2017,46.08
05/01/2017,46.75
04/01/2017,46.59
03/01/2017,46.12
02/01/2017,45.62
30/12/2016,45.63
29/12/2016,45.93
28/12/2016,45.6
27/12/2016,45.29
26/12/2016,45.13
23/12/2016,45.14
22/12/2016,45
21/12/2016,44.99
20/12/2016,44.91
19/12/2016,44.86
16/12/2016,45.08
15/12/2016,45.87
14/12/2016,46.18
13/12/2016,46.81
09/12/2016,46.86
08/12/2016,46.31
07/12/2016,45.57
06/12/2016,45.04
05/12/2016,44.88
02/12/2016,44.52
01/12/2016,44.84
30/11/2016,45.35
29/11/2016,45.33
28/11/2016,45.45
25/11/2016,45.29
24/11/2016,45.34
23/11/2016,45.3
22/11/2016,44.97
18/11/2016,44.47
17/11/2016,45.01
16/11/2016,45.04
15/11/2016,45.1
14/11/2016,45.37
11/11/2016,45
10/11/2016,45.32
09/11/2016,47.42
08/11/2016,48.48
07/11/2016,48.07
04/11/2016,46.71
03/11/2016,46.67
01/11/2016,47.29
31/10/2016,48
28/10/2016,47.99
27/10/2016,48.05
26/10/2016,47.75
25/10/2016,48.05
24/10/2016,48.38
21/10/2016,48.35
20/10/2016,48.22
19/10/2016,48.44
18/10/2016,48.04
17/10/2016,47.59
14/10/2016,47.64
13/10/2016,47.69
12/10/2016,47.86
11/10/2016,47.95
10/10/2016,48.2
07/10/2016,47.55
06/10/2016,47.88
05/10/2016,48.09
04/10/2016,47.86
03/10/2016,47.56
30/09/2016,47.21
29/09/2016,47.6
28/09/2016,47.97
27/09/2016,47.66
26/09/2016,47.28
23/09/2016,47.75
22/09/2016,47.98
21/09/2016,46.96
20/09/2016,46.35
19/09/2016,45.91
15/09/2016,45.94
14/09/2016,45.8
13/09/2016,46.18
12/09/2016,46.73
09/09/2016,46.52
08/09/2016,47.45
07/09/2016,47.42
06/09/2016,47.62
05/09/2016,47.86
02/09/2016,47.82
01/09/2016,47.6
31/08/2016,47.73
30/08/2016,47.73
29/08/2016,47.66
26/08/2016,47.45
25/08/2016,47.76
24/08/2016,47.78
23/08/2016,47.65
22/08/2016,48.3
19/08/2016,48.3
18/08/2016,48.4
17/08/2016,48.25
16/08/2016,48.29
15/08/2016,48.6
12/08/2016,48.3
11/08/2016,48.16
10/08/2016,47.64
09/08/2016,47.49
08/08/2016,47.2
05/08/2016,47.09
04/08/2016,46.76
03/08/2016,46.67
02/08/2016,46.4
01/08/2016,46.58
29/07/2016,46.52
28/07/2016,46.69
27/07/2016,46.6
26/07/2016,46.78
25/07/2016,46.99
22/07/2016,47.47
21/07/2016,47.24
20/07/2016,47.47
19/07/2016,46.91
18/07/2016,46.85
15/07/2016,46.62
14/07/2016,46.36
13/07/2016,46.16
12/07/2016,46.32
11/07/2016,46.07
08/07/2016,45.63
07/07/2016,45.3
06/07/2016,45.18
05/07/2016,45.73
04/07/2016,46.08
01/07/2016,46.16
30/06/2016,45.86
29/06/2016,45.43
28/06/2016,44.71
27/06/2016,44.35
24/06/2016,44.96
23/06/2016,46.24
22/06/2016,45.85
21/06/2016,45.71
20/06/2016,45.8
17/06/2016,45.36
16/06/2016,45.28
15/06/2016,45.06
14/06/2016,44.62
13/06/2016,45
10/06/2016,45.26
09/06/2016,45.79
08/06/2016,46.27
07/06/2016,46.13
06/06/2016,45.96
03/06/2016,45.96
02/06/2016,45.57
01/06/2016,45.6
31/05/2016,45.49
30/05/2016,46.12
27/05/2016,46.17
26/05/2016,46.09
25/05/2016,45.92
24/05/2016,45.75
23/05/2016,45.44
20/05/2016,45.35
19/05/2016,45.23
18/05/2016,45.73
17/05/2016,46.08
16/05/2016,46.02
13/05/2016,45.63
12/05/2016,45.87
11/05/2016,45.71
10/05/2016,45.88
09/05/2016,45.44
06/05/2016,45.38
05/05/2016,45.31
04/05/2016,45.5
03/05/2016,45.82
02/05/2016,45.89
29/04/2016,45.91
28/04/2016,45.64
27/04/2016,46.04
26/04/2016,45.52
25/04/2016,45.65
22/04/2016,45.72
21/04/2016,45.64
20/04/2016,45.67
19/04/2016,45.8
18/04/2016,45.06
15/04/2016,45.55
14/04/2016,45.43
13/04/2016,45.43
12/04/2016,45.11
11/04/2016,44.77
08/04/2016,44.89
07/04/2016,45.06
06/04/2016,45.33
05/04/2016,45.21
04/04/2016,45.7
01/04/2016,46.06
31/03/2016,45.89
30/03/2016,46.21
29/03/2016,45.89
28/03/2016,45.62
23/03/2016,45.66
22/03/2016,45.68
18/03/2016,45.53
17/03/2016,45.51
16/03/2016,44.81
15/03/2016,44.3
14/03/2016,44.74
11/03/2016,44.82
10/03/2016,44.4
09/03/2016,44.53
08/03/2016,44.56
07/03/2016,45.01
04/03/2016,44.92
03/03/2016,44.8
02/03/2016,44.67
01/03/2016,44.26
29/02/2016,43.74
26/02/2016,43.49
25/02/2016,43.47
24/02/2016,43.21
23/02/2016,43.24
22/02/2016,43.56
19/02/2016,43.38
18/02/2016,43.57
17/02/2016,43.62
16/02/2016,43.1
15/02/2016,43.15
12/02/2016,42.44
11/02/2016,42.36
10/02/2016,42.58
09/02/2016,42.43
08/02/2016,42.78
05/02/2016,43.22
04/02/2016,43.73
03/02/2016,43.26
02/02/2016,43.11
29/01/2016,43.6
28/01/2016,42.39
27/01/2016,42.11
26/01/2016,41.91
25/01/2016,41.47
22/01/2016,41.63
21/01/2016,41.17
20/01/2016,40.84
19/01/2016,40.79
18/01/2016,40.62
15/01/2016,40.92
14/01/2016,41.35
13/01/2016,41.04
12/01/2016,41
11/01/2016,40.75
08/01/2016,40.25
07/01/2016,40.64
06/01/2016,41.69
05/01/2016,42.07
04/01/2016,42.13
31/12/2015,43.05
30/12/2015,42.99
29/12/2015,43.38
28/12/2015,43.39
24/12/2015,43.53
23/12/2015,43.61
22/12/2015,43.36
21/12/2015,43.18
18/12/2015,43.01
17/12/2015,43.57
16/12/2015,43.45
15/12/2015,42.97
14/12/2015,41.95
11/12/2015,42.03
10/12/2015,42.49
09/12/2015,42.45
08/12/2015,42.3
07/12/2015,42.71
04/12/2015,43.02
03/12/2015,43.06
02/12/2015,43.44
01/12/2015,44.01
30/11/2015,43.51
27/11/2015,44.22
26/11/2015,44.41
25/11/2015,44.15
24/11/2015,44.75
23/11/2015,44.96
20/11/2015,45.08
19/11/2015,44.8
18/11/2015,44.63
17/11/2015,44.33
13/11/2015,43.76
12/11/2015,44.24
11/11/2015,44.5
10/11/2015,44.51
09/11/2015,44.55
06/11/2015,45.31
05/11/2015,45.28
04/11/2015,45.46
03/11/2015,45.42
30/10/2015,44.62
29/10/2015,44.65
28/10/2015,44.77
27/10/2015,44.69
26/10/2015,45.05
23/10/2015,45
22/10/2015,44.64
21/10/2015,44.43
20/10/2015,44.65
19/10/2015,44.52
16/10/2015,44.36
15/10/2015,44.09
14/10/2015,44.09
13/10/2015,44.32
12/10/2015,44.31
09/10/2015,44.38
08/10/2015,44.1
07/10/2015,43.84
06/10/2015,43.56
05/10/2015,43.57
02/10/2015,42.75
01/10/2015,42.7
30/09/2015,42.62
29/09/2015,42.14
28/09/2015,41.94
25/09/2015,42.44
24/09/2015,42.72
23/09/2015,43.18
22/09/2015,43.37
21/09/2015,43.62
18/09/2015,43.54
17/09/2015,43.77
15/09/2015,43.26
14/09/2015,42.81
11/09/2015,42.8
10/09/2015,42.9
09/09/2015,42.77
08/09/2015,43.11
07/09/2015,42.77
04/09/2015,42.78
03/09/2015,43.3
02/09/2015,42.99
01/09/2015,42.92
31/08/2015,43.61
28/08/2015,43.3
27/08/2015,43.46
26/08/2015,42.34
25/08/2015,42.06
24/08/2015,41.59
21/08/2015,42.3
20/08/2015,43.11
19/08/2015,43.49
18/08/2015,43.92
17/08/2015,44.01
14/08/2015,43.78
13/08/2015,43.91
12/08/2015,44.11
11/08/2015,44.45
10/08/2015,45.37
07/08/2015,44.9
06/08/2015,44.97
05/08/2015,44.97
04/08/2015,45.21
03/08/2015,44.92
31/07/2015,44.75
30/07/2015,44.39
29/07/2015,44.47
28/07/2015,44.24
27/07/2015,43.78
24/07/2015,44.33
23/07/2015,44.92
22/07/2015,44.73
21/07/2015,45.47
20/07/2015,45.64
17/07/2015,45.4
16/07/2015,45.43
15/07/2015,45.18
14/07/2015,45.2
13/07/2015,45
10/07/2015,44.94
09/07/2015,44.57
08/07/2015,44.52
07/07/2015,45.03
06/07/2015,44.8
03/07/2015,45.14
02/07/2015,45.2
01/07/2015,44.96
30/06/2015,45.04
29/06/2015,44.69
26/06/2015,45.58
25/06/2015,45.41
24/06/2015,45.46
23/06/2015,45.52
22/06/2015,45.3
19/06/2015,45.04
18/06/2015,45.18
17/06/2015,44.83
16/06/2015,44.75
15/06/2015,44.44
12/06/2015,44.72
11/06/2015,44.65
10/06/2015,44.6
09/06/2015,44.56
08/06/2015,44.58
05/06/2015,44.6
04/06/2015,44.6
03/06/2015,44.77
02/06/2015,44.95
01/06/2015,44.81
29/05/2015,44.76
28/05/2015,44.86
27/05/2015,44.71
26/05/2015,44.44
25/05/2015,45.01
22/05/2015,44.99
21/05/2015,45.25
20/05/2015,45.41
19/05/2015,45.44
18/05/2015,45.54
15/05/2015,45.47
14/05/2015,45.42
13/05/2015,45.18
12/05/2015,45.07
11/05/2015,45.31
08/05/2015,45.23
07/05/2015,44.87
06/05/2015,44.96
05/05/2015,45.18
04/05/2015,45.34
30/04/2015,44.63
29/04/2015,45.02
28/04/2015,45.37
27/04/2015,45.52
24/04/2015,45.92
23/04/2015,45.53
22/04/2015,45.29
21/04/2015,45.33
20/04/2015,45.1
17/04/2015,45.03
16/04/2015,45.49
15/04/2015,45.28
14/04/2015,45.03
13/04/2015,45.02
10/04/2015,44.91
09/04/2015,44.98
08/04/2015,45.02
07/04/2015,45.04
06/04/2015,44.89
01/04/2015,44.19
31/03/2015,43.71
30/03/2015,43.93
27/03/2015,43.64
26/03/2015,43.26
25/03/2015,43.59
24/03/2015,44.06
23/03/2015,43.95
20/03/2015,44.02
19/03/2015,44.15
18/03/2015,44.38
17/03/2015,43.79
13/03/2015,44.01
12/03/2015,44.06
11/03/2015,43.23
10/03/2015,43.01
09/03/2015,43.26
06/03/2015,43.24
05/03/2015,43.49
04/03/2015,43.28
03/03/2015,43.61
02/03/2015,43.94
27/02/2015,44.19
26/02/2015,44.39
25/02/2015,43.83
24/02/2015,43.94
23/02/2015,43.71
20/02/2015,43.6
19/02/2015,43.29
18/02/2015,43.09
17/02/2015,43.3
16/02/2015,42.93
13/02/2015,43.1
12/02/2015,43
11/02/2015,41.91
10/02/2015,42.63
09/02/2015,42.8
06/02/2015,42.7
05/02/2015,42.44
04/02/2015,41.68
03/02/2015,41.53
30/01/2015,40.92
29/01/2015,41.85
28/01/2015,42.18
27/01/2015,42.65
26/01/2015,42.73
23/01/2015,42.64
22/01/2015,43.13
21/01/2015,42.5
20/01/2015,41.74
19/01/2015,41.26
16/01/2015,41.39
15/01/2015,41.02
14/01/2015,40.97
13/01/2015,41.5
12/01/2015,41.83
09/01/2015,42.38
08/01/2015,42.41
07/01/2015,41.81
06/01/2015,41.31
05/01/2015,41.05
02/01/2015,42.09
31/12/2014,43.1
30/12/2014,43.27
29/12/2014,43.17
26/12/2014,42.97
24/12/2014,43.04
23/12/2014,43.14
22/12/2014,42.84
19/12/2014,42.55
18/12/2014,42.48
17/12/2014,40.98
16/12/2014,40.19
15/12/2014,40.29
11/12/2014,41.72
10/12/2014,41.33
09/12/2014,42.33
08/12/2014,42.93
05/12/2014,43.21
04/12/2014,42.82
03/12/2014,43.1
02/12/2014,43.03
01/12/2014,43.4
28/11/2014,44.21
27/11/2014,44.71
26/11/2014,44.7
25/11/2014,44.45
24/11/2014,44.62
21/11/2014,44.65
20/11/2014,44.18
19/11/2014,44.12
18/11/2014,43.47
14/11/2014,43.39
13/11/2014,43.73
12/11/2014,43.74
11/11/2014,44.3
10/11/2014,44.52
07/11/2014,44.62
06/11/2014,44.85
05/11/2014,45.11
04/11/2014,44.9
03/11/2014,45.16
31/10/2014,45
30/10/2014,44.6
29/10/2014,44.24
28/10/2014,44.07
27/10/2014,43.79
24/10/2014,43.67
23/10/2014,43.7
22/10/2014,43.46
21/10/2014,43.61
20/10/2014,43.23
17/10/2014,43.3
16/10/2014,42.94
15/10/2014,43.02
14/10/2014,43.18
13/10/2014,43.13
10/10/2014,43.41
09/10/2014,44.11
08/10/2014,44.54
07/10/2014,44.54
06/10/2014,44.82
03/10/2014,44.66
02/10/2014,44.25
01/10/2014,44.41
30/09/2014,44.95
29/09/2014,44.9
26/09/2014,44.9
25/09/2014,44.76
24/09/2014,45.15
23/09/2014,45
22/09/2014,45.28
19/09/2014,45.75
18/09/2014,46.19
17/09/2014,46.05
15/09/2014,45.88
12/09/2014,45.81
11/09/2014,45.65
10/09/2014,45.88
09/09/2014,45.91
08/09/2014,46.38
05/09/2014,46.26
04/09/2014,46.3
03/09/2014,46.03
02/09/2014,45.84
01/09/2014,45.48
29/08/2014,45.64
28/08/2014,45.47
27/08/2014,45.59
26/08/2014,45.44
25/08/2014,45.47
22/08/2014,45.34
21/08/2014,45.39
20/08/2014,45.22
19/08/2014,44.97
18/08/2014,44.84
15/08/2014,44.61
14/08/2014,44.77
13/08/2014,44.72
12/08/2014,44.72
11/08/2014,44.68
08/08/2014,44.08
07/08/2014,44.13
06/08/2014,44.46
05/08/2014,44.46
04/08/2014,44.57
01/08/2014,44
31/07/2014,43.81
30/07/2014,44.29
29/07/2014,44.49
28/07/2014,44.55
25/07/2014,44.42
24/07/2014,44.44
23/07/2014,44.18
22/07/2014,44.24
21/07/2014,44.15
18/07/2014,44.26
17/07/2014,43.91
16/07/2014,44
15/07/2014,43.97
14/07/2014,43.93
11/07/2014,43.46
10/07/2014,43.45
09/07/2014,43.66
08/07/2014,43.37
07/07/2014,43.48
04/07/2014,43.58
03/07/2014,43.64
02/07/2014,43.25
01/07/2014,42.84
30/06/2014,42.71
27/06/2014,42.46
26/06/2014,42.59
25/06/2014,42.85
24/06/2014,42.86
23/06/2014,42.92
20/06/2014,42.86
19/06/2014,42.98
18/06/2014,42.8
17/06/2014,42.6
16/06/2014,42.58
13/06/2014,42.51
12/06/2014,42.59
11/06/2014,42.92
10/06/2014,43.02
09/06/2014,42.99
06/06/2014,42.78
05/06/2014,42.16
04/06/2014,41.93
03/06/2014,42.11
02/06/2014,41.92
30/05/2014,41.39
29/05/2014,41.99
28/05/2014,41.97
27/05/2014,41.95
26/05/2014,41.99
23/05/2014,41.89
22/05/2014,41.97
21/05/2014,41.82
20/05/2014,41.78
19/05/2014,41.86
16/05/2014,41.9
15/05/2014,41.56
14/05/2014,42.11
13/05/2014,42.25
12/05/2014,42.11
09/05/2014,41.65
08/05/2014,41.63
07/05/2014,41.83
06/05/2014,41.48
05/05/2014,41.06
02/05/2014,40.94
30/04/2014,40.68
29/04/2014,40.7
28/04/2014,40.12
25/04/2014,40.19
24/04/2014,40.4
23/04/2014,40.28
22/04/2014,40.47
21/04/2014,40.66
16/04/2014,40.88
15/04/2014,40.48
14/04/2014,40.53
11/04/2014,40.36
10/04/2014,40.44
09/04/2014,40.94
08/04/2014,40.91
07/04/2014,40.57
04/04/2014,40.59
03/04/2014,40.52
02/04/2014,40.9
01/04/2014,40.45
31/03/2014,40.44
28/03/2014,40.04
27/03/2014,39.89
26/03/2014,39.75
25/03/2014,39.78
24/03/2014,39.83
21/03/2014,40.03
20/03/2014,39.56
19/03/2014,38.79
18/03/2014,38.82
14/03/2014,37.93
13/03/2014,38.02
12/03/2014,38.63
11/03/2014,38.69
10/03/2014,38.67
07/03/2014,38.9
06/03/2014,39.16
05/03/2014,39.03
04/03/2014,39.07
03/03/2014,38.52
28/02/2014,38.78
27/02/2014,38.95
26/02/2014,38.6
25/02/2014,39.01
24/02/2014,39.79
21/02/2014,39.7
20/02/2014,39.68
19/02/2014,39.99
18/02/2014,40.45
17/02/2014,40.7
14/02/2014,40.7
13/02/2014,40.3
12/02/2014,40.67
11/02/2014,40.78
10/02/2014,40.1
07/02/2014,40.49
06/02/2014,40.31
05/02/2014,39.9
04/02/2014,40.06
31/01/2014,40.86
30/01/2014,41
29/01/2014,40.69
28/01/2014,40.65
27/01/2014,40.85
24/01/2014,40.95
23/01/2014,41.51
22/01/2014,42.04
21/01/2014,41.85
20/01/2014,41.96
17/01/2014,41.91
16/01/2014,42.16
15/01/2014,42.55
14/01/2014,42.41
13/01/2014,42.15
10/01/2014,42.43
09/01/2014,41.61
08/01/2014,41.5
07/01/2014,41.78
06/01/2014,41.51
03/01/2014,42.07
02/01/2014,42.18
31/12/2013,42.68
30/12/2013,42.94
27/12/2013,42.75
26/12/2013,42.56
24/12/2013,42.61
23/12/2013,42.51
20/12/2013,42.22
19/12/2013,42.18
18/12/2013,42.07
17/12/2013,41.73
16/12/2013,42.05
13/12/2013,41.87
11/12/2013,42.29
10/12/2013,42.47
09/12/2013,42.28
06/12/2013,41.92
05/12/2013,41.91
04/12/2013,42.05
03/12/2013,41.91
02/12/2013,42.15
29/11/2013,42.42
28/11/2013,42.15
27/11/2013,41.84
26/11/2013,40.99
25/11/2013,40.96
22/11/2013,41.17
21/11/2013,40.97
20/11/2013,40.74
19/11/2013,40.66
15/11/2013,41.04
14/11/2013,40.33
13/11/2013,39.73
12/11/2013,39.56
11/11/2013,39.7
08/11/2013,39.85
07/11/2013,40
06/11/2013,40.26
05/11/2013,40.27
04/11/2013,41
01/11/2013,41.07
31/10/2013,41
30/10/2013,40.99
29/10/2013,41.24
28/10/2013,41.14
25/10/2013,40.66
24/10/2013,40.22
23/10/2013,40.52
22/10/2013,40.8
21/10/2013,40.33
18/10/2013,40.38
17/10/2013,40.18
16/10/2013,40.34
15/10/2013,40.2
14/10/2013,40.86
11/10/2013,40.98
10/10/2013,40.48
09/10/2013,39.87
08/10/2013,39.91
07/10/2013,40.45
04/10/2013,40.92
03/10/2013,40.82
02/10/2013,41.3
01/10/2013,41.37
30/09/2013,40.16
27/09/2013,40.93
26/09/2013,41.38
25/09/2013,41.75
24/09/2013,41.21
23/09/2013,41.27
20/09/2013,41.2
19/09/2013,41.7
18/09/2013,41.93
17/09/2013,41.06
13/09/2013,41.06
12/09/2013,40.75
11/09/2013,41.58
10/09/2013,41.74
09/09/2013,40.98
06/09/2013,39.9
05/09/2013,39.66
04/09/2013,39.75
03/09/2013,39.55
02/09/2013,40.05
30/08/2013,39.37
29/08/2013,39.16
28/08/2013,39.26
27/08/2013,39.66
26/08/2013,40.41
23/08/2013,40.92
22/08/2013,40.98
21/08/2013,41.41
20/08/2013,41.77
19/08/2013,41.44
16/08/2013,42.02
15/08/2013,42.16
14/08/2013,42.44
13/08/2013,42.29
12/08/2013,42.09
09/08/2013,42.68
08/08/2013,42.73
07/08/2013,42.26
06/08/2013,41.9
05/08/2013,41.93
02/08/2013,42.07
01/08/2013,41.94
31/07/2013,40.8
30/07/2013,40.27
29/07/2013,40.42
26/07/2013,41.1
25/07/2013,40.9
24/07/2013,40.89
23/07/2013,40.72
22/07/2013,40.14
19/07/2013,39.91
18/07/2013,40.2
17/07/2013,40.24
16/07/2013,39.64
15/07/2013,40.29
12/07/2013,40.29
11/07/2013,40.48
10/07/2013,39.98
09/07/2013,40.21
08/07/2013,40.12
05/07/2013,40.63
04/07/2013,41.25
03/07/2013,40.81
02/07/2013,40.85
01/07/2013,41.2
28/06/2013,40.58
27/06/2013,39.65
26/06/2013,38.74
25/06/2013,37.94
24/06/2013,37.54
21/06/2013,37.99
20/06/2013,37.45
19/06/2013,38.97
18/06/2013,39.44
17/06/2013,39.6
14/06/2013,39.26
13/06/2013,39.49
12/06/2013,39.49
11/06/2013,39.89
10/06/2013,40.74
07/06/2013,40.28
06/06/2013,40.58
05/06/2013,40.2
04/06/2013,40.79
03/06/2013,41.1
31/05/2013,41.56
30/05/2013,41.02
29/05/2013,40.79
28/05/2013,40.71
27/05/2013,40.2
24/05/2013,40.52
23/05/2013,40.51
22/05/2013,40.13
21/05/2013,40.56
20/05/2013,41.1
17/05/2013,41.78
16/05/2013,41.79
15/05/2013,41.89
14/05/2013,41.9
13/05/2013,41.79
10/05/2013,41.73
09/05/2013,41.71
08/05/2013,42.13
07/05/2013,42.39
06/05/2013,42.21
03/05/2013,42.57
02/05/2013,42.09
30/04/2013,42.26
29/04/2013,41.89
26/04/2013,41.93
25/04/2013,42.52
24/04/2013,42.29
23/04/2013,43.07
22/04/2013,42.89
19/04/2013,42.76
18/04/2013,42.49
17/04/2013,42.6
16/04/2013,43.23
15/04/2013,43
12/04/2013,44
11/04/2013,44.4
10/04/2013,44.41
09/04/2013,43.99
08/04/2013,43.42
05/04/2013,43.25
04/04/2013,43.55
03/04/2013,43.68
02/04/2013,44.1
01/04/2013,43.94
27/03/2013,44.09
26/03/2013,43.66
25/03/2013,42.88
22/03/2013,42.68
21/03/2013,42.53
20/03/2013,42.5
19/03/2013,42.07
15/03/2013,42.65
14/03/2013,43.36
13/03/2013,43.28
12/03/2013,43.97
11/03/2013,44.02
08/03/2013,44.29
07/03/2013,43.96
06/03/2013,44.15
05/03/2013,43.99
04/03/2013,43.87
01/03/2013,43.97
28/02/2013,44.08
27/02/2013,43.79
26/02/2013,43.52
25/02/2013,43.51
22/02/2013,43.87
21/02/2013,44.12
20/02/2013,44.32
19/02/2013,44.64
18/02/2013,44.16
15/02/2013,44.18
14/02/2013,43.85
13/02/2013,44.1
12/02/2013,44.86
11/02/2013,45.09
08/02/2013,45.07
07/02/2013,45.03
06/02/2013,45.55
05/02/2013,45.66
01/02/2013,45.77
31/01/2013,45.31
30/01/2013,45.76
29/01/2013,45.95
28/01/2013,45.88
25/01/2013,45.52
24/01/2013,45.4
23/01/2013,45.43
22/01/2013,45.32
21/01/2013,45.23
18/01/2013,45.2
17/01/2013,44.92
16/01/2013,44.85
15/01/2013,44.77
14/01/2013,44.84
11/01/2013,44.86
10/01/2013,44.85
09/01/2013,44.83
08/01/2013,44.54
07/01/2013,44.61
04/01/2013,44.52
03/01/2013,44.34
02/01/2013,44.29
31/12/2012,43.69
28/12/2012,43.66
27/12/2012,43.45
26/12/2012,43.49
24/12/2012,43.5
21/12/2012,43.62
20/12/2012,43.63
19/12/2012,43.65
18/12/2012,43.82
17/12/2012,43.31
14/12/2012,43.05
13/12/2012,43
11/12/2012,43.13
10/12/2012,43.11
07/12/2012,42.8
06/12/2012,42.61
05/12/2012,42.41
04/12/2012,42.38
03/12/2012,42.38
30/11/2012,41.96
29/11/2012,42.11
28/11/2012,41.92
27/11/2012,41.77
26/11/2012,41.89
23/11/2012,41.94
22/11/2012,42.05
21/11/2012,41.64
20/11/2012,41.17
16/11/2012,40.83
15/11/2012,40.58
14/11/2012,40.73
13/11/2012,41.09
12/11/2012,40.88
09/11/2012,40.66
08/11/2012,40.81
07/11/2012,41.01
06/11/2012,41.71
05/11/2012,41.72
01/11/2012,41.78
31/10/2012,41.59
30/10/2012,41.55
29/10/2012,41.74
26/10/2012,41.84
25/10/2012,41.84
24/10/2012,42.08
23/10/2012,42.03
22/10/2012,42.09
19/10/2012,42.4
18/10/2012,42.62
17/10/2012,42.55
16/10/2012,42.53
15/10/2012,42.01
12/10/2012,41.68
11/10/2012,41.74
10/10/2012,41.47
09/10/2012,41.82
08/10/2012,41.79
05/10/2012,41.94
04/10/2012,41.41
03/10/2012,41
02/10/2012,41.18
01/10/2012,41.13
28/09/2012,40.84
27/09/2012,40.75
26/09/2012,40.34
25/09/2012,40.21
24/09/2012,40.55
21/09/2012,40.37
20/09/2012,40.5
19/09/2012,40.96
18/09/2012,40.61
17/09/2012,40.62
14/09/2012,40.69
13/09/2012,40.69
12/09/2012,40.26
11/09/2012,40.02
10/09/2012,40
07/09/2012,40.08
06/09/2012,40
05/09/2012,39.56
04/09/2012,39.64
03/09/2012,39.75
31/08/2012,39.47
30/08/2012,39.91
29/08/2012,39.94
28/08/2012,39.96
27/08/2012,39.96
24/08/2012,40.19
23/08/2012,39.82
22/08/2012,40.02
21/08/2012,40.09
20/08/2012,40.34
17/08/2012,40.56
16/08/2012,40.7
15/08/2012,40.79
14/08/2012,40.64
13/08/2012,40.37
10/08/2012,40.84
09/08/2012,40.71
08/08/2012,40.86
07/08/2012,41.06
06/08/2012,41.08
03/08/2012,41.01
02/08/2012,40.77
01/08/2012,40.79
31/07/2012,40.66
30/07/2012,41.31
27/07/2012,41.47
26/07/2012,41
25/07/2012,40.48
24/07/2012,40.69
23/07/2012,40.95
20/07/2012,40.81
19/07/2012,40.76
18/07/2012,40.75
17/07/2012,41.29
16/07/2012,40.9
13/07/2012,40.49
12/07/2012,40.24
11/07/2012,40.18
10/07/2012,40.04
09/07/2012,39.95
06/07/2012,39.78
05/07/2012,40.04
04/07/2012,40.33
03/07/2012,40.43
02/07/2012,40.11
29/06/2012,40.19
28/06/2012,39.64
27/06/2012,39.51
26/06/2012,39.37
25/06/2012,39.12
22/06/2012,39.07
21/06/2012,38.57
20/06/2012,38.93
19/06/2012,38.72
18/06/2012,38.06
15/06/2012,37.74
14/06/2012,37.45
13/06/2012,37.14
12/06/2012,37.28
11/06/2012,37.04
08/06/2012,37.3
07/06/2012,37.23
06/06/2012,37.26
05/06/2012,37.07
04/06/2012,37.03
01/06/2012,37.11
31/05/2012,37.83
30/05/2012,38.09
29/05/2012,38.15
28/05/2012,37.67
25/05/2012,37.5
24/05/2012,37.53
23/05/2012,37.4
22/05/2012,37.46
21/05/2012,37.52
18/05/2012,36.88
17/05/2012,37.23
16/05/2012,37.53
15/05/2012,37.92
14/05/2012,38.33
11/05/2012,38.89
10/05/2012,39.15
09/05/2012,39.1
08/05/2012,39.22
07/05/2012,40.01
04/05/2012,39.39
03/05/2012,39.57
02/05/2012,39.55
30/04/2012,39.43
27/04/2012,39.29
26/04/2012,39.23
25/04/2012,39.07
24/04/2012,38.84
23/04/2012,38.95
20/04/2012,39.32
19/04/2012,39.42
18/04/2012,39.34
17/04/2012,39.36
16/04/2012,39.03
13/04/2012,39.05
12/04/2012,39.35
11/04/2012,39.15
10/04/2012,39.03
09/04/2012,39.4
04/04/2012,39.42
03/04/2012,39.9
02/04/2012,39.89
30/03/2012,39.51
29/03/2012,39.11
28/03/2012,38.91
27/03/2012,38.93
26/03/2012,38.87
23/03/2012,38.32
22/03/2012,38.3
21/03/2012,38.43
20/03/2012,38.02
16/03/2012,38.26
15/03/2012,38.13
14/03/2012,37.95
13/03/2012,38
12/03/2012,37.56
09/03/2012,37.69
08/03/2012,37.82
07/03/2012,37.55
06/03/2012,37.48
05/03/2012,38.13
02/03/2012,38.32
01/03/2012,38.03
29/02/2012,37.84
28/02/2012,38
27/02/2012,37.8
24/02/2012,37.94
23/02/2012,38.03
22/02/2012,37.9
21/02/2012,37.9
20/02/2012,38.25
17/02/2012,37.98
16/02/2012,38.2
15/02/2012,37.88
14/02/2012,37.85
13/02/2012,38.25
10/02/2012,38.16
09/02/2012,38.25
08/02/2012,38.15
07/02/2012,38.1
03/02/2012,38.1
02/02/2012,37.69
01/02/2012,37.74
31/01/2012,37.42
30/01/2012,37.23
27/01/2012,37.19
26/01/2012,37.25
25/01/2012,37.24
24/01/2012,36.88
23/01/2012,37.2
20/01/2012,37.38
19/01/2012,37.71
18/01/2012,37.52
17/01/2012,36.62
16/01/2012,36.91
13/01/2012,36.54
12/01/2012,37.33
11/01/2012,37.32
10/01/2012,37.21
09/01/2012,36.76
06/01/2012,36.79
05/01/2012,37.02
04/01/2012,37.37
03/01/2012,37.37
02/01/2012,37.37
30/12/2011,37.07
29/12/2011,37.17
28/12/2011,36.62
27/12/2011,37.08
26/12/2011,37.24
23/12/2011,37.07
22/12/2011,37.02
21/12/2011,36.62
20/12/2011,36.28
19/12/2011,35.59
16/12/2011,36.05
15/12/2011,35.99
14/12/2011,36
13/12/2011,36.44
09/12/2011,37.22
08/12/2011,36.61
07/12/2011,37.04
06/12/2011,37.1
05/12/2011,37.12
02/12/2011,36.78
01/12/2011,36.57
30/11/2011,36.81
29/11/2011,35.73
28/11/2011,35.63
25/11/2011,34.72
24/11/2011,35.34
23/11/2011,35.4
22/11/2011,36
18/11/2011,36.3
17/11/2011,36.04
16/11/2011,36.79
15/11/2011,37.37
14/11/2011,37.04
11/11/2011,37.42
10/11/2011,36.61
09/11/2011,36.55
08/11/2011,37.33
07/11/2011,36.99
04/11/2011,36.67
03/11/2011,36.62
01/11/2011,35.72
31/10/2011,36.23
28/10/2011,36.75
27/10/2011,36.72
26/10/2011,35.82
25/10/2011,35.27
24/10/2011,35.27
21/10/2011,35.02
20/10/2011,34.38
19/10/2011,34.47
18/10/2011,35
17/10/2011,34.09
14/10/2011,34.84
13/10/2011,34.6
12/10/2011,34.48
11/10/2011,33.71
10/10/2011,33.55
07/10/2011,32.95
06/10/2011,33.3
05/10/2011,33.02
04/10/2011,32.99
03/10/2011,33.16
30/09/2011,33.4
29/09/2011,33.69
28/09/2011,33.41
27/09/2011,33.8
26/09/2011,33.42
23/09/2011,32.58
22/09/2011,32.36
21/09/2011,33.93
20/09/2011,34.3
19/09/2011,35.07
15/09/2011,35.19
14/09/2011,34.67
13/09/2011,33.98
12/09/2011,33.76
09/09/2011,33.78
08/09/2011,34.68
07/09/2011,35.17
06/09/2011,34.43
05/09/2011,33.8
02/09/2011,35.06
01/09/2011,35.73
31/08/2011,35.64
30/08/2011,35.16
29/08/2011,35.04
26/08/2011,34.09
25/08/2011,33.85
24/08/2011,34.61
23/08/2011,34.69
22/08/2011,33.62
19/08/2011,33.09
18/08/2011,33.16
17/08/2011,34.01
16/08/2011,33.91
15/08/2011,33.89
12/08/2011,33.34
11/08/2011,33.58
10/08/2011,32.19
09/08/2011,32.37
08/08/2011,31.7
05/08/2011,33.71
04/08/2011,33.26
03/08/2011,34.44
02/08/2011,34.87
01/08/2011,35.78
29/07/2011,36.07
28/07/2011,36.04
27/07/2011,35.8
26/07/2011,35.44
25/07/2011,35.58
22/07/2011,35.77
21/07/2011,35.54
20/07/2011,35.26
19/07/2011,35.83
18/07/2011,35.78
15/07/2011,36.16
14/07/2011,36.15
13/07/2011,36.26
12/07/2011,36.17
11/07/2011,36.33
08/07/2011,36.51
07/07/2011,36.59
06/07/2011,36.5
05/07/2011,36.62
04/07/2011,36.83
01/07/2011,36.82
30/06/2011,36.65
29/06/2011,36.59
28/06/2011,36.2
27/06/2011,35.62
24/06/2011,35.36
23/06/2011,35.3
22/06/2011,35.41
21/06/2011,35.27
20/06/2011,35.09
17/06/2011,35.15
16/06/2011,35.23
15/06/2011,35.33
14/06/2011,35.46
13/06/2011,35.03
10/06/2011,34.94
09/06/2011,35.21
08/06/2011,34.82
07/06/2011,34.91
06/06/2011,34.66
03/06/2011,35.09
02/06/2011,35.4
01/06/2011,35.4
31/05/2011,35.87
30/05/2011,35.6
27/05/2011,35.83
26/05/2011,35.71
25/05/2011,35.5
24/05/2011,35.36
23/05/2011,35.2
20/05/2011,35.31
19/05/2011,35.27
18/05/2011,35.37
17/05/2011,34.8
16/05/2011,35.04
13/05/2011,35.02
12/05/2011,35.17
11/05/2011,35.37
10/05/2011,35.71
09/05/2011,35.48
06/05/2011,35.21
05/05/2011,35.28
04/05/2011,35.48
03/05/2011,35.91
02/05/2011,36.73
29/04/2011,36.96
28/04/2011,36.73
27/04/2011,36.8
26/04/2011,36.87
25/04/2011,36.86
20/04/2011,36.81
19/04/2011,36.48
18/04/2011,36.34
15/04/2011,37.03
14/04/2011,37.03
13/04/2011,37.32
12/04/2011,37.34
11/04/2011,37.59
08/04/2011,37.46
07/04/2011,37.44
06/04/2011,37.87
05/04/2011,37.85
04/04/2011,37.91
01/04/2011,37.75
31/03/2011,37.41
30/03/2011,37.23
29/03/2011,36.82
28/03/2011,36.72
25/03/2011,36.79
24/03/2011,36.79
23/03/2011,36.46
22/03/2011,35.89
18/03/2011,35.48
17/03/2011,35.61
16/03/2011,35.63
15/03/2011,36.01
14/03/2011,36.18
11/03/2011,36.1
10/03/2011,35.84
09/03/2011,36.47
08/03/2011,36.71
07/03/2011,36.6
04/03/2011,36.89
03/03/2011,37.12
02/03/2011,36.89
01/03/2011,36.8
28/02/2011,37.03
25/02/2011,36.91
24/02/2011,36.46
23/02/2011,36.44
22/02/2011,36.75
21/02/2011,37.27
18/02/2011,37.56
17/02/2011,37.23
16/02/2011,37.04
15/02/2011,36.96
14/02/2011,37.03
11/02/2011,37.05
10/02/2011,36.65
09/02/2011,37.02
08/02/2011,37.55
04/02/2011,37.46
03/02/2011,37.79
02/02/2011,37.96
01/02/2011,37.62
31/01/2011,36.98
28/01/2011,36.81
27/01/2011,37.47
26/01/2011,37.61
25/01/2011,37.47
24/01/2011,37.64
21/01/2011,37.29
20/01/2011,37.58
19/01/2011,37.78
18/01/2011,38.13
17/01/2011,38.06
14/01/2011,37.95
13/01/2011,38.03
12/01/2011,37.92
11/01/2011,37.95
10/01/2011,38.33
07/01/2011,38.55
06/01/2011,38.58
05/01/2011,38.65
04/01/2011,38.49
03/01/2011,38.59
31/12/2010,38.62
30/12/2010,38.29
29/12/2010,38.25
28/12/2010,38.16
27/12/2010,38.18
24/12/2010,38.13
23/12/2010,38.17
22/12/2010,38.08
21/12/2010,38.25
20/12/2010,37.98
17/12/2010,38
16/12/2010,37.82
15/12/2010,37.63
14/12/2010,37.86
13/12/2010,37.89
10/12/2010,37.63
09/12/2010,37.57
08/12/2010,37.6
07/12/2010,37.83
06/12/2010,37.7
03/12/2010,37.34
02/12/2010,37.34
01/12/2010,37.3
30/11/2010,36.84
29/11/2010,36.81
26/11/2010,36.8
25/11/2010,37
24/11/2010,37.05
23/11/2010,36.21
22/11/2010,36.69
19/11/2010,36.54
18/11/2010,36.33
17/11/2010,35.81
16/11/2010,35.61
12/11/2010,36
11/11/2010,36.32
10/11/2010,36.42
09/11/2010,36.21
08/11/2010,36.51
05/11/2010,36.29
04/11/2010,36.17
03/11/2010,35.87
01/11/2010,35.72
29/10/2010,35.59
28/10/2010,35.39
27/10/2010,35.2
26/10/2010,35.34
25/10/2010,35.25
22/10/2010,35.11
21/10/2010,34.93
20/10/2010,34.8
19/10/2010,34.46
18/10/2010,34.84
15/10/2010,34.8
14/10/2010,34.81
13/10/2010,34.79
12/10/2010,34.43
11/10/2010,34.52
08/10/2010,34.44
07/10/2010,34.23
06/10/2010,34.34
05/10/2010,34.23
04/10/2010,33.96
01/10/2010,33.75
30/09/2010,33.24
29/09/2010,33.18
28/09/2010,33.22
27/09/2010,33.11
24/09/2010,33.29
23/09/2010,33.1
22/09/2010,33.17
21/09/2010,33.27
20/09/2010,33.24
15/09/2010,33.04
14/09/2010,33.11
13/09/2010,32.94
10/09/2010,32.66
09/09/2010,32.53
08/09/2010,32.46
07/09/2010,32.45
06/09/2010,32.79
03/09/2010,32.64
02/09/2010,32.4
01/09/2010,32.33
31/08/2010,31.6
30/08/2010,31.37
27/08/2010,31.7
26/08/2010,31.19
25/08/2010,31.37
24/08/2010,31.31
23/08/2010,32.14
20/08/2010,32.22
19/08/2010,32.11
18/08/2010,32.34
17/08/2010,32.28
16/08/2010,32.07
13/08/2010,32.05
12/08/2010,32.01
11/08/2010,32.1
10/08/2010,32.72
09/08/2010,32.82
06/08/2010,32.94
05/08/2010,32.91
04/08/2010,32.95
03/08/2010,32.8
02/08/2010,32.83
30/07/2010,32.29
29/07/2010,32.49
28/07/2010,32.67
27/07/2010,32.72
26/07/2010,32.93
23/07/2010,32.78
22/07/2010,32.75
21/07/2010,32.09
20/07/2010,32.12
19/07/2010,31.92
16/07/2010,31.81
15/07/2010,32.41
14/07/2010,32.32
13/07/2010,32.2
12/07/2010,31.94
09/07/2010,32
08/07/2010,31.98
07/07/2010,32
06/07/2010,31.5
05/07/2010,31.35
02/07/2010,31.37
01/07/2010,31.2
30/06/2010,31.11
29/06/2010,31.42
28/06/2010,32.57
25/06/2010,32.56
24/06/2010,32.26
23/06/2010,32.63
22/06/2010,32.54
21/06/2010,32.92
18/06/2010,32.8
17/06/2010,32.8
16/06/2010,32.79
15/06/2010,32.73
14/06/2010,32.29
11/06/2010,32.11
10/06/2010,31.89
09/06/2010,31.11
08/06/2010,30.99
07/06/2010,30.7
04/06/2010,30.91
03/06/2010,31.32
02/06/2010,31.43
01/06/2010,31.25
31/05/2010,31.92
28/05/2010,31.58
27/05/2010,32.06
26/05/2010,31.26
25/05/2010,30.66
24/05/2010,30.75
21/05/2010,30.67
20/05/2010,30.44
19/05/2010,30.96
18/05/2010,31.16
17/05/2010,31.53
14/05/2010,31.73
13/05/2010,32.33
12/05/2010,32.33
11/05/2010,32.05
10/05/2010,32.19
07/05/2010,31.27
06/05/2010,31.31
05/05/2010,31.96
04/05/2010,32.1
03/05/2010,32.77
30/04/2010,32.59
29/04/2010,32.9
28/04/2010,32.9
27/04/2010,32.63
26/04/2010,33.73
23/04/2010,33.85
22/04/2010,33.71
21/04/2010,33.5
20/04/2010,33.84
19/04/2010,33.49
16/04/2010,33.61
15/04/2010,34.13
14/04/2010,34.15
13/04/2010,33.79
12/04/2010,33.8
09/04/2010,33.87
08/04/2010,33.62
07/04/2010,33.63
06/04/2010,33.76
05/04/2010,33.61
31/03/2010,33.29
30/03/2010,33.37
29/03/2010,33.45
26/03/2010,33.1
25/03/2010,33.15
24/03/2010,33.19
23/03/2010,33.32
22/03/2010,33.08
19/03/2010,33.02
18/03/2010,32.99
17/03/2010,32.79
16/03/2010,32.71
12/03/2010,32.52
11/03/2010,32.61
10/03/2010,32.45
09/03/2010,32.52
08/03/2010,32.47
05/03/2010,32.44
04/03/2010,32.16
03/03/2010,32.3
02/03/2010,32.03
01/03/2010,31.74
26/02/2010,31.63
25/02/2010,31.65
24/02/2010,31.88
23/02/2010,31.83
22/02/2010,32.05
19/02/2010,32.16
18/02/2010,32.15
17/02/2010,31.94
16/02/2010,31.64
15/02/2010,31.07
12/02/2010,30.98
11/02/2010,30.85
10/02/2010,30.69
09/02/2010,30.88
08/02/2010,30.72
05/02/2010,30.69
04/02/2010,30.66
03/02/2010,31.39
02/02/2010,30.98
29/01/2010,30.34
28/01/2010,30.88
27/01/2010,30.63
26/01/2010,30.67
25/01/2010,30.56
22/01/2010,30.85
21/01/2010,31.18
20/01/2010,32.04
19/01/2010,32.45
18/01/2010,32.47
15/01/2010,32.27
14/01/2010,32.72
13/01/2010,32.83
12/01/2010,32.82
11/01/2010,32.98
08/01/2010,32.91
07/01/2010,33.08
06/01/2010,32.82
05/01/2010,32.75
04/01/2010,32.78
31/12/2009,32.08
30/12/2009,32.41
29/12/2009,32.67
28/12/2009,32.62
24/12/2009,32.57
23/12/2009,32.43
22/12/2009,32.21
21/12/2009,31.84
18/12/2009,31.89
17/12/2009,31.95
16/12/2009,32.02
15/12/2009,31.93
14/12/2009,32.05
11/12/2009,31.98
10/12/2009,31.93
09/12/2009,31.71
08/12/2009,31.75
07/12/2009,32.18
04/12/2009,32.11
03/12/2009,32
02/12/2009,32.16
01/12/2009,31.82
30/11/2009,31.05
27/11/2009,30.87
26/11/2009,30.64
25/11/2009,31.39
24/11/2009,30.98
23/11/2009,31.12
20/11/2009,30.73
19/11/2009,30.87
18/11/2009,31.09
17/11/2009,31.38
13/11/2009,30.99
12/11/2009,30.8
11/11/2009,31.07
10/11/2009,30.78
09/11/2009,30.66
06/11/2009,29.82
05/11/2009,29.69
04/11/2009,29.39
03/11/2009,28.83
30/10/2009,28.7
29/10/2009,29.32
28/10/2009,28.71
27/10/2009,29.45
26/10/2009,30.29
23/10/2009,30.63
22/10/2009,30.79
21/10/2009,30.91
20/10/2009,30.99
19/10/2009,30.93
16/10/2009,30.71
15/10/2009,31.01
14/10/2009,30.91
13/10/2009,30.63
12/10/2009,30.49
09/10/2009,30.06
08/10/2009,29.89
07/10/2009,29.78
06/10/2009,29.72
05/10/2009,29.21
02/10/2009,28.69
01/10/2009,28.64
30/09/2009,29.25
29/09/2009,29.49
28/09/2009,29.39
25/09/2009,28.77
24/09/2009,28.41
23/09/2009,28.9
22/09/2009,29.49
21/09/2009,29.56
18/09/2009,29.89
17/09/2009,29.97
15/09/2009,29.62
14/09/2009,29.37
11/09/2009,29.43
10/09/2009,29.32
09/09/2009,29.1
08/09/2009,29.25
07/09/2009,28.59
04/09/2009,28.32
03/09/2009,28.17
02/09/2009,27.91
01/09/2009,27.68
31/08/2009,28.19
28/08/2009,28.59
27/08/2009,28.4
26/08/2009,28.17
25/08/2009,28
24/08/2009,27.97
21/08/2009,28.36
20/08/2009,27.9
19/08/2009,27.55
18/08/2009,27.55
17/08/2009,27.35
14/08/2009,27.85
13/08/2009,28.13
12/08/2009,28.11
11/08/2009,27.78
10/08/2009,28.27
07/08/2009,28.2
06/08/2009,27.83
05/08/2009,28.09
04/08/2009,27.92
03/08/2009,27.74
31/07/2009,27.03
30/07/2009,26.84
29/07/2009,26.56
28/07/2009,26.85
27/07/2009,26.85
24/07/2009,26.68
23/07/2009,26.8
22/07/2009,26.32
21/07/2009,26.17
20/07/2009,26.3
17/07/2009,25.79
16/07/2009,25.74
15/07/2009,25.28
14/07/2009,24.33
13/07/2009,23.92
10/07/2009,23.56
09/07/2009,23.58
08/07/2009,23.48
07/07/2009,23.32
06/07/2009,23.69
03/07/2009,23.97
02/07/2009,24.01
01/07/2009,24.49
30/06/2009,24.37
29/06/2009,24.5
26/06/2009,24.43
25/06/2009,24.26
24/06/2009,23.74
23/06/2009,23.42
22/06/2009,23.29
19/06/2009,24.23
18/06/2009,24.29
17/06/2009,24.15
16/06/2009,24.27
15/06/2009,24.86
12/06/2009,25.52
11/06/2009,25.4
10/06/2009,25.17
09/06/2009,25.07
08/06/2009,24.91
05/06/2009,24.85
04/06/2009,24.73
03/06/2009,24.64
02/06/2009,25.2
01/06/2009,25.11
29/05/2009,24.48
28/05/2009,24.64
27/05/2009,24.52
26/05/2009,24.64
25/05/2009,24.23
22/05/2009,24.16
21/05/2009,23.93
20/05/2009,24.49
19/05/2009,24.47
18/05/2009,24
15/05/2009,23.34
14/05/2009,23.4
13/05/2009,23.19
12/05/2009,23.7
11/05/2009,23.98
08/05/2009,24.17
07/05/2009,23.65
06/05/2009,23.97
05/05/2009,23.4
04/05/2009,22.94
30/04/2009,22.05
29/04/2009,22.05
28/04/2009,21.64
27/04/2009,21.83
24/04/2009,22.62
23/04/2009,21.81
22/04/2009,21.6
21/04/2009,21.34
20/04/2009,21.54
17/04/2009,22.21
16/04/2009,22.23
15/04/2009,21.84
14/04/2009,21.83
13/04/2009,21.85
08/04/2009,20.57
07/04/2009,20.59
06/04/2009,20.79
03/04/2009,20.88
02/04/2009,20.6
01/04/2009,19.9
31/03/2009,19.66
30/03/2009,19.52
27/03/2009,20.27
26/03/2009,20.53
25/03/2009,20.23
24/03/2009,20.27
23/03/2009,20.3
20/03/2009,19.41
19/03/2009,19.59
18/03/2009,19.66
17/03/2009,19.4
13/03/2009,19.53
12/03/2009,19.09
11/03/2009,17.75
10/03/2009,17.52
09/03/2009,16.88
06/03/2009,17.09
05/03/2009,17.26
04/03/2009,17.83
03/03/2009,17.01
02/03/2009,16.88
27/02/2009,17.63
26/02/2009,18.08
25/02/2009,18.18
24/02/2009,18.27
23/02/2009,17.88
20/02/2009,18.26
19/02/2009,18.67
18/02/2009,18.72
17/02/2009,18.82
16/02/2009,19.46
13/02/2009,19.39
12/02/2009,19.34
11/02/2009,19.48
10/02/2009,19.65
09/02/2009,20.54
06/02/2009,20.33
05/02/2009,19.76
04/02/2009,19.56
03/02/2009,19.6
30/01/2009,19.48
29/01/2009,19.55
28/01/2009,20.17
27/01/2009,19.57
26/01/2009,19.59
23/01/2009,19.41
22/01/2009,19.36
21/01/2009,19.52
20/01/2009,19.23
19/01/2009,20.44
16/01/2009,20.33
15/01/2009,20.24
14/01/2009,20.33
13/01/2009,21.04
12/01/2009,21.09
09/01/2009,21.73
08/01/2009,21.89
07/01/2009,22.1
06/01/2009,22.9
05/01/2009,23.16
02/01/2009,23.22
31/12/2008,22.38
30/12/2008,22.34
29/12/2008,22.3
26/12/2008,22.5
24/12/2008,22.39
23/12/2008,22.23
22/12/2008,22.11
19/12/2008,22.06
18/12/2008,22.39
17/12/2008,22.47
16/12/2008,22.02
15/12/2008,21.14
11/12/2008,21.4
10/12/2008,21.54
09/12/2008,21.33
08/12/2008,21.06
05/12/2008,20.03
04/12/2008,19.88
03/12/2008,20.2
02/12/2008,19.78
01/12/2008,19.58
28/11/2008,20.45
27/11/2008,20.19
26/11/2008,20
25/11/2008,19.4
24/11/2008,19.52
21/11/2008,18.21
20/11/2008,18.15
19/11/2008,18.58
18/11/2008,19.02
14/11/2008,19.49
13/11/2008,19.72
12/11/2008,18.87
11/11/2008,19.82
10/11/2008,20.06
07/11/2008,19.88
06/11/2008,19.64
05/11/2008,20.5
04/11/2008,21.56
03/11/2008,20.68
31/10/2008,20.48
30/10/2008,20.36
29/10/2008,19.12
28/10/2008,18.61
27/10/2008,16.83
24/10/2008,17.02
23/10/2008,17.9
22/10/2008,18.65
21/10/2008,20.21
20/10/2008,20.81
17/10/2008,20.45
16/10/2008,20.49
15/10/2008,21.19
14/10/2008,22.28
13/10/2008,22.05
10/10/2008,20.02
09/10/2008,20.36
08/10/2008,20.98
07/10/2008,20.94
06/10/2008,21.68
03/10/2008,23.16
02/10/2008,24.12
01/10/2008,25.19
30/09/2008,24.76
29/09/2008,23.89
26/09/2008,25.65
25/09/2008,25.68
24/09/2008,24.95
23/09/2008,24.89
22/09/2008,25.13
19/09/2008,25.58
18/09/2008,24.49
17/09/2008,23.53
15/09/2008,24.72
12/09/2008,25.52
11/09/2008,25.53
10/09/2008,25.58
09/09/2008,25.67
08/09/2008,26.17
05/09/2008,25.9
04/09/2008,26.14
03/09/2008,26.51
02/09/2008,26.48
01/09/2008,26.45
29/08/2008,26.33
28/08/2008,26.39
27/08/2008,26.09
26/08/2008,26.11
25/08/2008,26.45
22/08/2008,26.77
21/08/2008,26.54
20/08/2008,26.79
19/08/2008,26.69
18/08/2008,26.72
15/08/2008,27.34
14/08/2008,27.21
13/08/2008,26.84
12/08/2008,26.7
11/08/2008,27.01
08/08/2008,27.19
07/08/2008,26.99
06/08/2008,27.37
05/08/2008,26.93
04/08/2008,26.43
01/08/2008,26.87
31/07/2008,27.39
30/07/2008,27.46
29/07/2008,27.37
28/07/2008,26.88
25/07/2008,27.05
24/07/2008,26.98
23/07/2008,27.65
22/07/2008,27.63
21/07/2008,28.06
18/07/2008,28.17
17/07/2008,28.25
16/07/2008,27.94
15/07/2008,27.47
14/07/2008,27.46
11/07/2008,27.58
10/07/2008,27.82
09/07/2008,28.13
08/07/2008,28.55
07/07/2008,28.4
04/07/2008,28.5
03/07/2008,28.5
02/07/2008,28.64
01/07/2008,29.22
30/06/2008,29.37
27/06/2008,29.25
26/06/2008,29.23
25/06/2008,29.62
24/06/2008,29.38
23/06/2008,29.53
20/06/2008,29.61
19/06/2008,29.87
18/06/2008,29.68
17/06/2008,29.98
16/06/2008,30.31
13/06/2008,30.47
12/06/2008,30.45
11/06/2008,30.51
10/06/2008,30.84
09/06/2008,30.96
06/06/2008,31.2
05/06/2008,31.71
04/06/2008,31.48
03/06/2008,31.62
02/06/2008,31.78
30/05/2008,32.07
29/05/2008,31.93
28/05/2008,31.7
27/05/2008,31.54
26/05/2008,31.33
23/05/2008,31.08
22/05/2008,31.28
21/05/2008,31.2
20/05/2008,31.66
19/05/2008,31.87
16/05/2008,31.61
15/05/2008,31.56
14/05/2008,31.33
13/05/2008,30.88
12/05/2008,30.72
09/05/2008,30.65
08/05/2008,30.73
07/05/2008,30.78
06/05/2008,31.29
05/05/2008,30.96
02/05/2008,30.56
30/04/2008,30.39
29/04/2008,30.31
28/04/2008,30.69
25/04/2008,31.13
24/04/2008,31.82
23/04/2008,31.95
22/04/2008,32.06
21/04/2008,32.12
18/04/2008,31.8
17/04/2008,31.83
16/04/2008,31.91
15/04/2008,31.4
14/04/2008,31.24
11/04/2008,31.41
10/04/2008,31.63
09/04/2008,31.44
08/04/2008,31.75
07/04/2008,31.76
04/04/2008,31.62
03/04/2008,31.73
02/04/2008,31.63
01/04/2008,31.98
31/03/2008,31.06
28/03/2008,30.03
27/03/2008,30.03
26/03/2008,29.95
25/03/2008,30.05
24/03/2008,29.74
19/03/2008,29.1
18/03/2008,29.47
14/03/2008,28.98
13/03/2008,29.66
12/03/2008,29.33
11/03/2008,29.38
10/03/2008,28.3
07/03/2008,28.69
06/03/2008,28.85
05/03/2008,29.32
04/03/2008,29.59
03/03/2008,29.7
29/02/2008,29.21
28/02/2008,30.2
27/02/2008,30.5
26/02/2008,30.4
25/02/2008,29.98
22/02/2008,29.54
21/02/2008,29.3
20/02/2008,29.27
19/02/2008,28.94
18/02/2008,29.12
15/02/2008,28.71
14/02/2008,29.18
13/02/2008,29.29
12/02/2008,28.91
11/02/2008,28.83
08/02/2008,28.1
07/02/2008,28.01
06/02/2008,27.92
05/02/2008,28.19
01/02/2008,29.31
31/01/2008,28.76
30/01/2008,28.18
29/01/2008,28.22
28/01/2008,27.68
25/01/2008,27.51
24/01/2008,27.93
23/01/2008,27.47
22/01/2008,27
21/01/2008,25.39
18/01/2008,26.77
17/01/2008,26.79
16/01/2008,27.41
15/01/2008,28.06
14/01/2008,28.55
11/01/2008,28.75
10/01/2008,29.02
09/01/2008,28.3
08/01/2008,28.2
07/01/2008,28.18
04/01/2008,28.45
03/01/2008,28.9
02/01/2008,28.74
31/12/2007,29.46
28/12/2007,29.73
27/12/2007,29.68
26/12/2007,29.97
24/12/2007,29.87
21/12/2007,29.65
20/12/2007,29.2
19/12/2007,29.2
18/12/2007,29.26
17/12/2007,29.05
14/12/2007,30.01
13/12/2007,30.09
11/12/2007,30.4
10/12/2007,31.11
07/12/2007,31.14
06/12/2007,31.19
05/12/2007,30.73
04/12/2007,29.95
03/12/2007,29.84
30/11/2007,29.66
29/11/2007,29.35
28/11/2007,29.13
27/11/2007,28.08
26/11/2007,28.08
23/11/2007,28.73
22/11/2007,28.49
21/11/2007,28.47
20/11/2007,29.1
16/11/2007,29.54
15/11/2007,29.02
14/11/2007,29.63
13/11/2007,29.46
12/11/2007,28.3
09/11/2007,29.15
08/11/2007,29.54
07/11/2007,29.7
06/11/2007,30.36
05/11/2007,30.28
01/11/2007,31.03
31/10/2007,31.73
30/10/2007,31.69
29/10/2007,32.1
26/10/2007,32.1
25/10/2007,31.81
24/10/2007,32.01
23/10/2007,32.17
22/10/2007,31.92
19/10/2007,31.88
18/10/2007,32.82
17/10/2007,32.6
16/10/2007,32.27
15/10/2007,32.26
12/10/2007,32.41
11/10/2007,31.95
10/10/2007,32.08
09/10/2007,31.84
08/10/2007,31.85
05/10/2007,31.61
04/10/2007,31.17
03/10/2007,31.19
02/10/2007,31.43
01/10/2007,30.79
28/09/2007,30.28
27/09/2007,30.51
26/09/2007,30.32
25/09/2007,30.42
24/09/2007,30.48
21/09/2007,30.47
20/09/2007,30.41
19/09/2007,30.66
18/09/2007,30.71
17/09/2007,29.81
14/09/2007,30.01
13/09/2007,30.22
12/09/2007,30.05
11/09/2007,30.29
10/09/2007,30.02
07/09/2007,30.18
06/09/2007,30.86
05/09/2007,30.78
04/09/2007,30.89
03/09/2007,30.79
31/08/2007,30.3
30/08/2007,29.75
29/08/2007,29.72
28/08/2007,29.3
27/08/2007,30.25
24/08/2007,30.11
23/08/2007,29.45
22/08/2007,29.25
21/08/2007,28.57
20/08/2007,28.46
17/08/2007,28.54
16/08/2007,27.59
15/08/2007,28.16
14/08/2007,28.96
13/08/2007,29.65
10/08/2007,29.56
09/08/2007,30
08/08/2007,30.64
07/08/2007,30.21
06/08/2007,29.72
03/08/2007,29.83
02/08/2007,30.35
01/08/2007,30.09
31/07/2007,30.82
30/07/2007,31.02
27/07/2007,30.25
26/07/2007,29.96
25/07/2007,31.16
24/07/2007,31.44
23/07/2007,32.13
20/07/2007,31.91
19/07/2007,32.18
18/07/2007,31.84
17/07/2007,32.03
16/07/2007,32.25
13/07/2007,32.42
12/07/2007,32.25
11/07/2007,31.96
10/07/2007,31.75
09/07/2007,32.09
06/07/2007,32.43
05/07/2007,32.14
04/07/2007,32.2
03/07/2007,32.07
02/07/2007,31.36
29/06/2007,31.02
28/06/2007,31.07
27/06/2007,30.79
26/06/2007,30.81
25/06/2007,31.37
22/06/2007,31.63
21/06/2007,31.8
20/06/2007,31.58
19/06/2007,32.08
18/06/2007,32.25
15/06/2007,32.13
14/06/2007,32.11
13/06/2007,31.9
12/06/2007,31.62
11/06/2007,31.98
08/06/2007,31.64
07/06/2007,31.4
06/06/2007,31.72
05/06/2007,32.25
04/06/2007,32.05
01/06/2007,31.9
31/05/2007,31.56
30/05/2007,31.41
29/05/2007,30.7
28/05/2007,30.95
25/05/2007,30.72
24/05/2007,30.34
23/05/2007,30.84
22/05/2007,30.75
21/05/2007,30.7
18/05/2007,30.66
17/05/2007,30.43
16/05/2007,30.29
15/05/2007,29.63
14/05/2007,29.75
11/05/2007,30.07
10/05/2007,29.61
09/05/2007,30.01
08/05/2007,29.57
07/05/2007,29.81
04/05/2007,29.99
03/05/2007,29.75
02/05/2007,29.25
30/04/2007,29.02
27/04/2007,29.35
26/04/2007,29.35
25/04/2007,29.53
24/04/2007,29.6
23/04/2007,29.68
20/04/2007,29.87
19/04/2007,29.6
18/04/2007,29.53
17/04/2007,29.59
16/04/2007,29.69
13/04/2007,29.74
12/04/2007,29.59
11/04/2007,29.3
10/04/2007,29.6
09/04/2007,29.71
04/04/2007,29.47
03/04/2007,29.43
02/04/2007,29.19
30/03/2007,28.75
29/03/2007,28.69
28/03/2007,28.1
27/03/2007,28.13
26/03/2007,28.2
23/03/2007,28.26
22/03/2007,28.31
21/03/2007,28.19
20/03/2007,27.4
16/03/2007,26.84
15/03/2007,26.86
14/03/2007,26.72
13/03/2007,26.61
12/03/2007,27.3
09/03/2007,27.08
08/03/2007,26.77
07/03/2007,26.2
06/03/2007,26.36
05/03/2007,25.87
02/03/2007,26.38
01/03/2007,26.65
28/02/2007,26.65
27/02/2007,26.46
26/02/2007,28.01
23/02/2007,28.45
22/02/2007,28.67
21/02/2007,28.7
20/02/2007,28.59
19/02/2007,28.56
16/02/2007,28.46
15/02/2007,28.47
14/02/2007,28.56
13/02/2007,28.29
12/02/2007,27.95
09/02/2007,27.89
08/02/2007,28.24
07/02/2007,28.15
06/02/2007,28.08
02/02/2007,27.95
01/02/2007,27.87
31/01/2007,27.61
30/01/2007,27.14
29/01/2007,26.84
26/01/2007,27.01
25/01/2007,26.94
24/01/2007,27.34
23/01/2007,26.8
22/01/2007,26.29
19/01/2007,26.19
18/01/2007,26.09
17/01/2007,26.49
16/01/2007,26.5
15/01/2007,26.51
12/01/2007,26.3
11/01/2007,26.19
10/01/2007,25.93
09/01/2007,25.84
08/01/2007,26.26
05/01/2007,26.17
04/01/2007,26.59
03/01/2007,26.6
02/01/2007,26.65
29/12/2006,26.05
28/12/2006,26.36
27/12/2006,26.09
26/12/2006,25.8
22/12/2006,25.54
21/12/2006,25.6
20/12/2006,25.49
19/12/2006,25.74
18/12/2006,25.83
15/12/2006,25.81
14/12/2006,25.9
13/12/2006,25.75
11/12/2006,25.86
08/12/2006,25.89
07/12/2006,25.63
06/12/2006,25.62
05/12/2006,25.58
04/12/2006,25.24
30/11/2006,25.01
29/11/2006,24.77
28/11/2006,24.38
27/11/2006,24.47
24/11/2006,24.9
23/11/2006,24.68
22/11/2006,24.7
21/11/2006,24.57
17/11/2006,24.17
16/11/2006,24.28
15/11/2006,24.29
14/11/2006,24.29
13/11/2006,24.23
10/11/2006,23.9
09/11/2006,23.97
08/11/2006,23.98
07/11/2006,23.65
06/11/2006,23.71
03/11/2006,23.12
01/11/2006,23.08
31/10/2006,23
30/10/2006,22.47
27/10/2006,22.86
26/10/2006,23.34
25/10/2006,23.38
24/10/2006,23.27
23/10/2006,23.3
20/10/2006,23.26
19/10/2006,23.17
18/10/2006,23
17/10/2006,22.8
16/10/2006,23
13/10/2006,22.88
12/10/2006,22.57
11/10/2006,22.42
10/10/2006,22.49
09/10/2006,22.3
06/10/2006,22.38
05/10/2006,22.28
04/10/2006,22.08
03/10/2006,21.64
02/10/2006,21.7
29/09/2006,21.89
28/09/2006,21.8
27/09/2006,21.73
26/09/2006,21.76
25/09/2006,21.69
22/09/2006,21.41
21/09/2006,21.56
20/09/2006,21.87
19/09/2006,21.7
18/09/2006,21.65
15/09/2006,21.55
14/09/2006,21.31
13/09/2006,21.33
12/09/2006,21.12
11/09/2006,20.74
08/09/2006,20.9
07/09/2006,20.91
06/09/2006,21.01
05/09/2006,21.31
04/09/2006,21.35
01/09/2006,21.23
31/08/2006,21.13
30/08/2006,21.4
29/08/2006,21.34
28/08/2006,21.33
25/08/2006,21
24/08/2006,20.77
23/08/2006,20.84
22/08/2006,21.04
21/08/2006,20.85
18/08/2006,21.08
17/08/2006,20.98
16/08/2006,20.91
15/08/2006,20.48
14/08/2006,20.31
11/08/2006,20.4
10/08/2006,20.06
09/08/2006,20.09
08/08/2006,20.43
07/08/2006,20.5
04/08/2006,20.35
03/08/2006,20.28
02/08/2006,20.15
01/08/2006,19.98
31/07/2006,20.05
28/07/2006,20.3
27/07/2006,20.11
26/07/2006,19.98
25/07/2006,20.04
24/07/2006,20
21/07/2006,19.52
20/07/2006,19.64
19/07/2006,19.93
18/07/2006,18.97
17/07/2006,18.48
14/07/2006,18.44
13/07/2006,18.8
12/07/2006,19.5
11/07/2006,19.64
10/07/2006,19.85
07/07/2006,19.92
06/07/2006,20.15
05/07/2006,19.6
04/07/2006,20.38
03/07/2006,20.11
30/06/2006,19.2
29/06/2006,18.98
28/06/2006,18.21
27/06/2006,18.11
26/06/2006,18.52
23/06/2006,18.51
22/06/2006,18.18
21/06/2006,18.2
20/06/2006,17.95
19/06/2006,17.78
16/06/2006,18.15
15/06/2006,18.1
14/06/2006,16.89
13/06/2006,16.66
12/06/2006,17.28
09/06/2006,18
08/06/2006,18.39
07/06/2006,18.69
06/06/2006,18.84
05/06/2006,19.03
02/06/2006,19.47
01/06/2006,19.19
31/05/2006,18.77
30/05/2006,18.8
29/05/2006,19.47
26/05/2006,19.62
25/05/2006,19.42
24/05/2006,18.88
23/05/2006,19.2
22/05/2006,19.59
19/05/2006,20.17
18/05/2006,20.24
17/05/2006,20.37
16/05/2006,21.04
15/05/2006,20.81
12/05/2006,21.16
11/05/2006,21.43
10/05/2006,21.75
09/05/2006,21.79
08/05/2006,21.58
05/05/2006,21.33
04/05/2006,21.29
03/05/2006,21.1
02/05/2006,21.05
28/04/2006,20.61
27/04/2006,20.34
26/04/2006,20.5
25/04/2006,20.32
24/04/2006,20.2
21/04/2006,20.1
20/04/2006,19.81
19/04/2006,19.85
18/04/2006,19.82
17/04/2006,19.7
12/04/2006,19.4
11/04/2006,19.47
10/04/2006,19.55
07/04/2006,19.46
06/04/2006,19.85
05/04/2006,19.84
04/04/2006,19.69
03/04/2006,19.57
31/03/2006,19.27
30/03/2006,19.2
29/03/2006,19.13
28/03/2006,18.93
27/03/2006,19.2
24/03/2006,19.3
23/03/2006,19.2
22/03/2006,19.53
20/03/2006,19.51
17/03/2006,19.3
16/03/2006,19.14
15/03/2006,18.99
14/03/2006,18.98
13/03/2006,18.7
10/03/2006,18.44
09/03/2006,18.32
08/03/2006,18.41
07/03/2006,18.63
06/03/2006,19.01
03/03/2006,19.15
02/03/2006,19.07
01/03/2006,19.05
28/02/2006,18.72
27/02/2006,18.91
24/02/2006,19.12
23/02/2006,19.25
22/02/2006,18.81
21/02/2006,18.55
20/02/2006,18.54
17/02/2006,18.46
16/02/2006,18.48
15/02/2006,18.17
14/02/2006,17.99
13/02/2006,17.91
10/02/2006,18.36
09/02/2006,18.47
08/02/2006,18.47
07/02/2006,18.65
03/02/2006,18.85
02/02/2006,19.06
01/02/2006,19.1
31/01/2006,18.9
30/01/2006,18.84
27/01/2006,18.94
26/01/2006,19.16
25/01/2006,18.83
24/01/2006,18.85
23/01/2006,18.4
20/01/2006,18.38
19/01/2006,18.52
18/01/2006,18.29
17/01/2006,18.52
16/01/2006,19
13/01/2006,18.88
12/01/2006,18.9
11/01/2006,19.16
10/01/2006,18.89
09/01/2006,18.97
06/01/2006,18.71
05/01/2006,18.61
04/01/2006,18.61
03/01/2006,18.47
02/01/2006,17.9
30/12/2005,17.78
29/12/2005,17.79
28/12/2005,17.78
27/12/2005,17.82
26/12/2005,17.78
23/12/2005,17.85
22/12/2005,17.9
21/12/2005,17.84
20/12/2005,17.68
19/12/2005,17.73
16/12/2005,17.79
15/12/2005,18
14/12/2005,18.09
13/12/2005,17.82
09/12/2005,17.53
08/12/2005,17.12
07/12/2005,17.3
06/12/2005,17.42
05/12/2005,17.29
02/12/2005,17.19
01/12/2005,17.12
30/11/2005,16.86
29/11/2005,16.67
28/11/2005,16.82
25/11/2005,16.89
24/11/2005,16.74
23/11/2005,16.73
22/11/2005,16.8
21/11/2005,16.75
18/11/2005,16.54
17/11/2005,16.41
16/11/2005,16.28
15/11/2005,16.18
14/11/2005,16.27
11/11/2005,16.12
10/11/2005,16.14
09/11/2005,15.9
08/11/2005,15.91
07/11/2005,15.92
04/11/2005,15.91
03/11/2005,15.79
02/11/2005,15.89
01/11/2005,15.89
31/10/2005,15.83
28/10/2005,15.57
27/10/2005,15.45
26/10/2005,15.67
25/10/2005,15.42
24/10/2005,15.34
21/10/2005,14.93
20/10/2005,14.9
19/10/2005,15.16
18/10/2005,15.11
17/10/2005,15.33
14/10/2005,14.89
13/10/2005,14.97
12/10/2005,15.09
11/10/2005,15.42
10/10/2005,15.48
07/10/2005,15.52
06/10/2005,15.3
05/10/2005,15.78
04/10/2005,15.96
03/10/2005,16.07
30/09/2005,16.09
29/09/2005,15.86
28/09/2005,15.9
27/09/2005,15.82
26/09/2005,15.79
23/09/2005,15.69
22/09/2005,15.67
21/09/2005,15.74
20/09/2005,15.56
19/09/2005,15.61
15/09/2005,15.4
14/09/2005,15.23
13/09/2005,15.07
12/09/2005,15.2
09/09/2005,15.18
08/09/2005,15.03
07/09/2005,15.17
06/09/2005,14.98
05/09/2005,14.87
02/09/2005,14.79
01/09/2005,14.45
31/08/2005,14.27
30/08/2005,14.1
29/08/2005,14.37
26/08/2005,14.43
25/08/2005,14.6
24/08/2005,14.58
23/08/2005,14.73
22/08/2005,14.77
19/08/2005,14.64
18/08/2005,14.56
17/08/2005,14.54
16/08/2005,14.55
15/08/2005,14.83
12/08/2005,14.7
11/08/2005,14.75
10/08/2005,14.69
09/08/2005,14.67
08/08/2005,14.58
05/08/2005,14.46
04/08/2005,14.6
03/08/2005,14.6
02/08/2005,14.65
01/08/2005,14.57
29/07/2005,14.42
28/07/2005,14.24
27/07/2005,14.18
26/07/2005,14.06
25/07/2005,14.08
22/07/2005,14.32
21/07/2005,14.27
20/07/2005,14.29
19/07/2005,14.16
18/07/2005,13.95
15/07/2005,13.95
14/07/2005,14.06
13/07/2005,13.99
12/07/2005,13.95
11/07/2005,13.81
08/07/2005,13.86
07/07/2005,13.82
06/07/2005,13.78
05/07/2005,13.64
04/07/2005,13.53
01/07/2005,13.5
30/06/2005,13.48
29/06/2005,13.51
28/06/2005,13.52
27/06/2005,13.47
24/06/2005,13.29
23/06/2005,13.38
22/06/2005,13.43
21/06/2005,13.56
20/06/2005,13.68
17/06/2005,13.62
16/06/2005,13.52
15/06/2005,13.42
14/06/2005,13.35
13/06/2005,13.31
10/06/2005,13.21
09/06/2005,13.36
08/06/2005,13.34
07/06/2005,13.34
06/06/2005,13.37
03/06/2005,13.27
02/06/2005,13.38
01/06/2005,13.23
31/05/2005,13.04
30/05/2005,13.15
27/05/2005,13.14
26/05/2005,13.18
25/05/2005,13.09
24/05/2005,13.04
23/05/2005,13.04
20/05/2005,12.9
19/05/2005,12.84
18/05/2005,12.8
17/05/2005,12.46
16/05/2005,12.46
13/05/2005,12.39
12/05/2005,12.48
11/05/2005,12.49
10/05/2005,12.53
09/05/2005,12.6
06/05/2005,12.62
05/05/2005,12.61
04/05/2005,12.65
03/05/2005,12.35
02/05/2005,12.45
29/04/2005,12.33
28/04/2005,12.27
27/04/2005,12.45
26/04/2005,12.6
25/04/2005,12.36
22/04/2005,12
21/04/2005,12.05
20/04/2005,11.82
19/04/2005,12.03
18/04/2005,11.75
15/04/2005,11.99
14/04/2005,12.26
13/04/2005,12.43
12/04/2005,12.49
11/04/2005,12.42
08/04/2005,12.52
07/04/2005,12.46
06/04/2005,12.16
05/04/2005,12.3
04/04/2005,12.57
01/04/2005,12.69
31/03/2005,12.68
30/03/2005,12.63
29/03/2005,12.6
28/03/2005,12.8
23/03/2005,12.82
22/03/2005,13.06
18/03/2005,13.07
17/03/2005,13.17
16/03/2005,13.09
15/03/2005,13.19
14/03/2005,13.3
11/03/2005,13.52
10/03/2005,13.44
09/03/2005,13.65
08/03/2005,13.77
07/03/2005,13.88
04/03/2005,13.86
03/03/2005,13.84
02/03/2005,13.82
01/03/2005,13.83
28/02/2005,13.8
25/02/2005,13.88
24/02/2005,13.69
23/02/2005,13.5
22/02/2005,13.49
21/02/2005,13.57
18/02/2005,13.56
17/02/2005,13.59
16/02/2005,13.63
15/02/2005,13.66
14/02/2005,13.56
11/02/2005,13.7
10/02/2005,13.68
09/02/2005,13.62
08/02/2005,13.51
07/02/2005,13.45
04/02/2005,13.46
03/02/2005,13.43
02/02/2005,13.35
01/02/2005,13.31
31/01/2005,13.1
28/01/2005,13.04
27/01/2005,13
26/01/2005,13.01
25/01/2005,12.86
24/01/2005,12.75
21/01/2005,12.68
20/01/2005,12.8
19/01/2005,12.99
18/01/2005,13.02
17/01/2005,12.81
14/01/2005,12.73
13/01/2005,12.46
12/01/2005,12.35
11/01/2005,12.32
10/01/2005,12.45
07/01/2005,12.51
06/01/2005,12.72
05/01/2005,12.61
04/01/2005,12.8
03/01/2005,13.02
31/12/2004,12.92
30/12/2004,12.97
29/12/2004,13
28/12/2004,12.95
27/12/2004,12.81
24/12/2004,12.82
23/12/2004,12.77
22/12/2004,12.74
21/12/2004,12.65
20/12/2004,12.55
17/12/2004,12.56
16/12/2004,12.5
15/12/2004,12.47
14/12/2004,12.45
13/12/2004,12.28
10/12/2004,12.27
09/12/2004,12.12
08/12/2004,12.15
07/12/2004,12.1
06/12/2004,12.2
03/12/2004,12.09
02/12/2004,12.06
01/12/2004,12.23
30/11/2004,12.13
29/11/2004,12.25
26/11/2004,12.06
25/11/2004,11.99
24/11/2004,11.93
23/11/2004,11.9
22/11/2004,11.89
19/11/2004,11.86
18/11/2004,12
17/11/2004,12
16/11/2004,11.95
15/11/2004,11.95
12/11/2004,11.95
11/11/2004,11.95
10/11/2004,11.79
09/11/2004,11.73
08/11/2004,11.72
05/11/2004,11.79
04/11/2004,11.83
03/11/2004,11.74
02/11/2004,11.6
01/11/2004,11.62
29/10/2004,11.56
28/10/2004,11.43
27/10/2004,11.51
26/10/2004,11.34
25/10/2004,11.2
22/10/2004,11.2
21/10/2004,11.16
20/10/2004,11.05
19/10/2004,11
18/10/2004,11.07
15/10/2004,11
14/10/2004,10.88
13/10/2004,10.94
12/10/2004,10.99
11/10/2004,10.97
08/10/2004,10.95
07/10/2004,11.1
06/10/2004,11.1
05/10/2004,11.07
04/10/2004,11.16
01/10/2004,11.06
30/09/2004,10.96
29/09/2004,10.95
28/09/2004,10.81
27/09/2004,10.65
24/09/2004,10.86
23/09/2004,10.78
22/09/2004,10.73
21/09/2004,10.83
20/09/2004,10.82
17/09/2004,10.8
15/09/2004,10.65
14/09/2004,10.65
13/09/2004,10.6
10/09/2004,10.67
09/09/2004,10.55
08/09/2004,10.55
07/09/2004,10.47
06/09/2004,10.38
03/09/2004,10.35
02/09/2004,10.42
01/09/2004,10.3
31/08/2004,10.26
30/08/2004,10.18
27/08/2004,10.22
26/08/2004,10.19
25/08/2004,10.22
24/08/2004,10.39
23/08/2004,10.32
20/08/2004,10.27
19/08/2004,10.15
18/08/2004,10.11
17/08/2004,10.04
16/08/2004,9.94
13/08/2004,9.84
12/08/2004,9.85
11/08/2004,9.9
10/08/2004,9.98
09/08/2004,9.85
06/08/2004,9.94
05/08/2004,10.13
04/08/2004,10.14
03/08/2004,10.24
02/08/2004,10.22
30/07/2004,10.16
29/07/2004,10.13
28/07/2004,10.15
27/07/2004,10.16
26/07/2004,9.95
23/07/2004,9.98
22/07/2004,10.01
21/07/2004,10.05
20/07/2004,10.08
19/07/2004,10
16/07/2004,9.99
15/07/2004,9.9
14/07/2004,9.9
13/07/2004,10.09
12/07/2004,10.15
09/07/2004,10.07
08/07/2004,10.03
07/07/2004,10.11
06/07/2004,10.16
05/07/2004,10.31
02/07/2004,10.27
01/07/2004,10.33
30/06/2004,10.34
29/06/2004,10.2
28/06/2004,10.2
25/06/2004,10.24
24/06/2004,10.21
23/06/2004,10.21
22/06/2004,10.2
21/06/2004,10.26
18/06/2004,10.27
17/06/2004,10.2
16/06/2004,10.21
15/06/2004,10.24
14/06/2004,10.14
11/06/2004,10.3
10/06/2004,10.3
09/06/2004,10.27
08/06/2004,10.37
07/06/2004,10.38
04/06/2004,10.04
03/06/2004,9.89
02/06/2004,9.97
01/06/2004,10.03
31/05/2004,9.99
28/05/2004,10.04
27/05/2004,10.15
26/05/2004,10.03
25/05/2004,9.98
24/05/2004,9.89
21/05/2004,9.83
20/05/2004,9.8
19/05/2004,9.77
18/05/2004,9.71
17/05/2004,9.64
14/05/2004,9.8
13/05/2004,9.77
12/05/2004,9.69
11/05/2004,9.62
10/05/2004,9.45
07/05/2004,9.77
06/05/2004,9.86
05/05/2004,10.13
04/05/2004,10.32
03/05/2004,10.18
30/04/2004,10
29/04/2004,10.04
28/04/2004,10.25
27/04/2004,10.59
26/04/2004,10.65
23/04/2004,10.73
22/04/2004,10.64
21/04/2004,10.53
20/04/2004,10.63
19/04/2004,10.64
16/04/2004,10.65
15/04/2004,10.59
14/04/2004,10.63
13/04/2004,10.7
12/04/2004,10.82
07/04/2004,10.72
06/04/2004,10.71
05/04/2004,10.77
02/04/2004,10.7
01/04/2004,10.64
31/03/2004,10.48
30/03/2004,10.47
29/03/2004,10.46
26/03/2004,10.41
25/03/2004,10.34
24/03/2004,10.14
23/03/2004,10.02
22/03/2004,9.87
19/03/2004,9.98
18/03/2004,9.93
17/03/2004,9.93
16/03/2004,9.81
15/03/2004,9.72
12/03/2004,9.78
11/03/2004,9.72
10/03/2004,9.95
09/03/2004,10.04
08/03/2004,10.1
05/03/2004,10.18
04/03/2004,10.15
03/03/2004,10.1
02/03/2004,10.08
01/03/2004,10.13
27/02/2004,9.95
26/02/2004,10
25/02/2004,9.85
24/02/2004,9.77
23/02/2004,9.73
20/02/2004,9.84
19/02/2004,10.03
18/02/2004,10.1
17/02/2004,10.1
16/02/2004,9.99
13/02/2004,9.94
12/02/2004,9.95
11/02/2004,9.84
10/02/2004,9.8
09/02/2004,9.88
06/02/2004,9.8
04/02/2004,9.64
03/02/2004,9.7
02/02/2004,9.64
30/01/2004,9.43
29/01/2004,9.45
28/01/2004,9.5
27/01/2004,9.57
26/01/2004,9.54
23/01/2004,9.46
22/01/2004,9.43
21/01/2004,9.39
20/01/2004,9.3
19/01/2004,9.2
16/01/2004,9.18
15/01/2004,9.13
14/01/2004,9.16
13/01/2004,9.1
12/01/2004,9.12
09/01/2004,9.1
08/01/2004,9.15
07/01/2004,9.08
06/01/2004,9.02
05/01/2004,9.04
02/01/2004,8.81
31/12/2003,8.8
30/12/2003,8.77
29/12/2003,8.71
26/12/2003,8.59
24/12/2003,8.61
23/12/2003,8.56
22/12/2003,8.54
19/12/2003,8.54
18/12/2003,8.52
17/12/2003,8.38
16/12/2003,8.32
15/12/2003,8.3
11/12/2003,8.41
10/12/2003,8.3
09/12/2003,8.4
08/12/2003,8.5
05/12/2003,8.46
04/12/2003,8.5
03/12/2003,8.53
02/12/2003,8.63
01/12/2003,8.6
28/11/2003,8.53
27/11/2003,8.43
26/11/2003,8.34
25/11/2003,8.25
24/11/2003,8.15
21/11/2003,8.31
19/11/2003,8.32
18/11/2003,8.54
17/11/2003,8.46
14/11/2003,8.59
13/11/2003,8.61
12/11/2003,8.51
11/11/2003,8.36
10/11/2003,8.36
07/11/2003,8.43
06/11/2003,8.34
05/11/2003,8.24
04/11/2003,8.26
03/11/2003,8.21
31/10/2003,8.06
30/10/2003,8
29/10/2003,7.95
28/10/2003,7.92
27/10/2003,7.89
24/10/2003,7.84
23/10/2003,7.88
22/10/2003,7.91
21/10/2003,7.93
20/10/2003,7.88
17/10/2003,7.86
16/10/2003,7.83
15/10/2003,7.85
14/10/2003,7.88
13/10/2003,8.1
10/10/2003,8.08
09/10/2003,8
08/10/2003,7.87
07/10/2003,7.9
06/10/2003,7.9
03/10/2003,7.93
02/10/2003,7.86
01/10/2003,8
30/09/2003,7.9
29/09/2003,7.87
26/09/2003,7.86
25/09/2003,7.86
24/09/2003,7.86
23/09/2003,7.89
22/09/2003,7.88
19/09/2003,7.95
18/09/2003,7.93
17/09/2003,7.82
15/09/2003,7.8
12/09/2003,7.79
11/09/2003,7.81
10/09/2003,7.81
09/09/2003,7.81
08/09/2003,7.9
05/09/2003,7.86
04/09/2003,7.8
03/09/2003,7.79
02/09/2003,7.75
01/09/2003,7.7
29/08/2003,7.63
28/08/2003,7.62
27/08/2003,7.57
26/08/2003,7.52
25/08/2003,7.45
22/08/2003,7.54
21/08/2003,7.56
20/08/2003,7.54
19/08/2003,7.57
18/08/2003,7.58
15/08/2003,7.48
14/08/2003,7.5
13/08/2003,7.46
12/08/2003,7.42
11/08/2003,7.42
08/08/2003,7.4
07/08/2003,7.36
06/08/2003,7.29
05/08/2003,7.34
04/08/2003,7.42
01/08/2003,7.39
31/07/2003,7.41
30/07/2003,7.34
29/07/2003,7.31
28/07/2003,7.38
25/07/2003,7.4
24/07/2003,7.39
23/07/2003,7.35
22/07/2003,7.24
21/07/2003,7.07
18/07/2003,7.1
17/07/2003,7.06
16/07/2003,7.11
15/07/2003,7.2
14/07/2003,7.24
11/07/2003,7.15
10/07/2003,7.15
09/07/2003,7.26
08/07/2003,7.31
07/07/2003,7.29
04/07/2003,7.18
03/07/2003,7.17
02/07/2003,7.21
01/07/2003,7.22
30/06/2003,7.12
27/06/2003,7.17
26/06/2003,7.18
25/06/2003,7.16
24/06/2003,7.18
23/06/2003,7.07
20/06/2003,7.16
19/06/2003,7.17
18/06/2003,7.21
17/06/2003,7.2
16/06/2003,7.1
13/06/2003,7.06
12/06/2003,7.14
11/06/2003,7.05
10/06/2003,6.98
09/06/2003,6.81
06/06/2003,6.9
05/06/2003,6.89
04/06/2003,6.92
03/06/2003,6.77
02/06/2003,6.78
30/05/2003,6.74
29/05/2003,6.71
28/05/2003,6.72
27/05/2003,6.7
26/05/2003,6.58
23/05/2003,6.61
22/05/2003,6.54
21/05/2003,6.43
20/05/2003,6.41
19/05/2003,6.52
16/05/2003,6.58
15/05/2003,6.63
14/05/2003,6.56
13/05/2003,6.53
12/05/2003,6.57
09/05/2003,6.53
08/05/2003,6.43
07/05/2003,6.61
06/05/2003,6.65
05/05/2003,6.65
02/05/2003,6.6
30/04/2003,6.57
29/04/2003,6.53
28/04/2003,6.46
25/04/2003,6.37
24/04/2003,6.42
23/04/2003,6.43
22/04/2003,6.43
21/04/2003,6.4
16/04/2003,6.37
15/04/2003,6.4
14/04/2003,6.27
11/04/2003,6.22
10/04/2003,6.2
09/04/2003,6.28
08/04/2003,6.31
07/04/2003,6.29
04/04/2003,6.2
03/04/2003,6.08
02/04/2003,6.06
01/04/2003,5.96
31/03/2003,5.95
28/03/2003,6.02
27/03/2003,6
26/03/2003,6
25/03/2003,6
24/03/2003,6.01
20/03/2003,6.11
19/03/2003,6.08
18/03/2003,6.09
17/03/2003,6.07
14/03/2003,6.03
13/03/2003,5.99
12/03/2003,5.85
11/03/2003,5.87
10/03/2003,5.92
07/03/2003,5.95
06/03/2003,5.96
05/03/2003,5.97
04/03/2003,5.95
03/03/2003,5.96
28/02/2003,5.96
27/02/2003,5.93
26/02/2003,5.9
25/02/2003,5.91
24/02/2003,5.94
21/02/2003,5.98
20/02/2003,5.91
19/02/2003,5.91
18/02/2003,5.91
17/02/2003,5.87
14/02/2003,5.82
13/02/2003,5.82
12/02/2003,5.8
11/02/2003,5.83
10/02/2003,5.87
07/02/2003,5.9
06/02/2003,5.93
04/02/2003,5.99
03/02/2003,6.06
31/01/2003,5.98
30/01/2003,5.91
29/01/2003,5.98
28/01/2003,5.93
27/01/2003,5.95
24/01/2003,6.03
23/01/2003,6.07
22/01/2003,6.05
21/01/2003,6.13
20/01/2003,6.21
17/01/2003,6.24
16/01/2003,6.37
15/01/2003,6.41
14/01/2003,6.42
13/01/2003,6.39
10/01/2003,6.36
09/01/2003,6.36
08/01/2003,6.31
07/01/2003,6.32
06/01/2003,6.35
03/01/2003,6.28
02/01/2003,6.28
31/12/2002,6.16
30/12/2002,6.14
27/12/2002,6.16
26/12/2002,6.21
24/12/2002,6.22
23/12/2002,6.22
20/12/2002,6.2
19/12/2002,6.17
18/12/2002,6.14
17/12/2002,6.19
16/12/2002,6.19
13/12/2002,6.11
11/12/2002,6.11
10/12/2002,6.08
09/12/2002,6.02
06/12/2002,6.15
05/12/2002,6.15
04/12/2002,6.18
03/12/2002,6.24
02/12/2002,6.22
29/11/2002,6.18
28/11/2002,6.18
27/11/2002,6.15
26/11/2002,5.94
25/11/2002,5.91
22/11/2002,5.86
21/11/2002,5.9
19/11/2002,5.68
18/11/2002,5.82
15/11/2002,5.9
14/11/2002,5.93
13/11/2002,5.84
12/11/2002,5.9
11/11/2002,5.95
08/11/2002,6.02
07/11/2002,6.06
06/11/2002,6.07
05/11/2002,6.08
04/11/2002,6.11
01/11/2002,6.08
31/10/2002,6
30/10/2002,5.98
29/10/2002,5.93
28/10/2002,5.96
25/10/2002,5.95
24/10/2002,5.96
23/10/2002,6.05
22/10/2002,6.03
21/10/2002,6.05
18/10/2002,6.01
17/10/2002,6
16/10/2002,5.99
15/10/2002,6.06
14/10/2002,5.88
11/10/2002,5.9
10/10/2002,5.8
09/10/2002,5.81
08/10/2002,5.89
07/10/2002,5.88
04/10/2002,5.89
03/10/2002,5.9
02/10/2002,5.86
01/10/2002,5.96
30/09/2002,5.8
27/09/2002,5.82
26/09/2002,6.01
25/09/2002,5.87
24/09/2002,5.73
23/09/2002,5.74
20/09/2002,5.8
19/09/2002,5.7
18/09/2002,5.99
17/09/2002,6.13
13/09/2002,6.18
12/09/2002,6.22
11/09/2002,6.26
10/09/2002,6.22
09/09/2002,6.17
06/09/2002,6.13
05/09/2002,6.1
04/09/2002,6.15
03/09/2002,6.11
02/09/2002,6.2
30/08/2002,6.25
29/08/2002,6.22
28/08/2002,6.15
27/08/2002,6.2
26/08/2002,6.26
23/08/2002,6.18
22/08/2002,6.26
21/08/2002,6.27
20/08/2002,6.21
19/08/2002,6.21
16/08/2002,6.2
15/08/2002,6.16
14/08/2002,6.06
13/08/2002,5.87
12/08/2002,5.93
09/08/2002,5.96
08/08/2002,6.08
07/08/2002,5.92
06/08/2002,5.77
05/08/2002,5.58
02/08/2002,5.63
01/08/2002,5.8
31/07/2002,6.03
30/07/2002,6.05
29/07/2002,6.11
26/07/2002,5.91
25/07/2002,5.93
24/07/2002,6.06
23/07/2002,5.98
22/07/2002,6.14
19/07/2002,6.37
18/07/2002,6.47
17/07/2002,6.41
16/07/2002,6.34
15/07/2002,6.37
12/07/2002,6.42
11/07/2002,6.39
10/07/2002,6.38
09/07/2002,6.52
08/07/2002,6.5
05/07/2002,6.48
04/07/2002,6.37
03/07/2002,6.32
02/07/2002,6.3
01/07/2002,6.38
28/06/2002,6.47
27/06/2002,6.39
26/06/2002,6.23
25/06/2002,6.37
24/06/2002,6.35
21/06/2002,6.49
20/06/2002,6.57
19/06/2002,6.74
18/06/2002,6.76
17/06/2002,6.82
14/06/2002,6.72
13/06/2002,6.79
12/06/2002,6.79
11/06/2002,6.89
10/06/2002,6.87
07/06/2002,6.87
06/06/2002,6.8
05/06/2002,6.98
04/06/2002,7.03
03/06/2002,7.04
31/05/2002,7.07
30/05/2002,7.09
29/05/2002,7.13
28/05/2002,7.3
27/05/2002,7.36
24/05/2002,7.38
23/05/2002,7.38
22/05/2002,7.37
21/05/2002,7.38
20/05/2002,7.45
17/05/2002,7.53
16/05/2002,7.48
15/05/2002,7.41
14/05/2002,7.36
13/05/2002,7.33
10/05/2002,7.32
09/05/2002,7.37
08/05/2002,7.52
07/05/2002,7.41
06/05/2002,7.52
03/05/2002,7.52
02/05/2002,7.47
30/04/2002,7.47
29/04/2002,7.42
26/04/2002,7.49
25/04/2002,7.47
24/04/2002,7.48
23/04/2002,7.39
22/04/2002,7.43
19/04/2002,7.5
18/04/2002,7.52
17/04/2002,7.53
16/04/2002,7.49
