Fecha,Cierre
2001-02-08,1.714
2001-02-09,1.8330000000000002
2001-02-12,1.8619999999999999
2001-02-13,1.757
2001-02-14,1.633
2001-02-15,1.609
2001-02-16,1.6469999999999998
2001-02-19,1.6369999999999998
2001-02-20,1.5959999999999999
2001-02-21,1.547
2001-02-22,1.528
2001-02-23,1.465
2001-02-28,1.4340000000000002
2001-03-01,1.403
2001-03-02,1.3780000000000001
2001-03-05,1.3940000000000001
2001-03-06,1.444
2001-03-07,1.4240000000000002
2001-03-08,1.429
2001-03-09,1.4369999999999998
2001-03-12,1.361
2001-03-13,1.3430000000000002
2001-03-14,1.28
2001-03-15,1.2570000000000001
2001-03-16,1.2930000000000001
2001-03-19,1.355
2001-03-20,1.274
2001-03-22,1.204
2001-03-23,1.181
2001-03-26,1.168
2001-03-27,1.1740000000000002
2001-03-28,1.155
2001-03-29,1.107
2001-03-30,1.143
2001-04-02,1.146
2001-04-03,1.13
2001-04-04,1.13
2001-04-05,1.178
2001-04-06,1.199
2001-04-09,1.2009999999999998
2001-04-10,1.249
2001-04-11,1.2670000000000001
2001-04-16,1.2590000000000001
2001-04-17,1.2819999999999998
2001-04-18,1.2930000000000001
2001-04-19,1.2919999999999998
2001-04-20,1.236
2001-04-23,1.2670000000000001
2001-04-24,1.274
2001-04-25,1.29
2001-04-26,1.3559999999999999
2001-04-27,1.381
2001-04-30,1.406
2001-05-02,1.4869999999999999
2001-05-03,1.5219999999999998
2001-05-04,1.505
2001-05-07,1.5119999999999998
2001-05-08,1.474
2001-05-09,1.5019999999999998
2001-05-10,1.52
2001-05-11,1.5219999999999998
2001-05-14,1.499
2001-05-15,1.489
2001-05-16,1.517
2001-05-17,1.5219999999999998
2001-05-18,1.588
2001-05-21,1.619
2001-05-22,1.639
2001-05-23,1.672
2001-05-24,1.621
2001-05-28,1.618
2001-05-29,1.581
2001-05-30,1.548
2001-05-31,1.555
2001-06-01,1.568
2001-06-04,1.571
2001-06-05,1.599
2001-06-06,1.6769999999999998
2001-06-07,1.659
2001-06-08,1.636
2001-06-11,1.609
2001-06-12,1.639
2001-06-13,1.629
2001-06-15,1.59
2001-06-19,1.49
2001-06-20,1.499
2001-06-21,1.515
2001-06-22,1.507
2001-06-25,1.518
2001-06-26,1.5330000000000001
2001-06-27,1.5430000000000001
2001-06-28,1.557
2001-06-29,1.5659999999999998
2001-07-02,1.614
2001-07-03,1.6280000000000001
2001-07-04,1.626
2001-07-05,1.6030000000000002
2001-07-06,1.555
2001-07-10,1.557
2001-07-11,1.537
2001-07-12,1.505
2001-07-13,1.475
2001-07-16,1.459
2001-07-17,1.4369999999999998
2001-07-18,1.4169999999999998
2001-07-19,1.432
2001-07-20,1.432
2001-07-23,1.4369999999999998
2001-07-24,1.4269999999999998
2001-07-25,1.4469999999999998
2001-07-26,1.479
2001-07-27,1.48
2001-07-30,1.4969999999999999
2001-07-31,1.495
2001-08-01,1.515
2001-08-02,1.55
2001-08-03,1.5530000000000002
2001-08-06,1.5230000000000001
2001-08-07,1.515
2001-08-08,1.51
2001-08-09,1.489
2001-08-10,1.499
2001-08-13,1.505
2001-08-14,1.505
2001-08-15,1.4469999999999998
2001-08-16,1.3630000000000002
2001-08-17,1.325
2001-08-21,1.338
2001-08-22,1.345
2001-08-23,1.338
2001-08-24,1.369
2001-08-27,1.376
2001-08-28,1.3330000000000002
2001-08-29,1.331
2001-08-30,1.295
2001-08-31,1.29
2001-09-03,1.2670000000000001
2001-09-04,1.237
2001-09-05,1.169
2001-09-06,1.104
2001-09-10,1.109
2001-09-11,1.012
2001-09-17,0.9690000000000001
2001-09-18,0.965
2001-09-19,0.982
2001-09-20,0.987
2001-09-21,1.02
2001-09-24,1.1059999999999999
2001-09-25,1.083
2001-09-26,1.078
2001-09-27,1.111
2001-09-28,1.167
2001-10-01,1.169
2001-10-02,1.176
2001-10-03,1.163
2001-10-04,1.158
2001-10-05,1.1440000000000001
2001-10-08,1.113
2001-10-09,1.1440000000000001
2001-10-10,1.187
2001-10-11,1.194
2001-10-15,1.1159999999999999
2001-10-16,1.1159999999999999
2001-10-17,1.103
2001-10-18,1.071
2001-10-19,1.091
2001-10-22,1.083
2001-10-23,1.095
2001-10-24,1.158
2001-10-25,1.166
2001-10-26,1.141
2001-10-29,1.111
2001-10-30,1.113
2001-10-31,1.146
2001-11-01,1.172
2001-11-05,1.187
2001-11-07,1.181
2001-11-08,1.1740000000000002
2001-11-09,1.181
2001-11-12,1.158
2001-11-13,1.206
2001-11-14,1.254
2001-11-16,1.24
2001-11-19,1.234
2001-11-21,1.197
2001-11-22,1.214
2001-11-23,1.23
2001-11-26,1.249
2001-11-27,1.28
2001-11-28,1.29
2001-11-29,1.31
2001-11-30,1.32
2001-12-03,1.337
2001-12-04,1.358
2001-12-05,1.413
2001-12-06,1.406
2001-12-07,1.4340000000000002
2001-12-10,1.425
2001-12-11,1.426
2001-12-13,1.368
2001-12-14,1.4080000000000001
2001-12-17,1.4580000000000002
2001-12-18,1.453
2001-12-19,1.446
2001-12-20,1.453
2001-12-21,1.464
2001-12-26,1.483
2001-12-27,1.4880000000000002
2001-12-28,1.4880000000000002
2002-01-02,1.463
2002-01-03,1.526
2002-01-04,1.517
2002-01-07,1.506
2002-01-08,1.526
2002-01-09,1.492
2002-01-10,1.416
2002-01-11,1.416
2002-01-14,1.409
2002-01-15,1.4909999999999999
2002-01-16,1.507
2002-01-17,1.507
2002-01-18,1.476
2002-01-21,1.459
2002-01-22,1.4280000000000002
2002-01-23,1.492
2002-01-24,1.4909999999999999
2002-01-28,1.521
2002-01-29,1.4880000000000002
2002-01-30,1.4609999999999999
2002-01-31,1.5090000000000001
2002-02-01,1.4480000000000002
2002-02-04,1.3980000000000001
2002-02-06,1.396
2002-02-07,1.4
2002-02-08,1.409
2002-02-13,1.39
2002-02-14,1.413
2002-02-15,1.411
2002-02-18,1.411
2002-02-19,1.358
2002-02-20,1.36
2002-02-21,1.358
2002-02-22,1.3559999999999999
2002-02-25,1.368
2002-02-26,1.386
2002-02-27,1.409
2002-02-28,1.371
2002-03-01,1.4
2002-03-04,1.4509999999999998
2002-03-05,1.4509999999999998
2002-03-06,1.4880000000000002
2002-03-07,1.4380000000000002
2002-03-08,1.479
2002-03-11,1.499
2002-03-12,1.524
2002-03-13,1.489
2002-03-14,1.4709999999999999
2002-03-15,1.483
2002-03-18,1.507
2002-03-19,1.526
2002-03-20,1.5219999999999998
2002-03-22,1.5319999999999998
2002-03-25,1.501
2002-03-26,1.484
2002-03-27,1.486
2002-04-01,1.466
2002-04-03,1.433
2002-04-04,1.4680000000000002
2002-04-05,1.4809999999999999
2002-04-08,1.449
2002-04-09,1.429
2002-04-10,1.4709999999999999
2002-04-11,1.431
2002-04-12,1.406
2002-04-15,1.396
2002-04-16,1.439
2002-04-17,1.466
2002-04-18,1.4909999999999999
2002-04-19,1.4780000000000002
2002-04-22,1.4680000000000002
2002-04-23,1.4380000000000002
2002-04-24,1.469
2002-04-25,1.4709999999999999
2002-04-26,1.4780000000000002
2002-04-29,1.453
2002-04-30,1.4509999999999998
2002-05-02,1.426
2002-05-03,1.4609999999999999
2002-05-06,1.464
2002-05-07,1.4280000000000002
2002-05-08,1.474
2002-05-09,1.4580000000000002
2002-05-10,1.4509999999999998
2002-05-13,1.463
2002-05-14,1.4609999999999999
2002-05-15,1.473
2002-05-16,1.506
2002-05-17,1.514
2002-05-20,1.496
2002-05-21,1.469
2002-05-22,1.479
2002-05-23,1.492
2002-05-24,1.4809999999999999
2002-05-27,1.486
2002-05-28,1.4680000000000002
2002-05-29,1.439
2002-05-31,1.389
2002-06-03,1.36
2002-06-04,1.376
2002-06-05,1.358
2002-06-06,1.276
2002-06-07,1.253
2002-06-10,1.215
2002-06-11,1.212
2002-06-12,1.19
2002-06-13,1.185
2002-06-14,1.182
2002-06-17,1.183
2002-06-18,1.205
2002-06-19,1.205
2002-06-20,1.178
2002-06-21,1.157
2002-06-24,1.079
2002-06-25,1.077
2002-06-26,0.992
2002-06-27,1.115
2002-06-28,1.109
2002-07-01,1.107
2002-07-02,1.07
2002-07-03,1.105
2002-07-04,1.122
2002-07-05,1.157
2002-07-08,1.16
2002-07-10,1.109
2002-07-11,1.1320000000000001
2002-07-12,1.135
2002-07-15,1.17
2002-07-16,1.1640000000000001
2002-07-17,1.159
2002-07-18,1.157
2002-07-19,1.125
2002-07-22,1.056
2002-07-23,1.041
2002-07-24,1.074
2002-07-25,1.072
2002-07-26,1.079
2002-07-29,1.092
2002-07-30,1.0590000000000002
2002-07-31,1.042
2002-08-01,0.976
2002-08-02,0.9690000000000001
2002-08-05,0.9520000000000001
2002-08-06,0.981
2002-08-07,1.0090000000000001
2002-08-08,1.107
2002-08-09,1.077
2002-08-12,1.112
2002-08-13,1.075
2002-08-14,1.129
2002-08-15,1.147
2002-08-16,1.155
2002-08-19,1.139
2002-08-20,1.135
2002-08-21,1.147
2002-08-22,1.139
2002-08-23,1.125
2002-08-26,1.1520000000000001
2002-08-27,1.137
2002-08-28,1.135
2002-08-29,1.159
2002-08-30,1.157
2002-09-02,1.145
2002-09-03,1.13
2002-09-04,1.13
2002-09-05,1.127
2002-09-06,1.157
2002-09-09,1.1520000000000001
2002-09-10,1.172
2002-09-11,1.1840000000000002
2002-09-12,1.175
2002-09-13,1.169
2002-09-17,1.157
2002-09-18,1.125
2002-09-19,1.056
2002-09-20,1.117
2002-09-23,1.115
2002-09-24,1.102
2002-09-25,1.122
2002-09-26,1.124
2002-09-27,1.057
2002-09-30,1.031
2002-10-01,1.087
2002-10-02,1.062
2002-10-03,1.089
2002-10-04,1.075
2002-10-07,1.08
2002-10-08,1.057
2002-10-09,1.0090000000000001
2002-10-10,1.022
2002-10-11,1.0590000000000002
2002-10-15,1.12
2002-10-16,1.079
2002-10-17,1.12
2002-10-18,1.119
2002-10-21,1.157
2002-10-22,1.137
2002-10-23,1.137
2002-10-24,1.124
2002-10-25,1.12
2002-10-28,1.119
2002-10-29,1.127
2002-10-30,1.1440000000000001
2002-10-31,1.149
2002-11-01,1.149
2002-11-04,1.165
2002-11-05,1.155
2002-11-07,1.162
2002-11-08,1.145
2002-11-11,1.1420000000000001
2002-11-12,1.15
2002-11-13,1.13
2002-11-14,1.159
2002-11-18,1.115
2002-11-19,1.097
2002-11-21,1.185
2002-11-22,1.175
2002-11-25,1.1840000000000002
2002-11-26,1.225
2002-11-27,1.272
2002-11-28,1.264
2002-11-29,1.2570000000000001
2002-12-02,1.287
2002-12-03,1.285
2002-12-04,1.2690000000000001
2002-12-05,1.262
2002-12-06,1.2690000000000001
2002-12-09,1.232
2002-12-10,1.255
2002-12-11,1.239
2002-12-13,1.215
2002-12-16,1.244
2002-12-17,1.254
2002-12-18,1.234
2002-12-19,1.245
2002-12-20,1.272
2002-12-23,1.275
2002-12-26,1.2690000000000001
2002-12-27,1.2590000000000001
2002-12-30,1.25
2003-01-02,1.272
2003-01-03,1.2770000000000001
2003-01-06,1.31
2003-01-07,1.305
2003-01-08,1.3
2003-01-09,1.297
2003-01-10,1.2890000000000001
2003-01-13,1.3
2003-01-14,1.349
2003-01-15,1.3519999999999999
2003-01-16,1.335
2003-01-17,1.317
2003-01-20,1.295
2003-01-21,1.314
2003-01-22,1.262
2003-01-23,1.2670000000000001
2003-01-24,1.254
2003-01-27,1.2590000000000001
2003-01-28,1.264
2003-01-29,1.2819999999999998
2003-01-30,1.2790000000000001
2003-01-31,1.2819999999999998
2003-02-03,1.295
2003-02-04,1.285
2003-02-06,1.264
2003-02-07,1.255
2003-02-10,1.2570000000000001
2003-02-11,1.212
2003-02-12,1.165
2003-02-13,1.172
2003-02-14,1.1640000000000001
2003-02-17,1.1840000000000002
2003-02-18,1.205
2003-02-19,1.22
2003-02-20,1.227
2003-02-21,1.239
2003-02-24,1.239
2003-02-25,1.23
2003-02-26,1.232
2003-02-27,1.227
2003-02-28,1.27
2003-03-05,1.26
2003-03-06,1.2819999999999998
2003-03-07,1.2919999999999998
2003-03-10,1.2670000000000001
2003-03-11,1.26
2003-03-12,1.24
2003-03-13,1.25
2003-03-14,1.2690000000000001
2003-03-17,1.265
2003-03-18,1.27
2003-03-19,1.264
2003-03-20,1.249
2003-03-24,1.215
2003-03-25,1.218
2003-03-26,1.227
2003-03-27,1.2229999999999999
2003-03-28,1.218
2003-04-01,1.215
2003-04-02,1.24
2003-04-03,1.258
2003-04-04,1.295
2003-04-07,1.3219999999999998
2003-04-08,1.338
2003-04-09,1.3319999999999999
2003-04-10,1.307
2003-04-11,1.3219999999999998
2003-04-14,1.3319999999999999
2003-04-15,1.3519999999999999
2003-04-16,1.3430000000000002
2003-04-22,1.3880000000000001
2003-04-23,1.39
2003-04-24,1.445
2003-04-25,1.4480000000000002
2003-04-28,1.445
2003-04-29,1.455
2003-04-30,1.442
2003-05-02,1.493
2003-05-05,1.517
2003-05-06,1.493
2003-05-07,1.5
2003-05-08,1.445
2003-05-09,1.4980000000000002
2003-05-12,1.507
2003-05-13,1.4980000000000002
2003-05-14,1.5430000000000001
2003-05-15,1.568
2003-05-16,1.5230000000000001
2003-05-19,1.485
2003-05-20,1.4769999999999999
2003-05-21,1.48
2003-05-22,1.5119999999999998
2003-05-23,1.537
2003-05-26,1.53
2003-05-27,1.5630000000000002
2003-05-28,1.54
2003-05-29,1.548
2003-05-30,1.575
2003-06-02,1.6
2003-06-03,1.607
2003-06-04,1.635
2003-06-05,1.57
2003-06-06,1.565
2003-06-09,1.5619999999999998
2003-06-10,1.58
2003-06-11,1.577
2003-06-12,1.598
2003-06-13,1.585
2003-06-17,1.6269999999999998
2003-06-18,1.635
2003-06-20,1.607
2003-06-23,1.587
2003-06-24,1.6269999999999998
2003-06-25,1.6119999999999999
2003-06-26,1.64
2003-06-27,1.633
2003-06-30,1.635
2003-07-01,1.6769999999999998
2003-07-02,1.69
2003-07-03,1.665
2003-07-07,1.7080000000000002
2003-07-08,1.703
2003-07-10,1.673
2003-07-11,1.67
2003-07-14,1.71
2003-07-15,1.722
2003-07-16,1.7280000000000002
2003-07-17,1.7069999999999999
2003-07-18,1.725
2003-07-21,1.742
2003-07-22,1.858
2003-07-23,1.922
2003-07-24,1.9169999999999998
2003-07-25,1.982
2003-07-28,1.98
2003-07-29,1.923
2003-07-30,1.922
2003-07-31,1.963
2003-08-01,1.943
2003-08-04,1.915
2003-08-05,1.882
2003-08-06,1.883
2003-08-07,1.9269999999999998
2003-08-08,1.9769999999999999
2003-08-11,1.985
2003-08-12,1.982
2003-08-13,2.022
2003-08-14,2.0469999999999997
2003-08-15,2.06
2003-08-19,2.088
2003-08-20,2.05
2003-08-21,2.077
2003-08-22,2.068
2003-08-25,2.0469999999999997
2003-08-26,2.04
2003-08-27,2.053
2003-08-28,2.102
2003-08-29,2.1319999999999997
2003-09-01,2.15
2003-09-02,2.165
2003-09-03,2.137
2003-09-04,2.16
2003-09-05,2.1630000000000003
2003-09-08,2.147
2003-09-09,2.1069999999999998
2003-09-10,2.113
2003-09-11,2.115
2003-09-12,2.117
2003-09-15,2.1069999999999998
2003-09-17,2.115
2003-09-18,2.153
2003-09-19,2.1430000000000002
2003-09-22,2.125
2003-09-23,2.137
2003-09-24,2.122
2003-09-25,2.127
2003-09-26,2.127
2003-09-29,2.145
2003-09-30,2.1180000000000003
2003-10-01,2.138
2003-10-02,2.0669999999999997
2003-10-03,2.095
2003-10-06,2.093
2003-10-07,2.138
2003-10-08,2.167
2003-10-09,2.175
2003-10-10,2.188
2003-10-13,2.195
2003-10-14,2.167
2003-10-15,2.145
2003-10-16,2.142
2003-10-17,2.155
2003-10-20,2.147
2003-10-21,2.188
2003-10-22,2.137
2003-10-23,2.13
2003-10-24,2.1319999999999997
2003-10-27,2.1519999999999997
2003-10-28,2.16
2003-10-29,2.142
2003-10-30,2.177
2003-10-31,2.1919999999999997
2003-11-03,2.282
2003-11-04,2.293
2003-11-05,2.2880000000000003
2003-11-06,2.313
2003-11-07,2.375
2003-11-10,2.325
2003-11-11,2.332
2003-11-12,2.3819999999999997
2003-11-13,2.435
2003-11-14,2.4330000000000003
2003-11-17,2.397
2003-11-18,2.425
2003-11-19,2.325
2003-11-21,2.35
2003-11-24,2.32
2003-11-25,2.34
2003-11-26,2.37
2003-11-27,2.3930000000000002
2003-11-28,2.468
2003-12-01,2.49
2003-12-02,2.5580000000000003
2003-12-03,2.542
2003-12-04,2.535
2003-12-05,2.532
2003-12-08,2.512
2003-12-09,2.44
2003-12-10,2.425
2003-12-11,2.45
2003-12-15,2.448
2003-12-16,2.432
2003-12-17,2.44
2003-12-18,2.4730000000000003
2003-12-19,2.5
2003-12-22,2.5180000000000002
2003-12-23,2.5
2003-12-24,2.535
2003-12-26,2.533
2003-12-29,2.542
2003-12-30,2.5580000000000003
2003-12-31,2.577
2004-01-01,2.577
2004-01-02,2.62
2004-01-05,2.767
2004-01-06,2.722
2004-01-07,2.737
2004-01-08,2.787
2004-01-09,2.845
2004-01-12,2.855
2004-01-13,2.867
2004-01-14,2.83
2004-01-15,2.8280000000000003
2004-01-16,2.85
2004-01-19,2.872
2004-01-20,2.952
2004-01-21,2.9730000000000003
2004-01-22,2.98
2004-01-23,3.01
2004-01-26,3.0380000000000003
2004-01-27,3.035
2004-01-28,2.943
2004-01-29,2.912
2004-01-30,2.915
2004-02-02,2.975
2004-02-03,2.9819999999999998
2004-02-04,3.005
2004-02-05,3.005
2004-02-06,3.028
2004-02-09,3.103
2004-02-10,3.068
2004-02-11,3.085
2004-02-12,3.197
2004-02-13,3.2569999999999997
2004-02-16,3.2680000000000002
2004-02-17,3.338
2004-02-18,3.3480000000000003
2004-02-19,3.325
2004-02-20,3.233
2004-02-23,3.215
2004-02-24,3.2680000000000002
2004-02-25,3.252
2004-02-26,3.273
2004-02-27,3.282
2004-03-01,3.388
2004-03-02,3.347
2004-03-03,3.3369999999999997
2004-03-04,3.465
2004-03-05,3.445
2004-03-08,3.378
2004-03-09,3.375
2004-03-10,3.362
2004-03-11,3.273
2004-03-12,3.262
2004-03-15,3.2430000000000003
2004-03-16,3.238
2004-03-17,3.263
2004-03-18,3.2880000000000003
2004-03-19,3.4619999999999997
2004-03-22,3.3569999999999998
2004-03-23,3.427
2004-03-24,3.443
2004-03-25,3.563
2004-03-26,3.557
2004-03-29,3.638
2004-03-30,3.642
2004-03-31,3.597
2004-04-01,3.648
2004-04-02,3.685
2004-04-05,3.655
2004-04-06,3.6180000000000003
2004-04-07,3.635
2004-04-12,3.713
2004-04-13,3.662
2004-04-14,3.59
2004-04-15,3.532
2004-04-16,3.5180000000000002
2004-04-19,3.53
2004-04-20,3.572
2004-04-21,3.542
2004-04-22,3.565
2004-04-23,3.588
2004-04-26,3.557
2004-04-27,3.617
2004-04-28,3.447
2004-04-29,3.272
2004-04-30,3.217
2004-05-03,3.352
2004-05-04,3.443
2004-05-05,3.3480000000000003
2004-05-06,3.237
2004-05-07,3.2
2004-05-10,3.048
2004-05-11,3.2230000000000003
2004-05-12,3.25
2004-05-13,3.27
2004-05-14,3.263
2004-05-17,3.1630000000000003
2004-05-18,3.24
2004-05-19,3.29
2004-05-20,3.293
2004-05-21,3.28
2004-05-24,3.315
2004-05-25,3.358
2004-05-26,3.385
2004-05-27,3.4019999999999997
2004-05-28,3.3369999999999997
2004-05-31,3.343
2004-06-01,3.3369999999999997
2004-06-02,3.302
2004-06-03,3.267
2004-06-04,3.3930000000000002
2004-06-07,3.55
2004-06-08,3.557
2004-06-09,3.4819999999999998
2004-06-10,3.5
2004-06-11,3.503
2004-06-14,3.398
2004-06-15,3.455
2004-06-16,3.43
2004-06-17,3.447
2004-06-18,3.505
2004-06-21,3.4619999999999997
2004-06-22,3.423
2004-06-23,3.4019999999999997
2004-06-24,3.432
2004-06-25,3.4330000000000003
2004-06-28,3.428
2004-06-29,3.418
2004-06-30,3.492
2004-07-01,3.503
2004-07-02,3.495
2004-07-05,3.495
2004-07-06,3.45
2004-07-07,3.438
2004-07-08,3.478
2004-07-09,3.45
2004-07-12,3.468
2004-07-13,3.452
2004-07-14,3.358
2004-07-15,3.358
2004-07-16,3.405
2004-07-19,3.465
2004-07-20,3.4930000000000003
2004-07-21,3.438
2004-07-22,3.455
2004-07-23,3.398
2004-07-26,3.44
2004-07-27,3.505
2004-07-28,3.4019999999999997
2004-07-29,3.378
2004-07-30,3.4019999999999997
2004-08-02,3.427
2004-08-03,3.372
2004-08-04,3.22
2004-08-05,3.258
2004-08-06,3.182
2004-08-09,3.127
2004-08-10,3.158
2004-08-11,3.1069999999999998
2004-08-12,3.13
2004-08-13,3.1180000000000003
2004-08-16,3.197
2004-08-17,3.2430000000000003
2004-08-18,3.2569999999999997
2004-08-19,3.263
2004-08-20,3.262
2004-08-23,3.242
2004-08-24,3.258
2004-08-25,3.25
2004-08-26,3.2230000000000003
2004-08-27,3.225
2004-08-30,3.217
2004-08-31,3.258
2004-09-01,3.3169999999999997
2004-09-02,3.307
2004-09-03,3.272
2004-09-06,3.3
2004-09-07,3.342
2004-09-08,3.4130000000000003
2004-09-09,3.468
2004-09-10,3.563
2004-09-13,3.523
2004-09-14,3.572
2004-09-15,3.573
2004-09-17,3.668
2004-09-20,3.6919999999999997
2004-09-21,3.6630000000000003
2004-09-22,3.613
2004-09-23,3.5980000000000003
2004-09-24,3.62
2004-09-27,3.62
2004-09-28,3.675
2004-09-29,3.708
2004-09-30,3.705
2004-10-01,3.7969999999999997
2004-10-04,3.8680000000000003
2004-10-05,3.83
2004-10-06,3.758
2004-10-07,3.755
2004-10-08,3.6719999999999997
2004-10-11,3.68
2004-10-12,3.697
2004-10-13,3.6919999999999997
2004-10-14,3.658
2004-10-15,3.735
2004-10-18,3.773
2004-10-19,3.772
2004-10-20,3.82
2004-10-21,3.783
2004-10-22,3.7769999999999997
2004-10-25,3.737
2004-10-26,3.948
2004-10-27,4.183
2004-10-28,4.12
2004-10-29,4.245
2004-11-01,4.258
2004-11-02,4.187
2004-11-03,4.285
2004-11-04,4.337
2004-11-05,4.24
2004-11-08,4.185
2004-11-09,4.215
2004-11-10,4.192
2004-11-11,4.252
2004-11-12,4.227
2004-11-15,4.1930000000000005
2004-11-16,4.19
2004-11-17,4.1930000000000005
2004-11-18,4.21
2004-11-19,4.103
2004-11-22,4.133
2004-11-23,4.105
2004-11-24,4.128
2004-11-25,4.178
2004-11-26,4.2330000000000005
2004-11-29,4.348
2004-11-30,4.352
2004-12-01,4.3919999999999995
2004-12-02,4.3180000000000005
2004-12-03,4.37
2004-12-06,4.503
2004-12-07,4.493
2004-12-08,4.453
2004-12-09,4.408
2004-12-10,4.4830000000000005
2004-12-13,4.522
2004-12-14,4.695
2004-12-15,4.688
2004-12-16,4.6819999999999995
2004-12-17,4.762
2004-12-20,4.727
2004-12-21,4.788
2004-12-22,4.788
2004-12-23,4.797
2004-12-24,4.832
2004-12-27,4.833
2004-12-28,4.865
2004-12-29,4.91
2004-12-30,4.883
2004-12-31,4.853
2005-01-03,5.008
2005-01-04,4.828
2005-01-05,4.7330000000000005
2005-01-06,4.765
2005-01-07,4.65
2005-01-10,4.595
2005-01-11,4.47
2005-01-12,4.505
2005-01-13,4.585
2005-01-14,4.725
2005-01-17,4.7669999999999995
2005-01-18,4.837
2005-01-19,4.86
2005-01-20,4.6819999999999995
2005-01-21,4.638
2005-01-24,4.622
2005-01-25,4.743
2005-01-26,4.868
2005-01-27,4.802
2005-01-28,4.92
2005-01-31,4.933
2005-02-01,5.053
2005-02-02,5.092
2005-02-03,5.15
2005-02-04,5.202999999999999
2005-02-07,5.24
2005-02-08,5.19
2005-02-09,5.307
2005-02-10,5.218
2005-02-11,5.212000000000001
2005-02-14,5.175
2005-02-15,5.31
2005-02-16,5.292999999999999
2005-02-17,5.247000000000001
2005-02-18,5.162000000000001
2005-02-21,5.2
2005-02-22,5.17
2005-02-23,5.183
2005-02-24,5.337000000000001
2005-02-25,5.445
2005-02-28,5.407
2005-03-01,5.432
2005-03-02,5.33
2005-03-03,5.353
2005-03-04,5.32
2005-03-07,5.37
2005-03-08,5.223
2005-03-09,5.195
2005-03-10,5.117
2005-03-11,5.222
2005-03-14,5.062
2005-03-15,5.042
2005-03-16,4.947
2005-03-17,5.055
2005-03-18,5.025
2005-03-22,4.973
2005-03-23,4.768
2005-03-28,4.842
2005-03-29,4.757
2005-03-30,4.84
2005-03-31,4.797
2005-04-01,4.837
2005-04-04,4.813
2005-04-05,4.753
2005-04-06,4.638
2005-04-07,4.8180000000000005
2005-04-08,4.8069999999999995
2005-04-11,4.738
2005-04-12,4.8580000000000005
2005-04-13,4.827
2005-04-14,4.72
2005-04-15,4.628
2005-04-18,4.498
2005-04-19,4.62
2005-04-20,4.452
2005-04-21,4.533
2005-04-22,4.555
2005-04-25,4.793
2005-04-26,4.9030000000000005
2005-04-27,4.787
2005-04-28,4.663
2005-04-29,4.582
2005-05-02,4.638
2005-05-03,4.585
2005-05-04,4.798
2005-05-05,4.742
2005-05-06,4.812
2005-05-09,4.715
2005-05-10,4.717
2005-05-11,4.795
2005-05-12,4.833
2005-05-13,4.78
2005-05-16,4.842
2005-05-17,4.885
2005-05-18,5.098
2005-05-19,5.117
2005-05-20,5.143
2005-05-23,5.207999999999999
2005-05-24,5.1770000000000005
2005-05-25,5.18
2005-05-26,5.197
2005-05-27,5.218
2005-05-30,5.218
2005-05-31,5.1370000000000005
2005-06-01,5.197
2005-06-02,5.24
2005-06-03,5.1579999999999995
2005-06-06,5.145
2005-06-07,5.075
2005-06-08,5.103
2005-06-09,5.162999999999999
2005-06-10,5.1370000000000005
2005-06-13,5.1770000000000005
2005-06-14,5.303
2005-06-15,5.397
2005-06-16,5.375
2005-06-17,5.465
2005-06-20,5.523
2005-06-21,5.428
2005-06-22,5.32
2005-06-23,5.282
2005-06-24,5.267
2005-06-27,5.393
2005-06-28,5.372999999999999
2005-06-29,5.36
2005-06-30,5.337000000000001
2005-07-01,5.332000000000001
2005-07-04,5.332999999999999
2005-07-05,5.3870000000000005
2005-07-06,5.447
2005-07-07,5.4879999999999995
2005-07-08,5.42
2005-07-11,5.358
2005-07-12,5.49
2005-07-13,5.517
2005-07-14,5.577000000000001
2005-07-15,5.47
2005-07-18,5.46
2005-07-19,5.62
2005-07-20,5.68
2005-07-21,5.63
2005-07-22,5.675
2005-07-25,5.53
2005-07-26,5.53
2005-07-27,5.5
2005-07-28,5.6
2005-07-29,5.89
2005-08-01,6.03
2005-08-02,5.975
2005-08-03,5.855
2005-08-04,5.815
2005-08-05,5.78
2005-08-08,5.905
2005-08-09,5.935
2005-08-10,5.995
2005-08-11,6.045
2005-08-12,5.91
2005-08-15,5.975
2005-08-16,5.81
2005-08-17,5.84
2005-08-18,5.94
2005-08-19,5.995
2005-08-22,6.06
2005-08-23,6.0
2005-08-24,5.955
2005-08-25,6.035
2005-08-26,5.97
2005-08-29,5.98
2005-08-30,5.815
2005-08-31,5.905
2005-09-01,6.145
2005-09-02,6.375
2005-09-05,6.425
2005-09-06,6.465
2005-09-07,6.52
2005-09-08,6.395
2005-09-09,6.42
2005-09-12,6.37
2005-09-13,6.265
2005-09-14,6.34
2005-09-15,6.44
2005-09-19,6.545
2005-09-20,6.575
2005-09-21,6.815
2005-09-22,6.8
2005-09-23,6.81
2005-09-26,6.905
2005-09-27,6.91
2005-09-28,6.96
2005-09-29,6.885
2005-09-30,7.095
2005-10-03,6.96
2005-10-04,6.935
2005-10-05,6.855
2005-10-06,6.53
2005-10-07,6.69
2005-10-10,6.565
2005-10-11,6.61
2005-10-12,6.345
2005-10-13,6.31
2005-10-14,6.275
2005-10-17,6.48
2005-10-18,6.415
2005-10-19,6.39
2005-10-20,6.225
2005-10-21,6.255
2005-10-24,6.595
2005-10-25,6.66
2005-10-26,6.935
2005-10-27,6.79
2005-10-28,6.945
2005-10-31,7.065
2005-11-01,7.18
2005-11-02,7.12
2005-11-03,7.085
2005-11-04,7.05
2005-11-07,7.04
2005-11-08,7.035
2005-11-09,7.015
2005-11-10,7.09
2005-11-11,7.15
2005-11-14,7.3
2005-11-15,7.21
2005-11-16,7.285
2005-11-17,7.395
2005-11-18,7.455
2005-11-21,7.65
2005-11-22,7.795
2005-11-23,7.585
2005-11-24,7.595
2005-11-25,7.62
2005-11-28,7.695
2005-11-29,7.52
2005-11-30,7.55
2005-12-01,7.745
2005-12-02,7.79
2005-12-05,7.92
2005-12-06,8.075
2005-12-07,7.92
2005-12-08,7.855
2005-12-09,8.13
2005-12-13,8.225
2005-12-14,8.31
2005-12-15,8.095
2005-12-16,8.015
2005-12-19,8.03
2005-12-20,8.135
2005-12-21,8.045
2005-12-22,7.94
2005-12-23,7.945
2005-12-26,7.93
2005-12-27,7.895
2005-12-28,7.765
2005-12-29,7.905
2005-12-30,7.775
2006-01-02,7.83
2006-01-03,8.255
2006-01-04,8.535
2006-01-05,8.445
2006-01-06,8.555
2006-01-09,8.76
2006-01-10,8.665
2006-01-11,8.87
2006-01-12,8.78
2006-01-13,8.825
2006-01-16,8.86
2006-01-17,8.43
2006-01-18,8.445
2006-01-19,8.6
2006-01-20,8.435
2006-01-23,8.485
2006-01-24,8.865
2006-01-25,8.82
2006-01-26,9.11
2006-01-27,8.925
2006-01-30,8.825
2006-01-31,8.835
2006-02-01,8.935
2006-02-02,8.775
2006-02-03,8.66
2006-02-07,8.64
2006-02-08,8.895
2006-02-09,8.815
2006-02-10,8.84
2006-02-13,8.585
2006-02-14,8.63
2006-02-15,8.805
2006-02-16,9.01
2006-02-17,8.93
2006-02-20,8.94
2006-02-21,8.895
2006-02-22,9.07
2006-02-23,9.3
2006-02-24,9.37
2006-02-27,9.125
2006-02-28,9.09
2006-03-01,9.325
2006-03-02,9.33
2006-03-03,9.32
2006-03-06,9.3
2006-03-07,9.075
2006-03-08,8.93
2006-03-09,8.94
2006-03-10,8.9
2006-03-13,9.145
2006-03-14,9.32
2006-03-15,9.295
2006-03-16,9.31
2006-03-17,9.49
2006-03-20,9.625
2006-03-22,9.53
2006-03-23,9.38
2006-03-24,9.405
2006-03-27,9.34
2006-03-28,9.23
2006-03-29,9.245
2006-03-30,9.25
2006-03-31,9.295
2006-04-03,9.54
2006-04-04,9.5
2006-04-05,9.565
2006-04-06,9.485
2006-04-07,9.155
2006-04-10,9.17
2006-04-11,9.13
2006-04-12,9.13
2006-04-17,9.485
2006-04-18,9.475
2006-04-19,9.45
2006-04-20,9.54
2006-04-21,9.745
2006-04-24,9.805
2006-04-25,9.92
2006-04-26,10.17
2006-04-27,10.065
2006-04-28,10.225
2006-05-02,10.485
2006-05-03,10.71
2006-05-04,10.81
2006-05-05,10.72
2006-05-08,11.005
2006-05-09,11.135
2006-05-10,11.08
2006-05-11,10.72
2006-05-12,10.54
2006-05-15,10.35
2006-05-16,10.405
2006-05-17,10.155
2006-05-18,10.13
2006-05-19,10.17
2006-05-22,9.55
2006-05-23,9.33
2006-05-24,9.245
2006-05-25,9.515
2006-05-26,9.67
2006-05-29,9.585
2006-05-30,9.15
2006-05-31,9.19
2006-06-01,9.48
2006-06-02,9.695
2006-06-05,9.315
2006-06-06,9.2
2006-06-07,8.975
2006-06-08,9.055
2006-06-09,8.64
2006-06-12,8.315
2006-06-13,8.13
2006-06-14,7.97
2006-06-15,8.665
2006-06-16,8.675
2006-06-19,8.385
2006-06-20,8.695
2006-06-21,9.1
2006-06-22,9.195
2006-06-23,9.34
2006-06-26,9.235
2006-06-27,8.93
2006-06-28,9.0
2006-06-29,9.465
2006-06-30,9.44
2006-07-03,9.85
2006-07-04,10.04
2006-07-05,9.51
2006-07-06,9.835
2006-07-07,9.605
2006-07-10,9.365
2006-07-11,9.34
2006-07-12,9.19
2006-07-13,8.87
2006-07-14,8.605
2006-07-17,8.715
2006-07-18,8.99
2006-07-19,9.57
2006-07-20,9.395
2006-07-21,9.27
2006-07-24,9.57
2006-07-25,9.64
2006-07-26,9.345
2006-07-27,9.715
2006-07-28,9.8
2006-07-31,9.78
2006-08-01,9.64
2006-08-02,9.75
2006-08-03,9.75
2006-08-04,9.73
2006-08-07,9.79
2006-08-08,9.69
2006-08-09,9.71
2006-08-10,9.78
2006-08-11,9.885
2006-08-14,9.94
2006-08-15,10.06
2006-08-16,10.195
2006-08-17,10.275
2006-08-18,10.29
2006-08-21,10.14
2006-08-22,10.2
2006-08-23,10.0
2006-08-24,10.01
2006-08-25,10.15
2006-08-28,10.27
2006-08-29,10.4
2006-08-30,10.5
2006-08-31,10.185
2006-09-01,10.415
2006-09-04,10.49
2006-09-05,10.335
2006-09-06,10.045
2006-09-07,10.04
2006-09-08,10.055
2006-09-11,10.085
2006-09-12,10.34
2006-09-13,10.44
2006-09-14,10.36
2006-09-15,10.45
2006-09-18,10.645
2006-09-19,10.665
2006-09-20,10.77
2006-09-21,10.62
2006-09-22,10.5
2006-09-25,10.555
2006-09-26,10.665
2006-09-27,10.695
2006-09-28,10.76
2006-09-29,10.855
2006-10-02,10.64
2006-10-03,10.65
2006-10-04,10.995
2006-10-05,11.105
2006-10-06,11.1
2006-10-09,11.085
2006-10-10,11.13
2006-10-11,11.07
2006-10-12,11.245
2006-10-13,11.395
2006-10-16,11.485
2006-10-17,11.355
2006-10-18,11.475
2006-10-19,11.59
2006-10-20,11.735
2006-10-23,11.81
2006-10-24,11.81
2006-10-25,11.805
2006-10-26,11.92
2006-10-27,11.4
2006-10-30,11.04
2006-10-31,11.53
2006-11-01,11.45
2006-11-03,11.355
2006-11-06,11.745
2006-11-07,11.81
2006-11-08,11.85
2006-11-09,11.68
2006-11-10,11.625
2006-11-13,11.83
2006-11-14,11.875
2006-11-15,11.795
2006-11-16,11.885
2006-11-17,11.81
2006-11-21,12.205
2006-11-22,12.29
2006-11-23,12.3
2006-11-24,12.225
2006-11-27,11.925
2006-11-28,11.905
2006-11-29,12.215
2006-11-30,12.205
2006-12-04,12.255
2006-12-05,12.42
2006-12-06,12.285
2006-12-07,12.315
2006-12-08,12.355
2006-12-11,12.305
2006-12-13,12.1
2006-12-14,12.17
2006-12-15,12.055
2006-12-18,11.97
2006-12-19,11.82
2006-12-20,11.695
2006-12-21,11.74
2006-12-22,11.585
2006-12-26,11.815
2006-12-27,12.05
2006-12-28,12.12
2006-12-29,12.19
2007-01-02,12.325
2007-01-03,12.475
2007-01-04,12.575
2007-01-05,12.235
2007-01-08,12.255
2007-01-09,11.935
2007-01-10,12.05
2007-01-11,12.18
2007-01-12,12.135
2007-01-15,12.175
2007-01-16,12.145
2007-01-17,12.06
2007-01-18,11.76
2007-01-19,11.82
2007-01-22,11.79
2007-01-23,12.08
2007-01-24,12.405
2007-01-25,12.21
2007-01-26,12.045
2007-01-29,11.92
2007-01-30,11.92
2007-01-31,12.23
2007-02-01,12.315
2007-02-02,12.31
2007-02-06,12.49
2007-02-07,12.635
2007-02-08,13.075
2007-02-09,12.89
2007-02-12,12.96
2007-02-13,13.11
2007-02-14,13.2
2007-02-15,13.215
2007-02-16,13.225
2007-02-19,13.22
2007-02-20,13.08
2007-02-21,13.12
2007-02-22,13.0
2007-02-23,12.98
2007-02-26,12.835
2007-02-27,12.14
2007-02-28,12.22
2007-03-01,12.09
2007-03-02,12.075
2007-03-05,11.79
2007-03-06,12.005
2007-03-07,11.92
2007-03-08,12.24
2007-03-09,12.46
2007-03-12,12.595
2007-03-13,12.26
2007-03-14,12.37
2007-03-15,12.405
2007-03-16,12.395
2007-03-20,12.715
2007-03-21,13.08
2007-03-22,13.025
2007-03-23,13.015
2007-03-26,12.935
2007-03-27,12.855
2007-03-28,12.91
2007-03-29,13.195
2007-03-30,13.22
2007-04-02,13.805
2007-04-03,13.785
2007-04-04,13.77
2007-04-09,13.855
2007-04-10,13.72
2007-04-11,13.685
2007-04-12,13.83
2007-04-13,13.985
2007-04-16,13.915
2007-04-17,13.995
2007-04-18,13.98
2007-04-19,14.045
2007-04-20,14.285
2007-04-23,14.1
2007-04-24,14.19
2007-04-25,14.27
2007-04-26,14.79
2007-04-27,14.895
2007-04-30,14.39
2007-05-02,14.56
2007-05-03,14.88
2007-05-04,14.97
2007-05-07,15.0
2007-05-08,14.845
2007-05-09,15.065
2007-05-10,14.675
2007-05-11,14.935
2007-05-14,14.795
2007-05-15,14.835
2007-05-16,15.39
2007-05-17,15.465
2007-05-18,15.865
2007-05-21,15.84
2007-05-22,15.89
2007-05-23,15.91
2007-05-24,15.565
2007-05-25,15.93
2007-05-28,15.99
2007-05-29,15.9
2007-05-30,16.46
2007-05-31,16.235
2007-06-01,16.77
2007-06-04,16.74
2007-06-05,16.865
2007-06-06,16.485
2007-06-07,16.325
2007-06-08,16.63
2007-06-11,16.745
2007-06-12,16.57
2007-06-13,16.755
2007-06-14,16.95
2007-06-15,17.18
2007-06-18,17.29
2007-06-19,17.315
2007-06-20,17.0
2007-06-21,17.165
2007-06-22,17.065
2007-06-25,16.725
2007-06-26,16.37
2007-06-27,16.62
2007-06-28,16.76
2007-06-29,16.72
2007-07-02,16.87
2007-07-03,17.5
2007-07-04,17.685
2007-07-05,17.78
2007-07-06,17.785
2007-07-09,17.2
2007-07-10,17.01
2007-07-11,17.325
2007-07-12,17.505
2007-07-13,17.555
2007-07-16,17.455
2007-07-17,17.28
2007-07-18,17.175
2007-07-19,17.355
2007-07-20,17.13
2007-07-23,17.63
2007-07-24,17.015
2007-07-25,16.655
2007-07-26,15.855
2007-07-27,16.02
2007-07-30,16.53
2007-07-31,16.355
2007-08-01,15.865
2007-08-02,16.3
2007-08-03,15.785
2007-08-06,15.985
2007-08-07,16.35
2007-08-08,16.555
2007-08-09,16.095
2007-08-10,15.755
2007-08-13,15.815
2007-08-14,15.405
2007-08-15,14.905
2007-08-16,15.155
2007-08-17,16.06
2007-08-20,15.82
2007-08-21,15.75
2007-08-22,16.145
2007-08-23,16.435
2007-08-24,16.655
2007-08-27,16.67
2007-08-28,16.065
2007-08-29,16.335
2007-08-30,16.35
2007-08-31,16.685
2007-09-03,16.85
2007-09-04,16.965
2007-09-05,16.94
2007-09-06,16.84
2007-09-07,16.455
2007-09-10,16.43
2007-09-11,16.685
2007-09-12,16.63
2007-09-13,16.995
2007-09-14,16.93
2007-09-17,16.855
2007-09-18,17.35
2007-09-19,17.37
2007-09-20,17.31
2007-09-21,17.52
2007-09-24,17.51
2007-09-25,17.265
2007-09-26,17.47
2007-09-27,17.65
2007-09-28,17.445
2007-10-01,17.85
2007-10-02,18.055
2007-10-03,17.56
2007-10-04,17.225
2007-10-05,17.67
2007-10-08,17.875
2007-10-09,17.765
2007-10-10,17.815
2007-10-11,17.885
2007-10-12,18.215
2007-10-15,17.9
2007-10-16,17.875
2007-10-17,18.435
2007-10-18,18.575
2007-10-19,17.81
2007-10-22,17.945
2007-10-23,18.14
2007-10-24,17.95
2007-10-25,17.36
2007-10-26,17.625
2007-10-29,17.81
2007-10-30,17.555
2007-10-31,16.935
2007-11-01,16.545
2007-11-05,16.57
2007-11-06,16.805
2007-11-07,16.25
2007-11-08,16.06
2007-11-09,16.035
2007-11-12,15.29
2007-11-13,16.31
2007-11-14,16.355
2007-11-15,16.02
2007-11-16,16.42
2007-11-20,16.125
2007-11-21,15.91
2007-11-22,15.935
2007-11-23,15.895
2007-11-26,15.45
2007-11-27,15.455
2007-11-28,16.19
2007-11-29,16.39
2007-11-30,16.775
2007-12-03,17.07
2007-12-04,17.17
2007-12-05,17.615
2007-12-06,17.605
2007-12-07,17.54
2007-12-10,17.335
2007-12-11,16.785
2007-12-13,16.91
2007-12-14,16.86
2007-12-17,16.07
2007-12-18,16.29
2007-12-19,16.12
2007-12-20,16.015
2007-12-21,16.45
2007-12-24,16.495
2007-12-26,16.575
2007-12-27,16.46
2007-12-28,16.57
2007-12-31,16.74
2008-01-02,16.2
2008-01-03,16.275
2008-01-04,15.99
2008-01-07,15.805
2008-01-08,16.085
2008-01-09,16.15
2008-01-10,16.585
2008-01-11,16.23
2008-01-14,16.0
2008-01-15,15.545
2008-01-16,15.075
2008-01-17,14.565
2008-01-18,14.325
2008-01-21,13.33
2008-01-22,14.855
2008-01-23,15.445
2008-01-24,15.495
2008-01-25,15.005
2008-01-28,15.47
2008-01-29,15.98
2008-01-30,16.01
2008-01-31,16.27
2008-02-01,16.74
2008-02-05,15.645
2008-02-06,15.685
2008-02-07,15.645
2008-02-08,15.705
2008-02-11,16.18
2008-02-12,16.24
2008-02-13,16.665
2008-02-14,16.525
2008-02-15,16.27
2008-02-18,16.54
2008-02-19,16.205
2008-02-20,16.475
2008-02-21,16.485
2008-02-22,16.535
2008-02-25,16.935
2008-02-26,17.175
2008-02-27,17.155
2008-02-28,16.79
2008-02-29,16.115
2008-03-03,16.385
2008-03-04,16.155
2008-03-05,15.905
2008-03-06,15.67
2008-03-07,15.715
2008-03-10,15.235
2008-03-11,16.025
2008-03-12,15.805
2008-03-13,16.05
2008-03-14,15.82
2008-03-18,16.445
2008-03-19,15.86
2008-03-24,16.35
2008-03-25,16.525
2008-03-26,16.49
2008-03-27,16.42
2008-03-28,16.535
2008-03-31,16.96
2008-04-01,17.4
2008-04-02,17.17
2008-04-03,17.545
2008-04-04,17.25
2008-04-07,17.07
2008-04-08,17.05
2008-04-09,16.615
2008-04-10,16.76
2008-04-11,16.475
2008-04-14,16.345
2008-04-15,16.76
2008-04-16,17.2
2008-04-17,17.255
2008-04-18,17.085
2008-04-21,17.49
2008-04-22,17.155
2008-04-23,17.1
2008-04-24,16.98
2008-04-25,14.8
2008-04-28,15.02
2008-04-29,15.035
2008-04-30,15.235
2008-05-02,15.13
2008-05-05,15.335
2008-05-06,15.445
2008-05-07,15.29
2008-05-08,15.07
2008-05-09,15.09
2008-05-12,14.92
2008-05-13,14.9
2008-05-14,15.38
2008-05-15,15.205
2008-05-16,14.82
2008-05-19,14.825
2008-05-20,14.75
2008-05-21,14.53
2008-05-22,14.775
2008-05-23,14.82
2008-05-26,14.89
2008-05-27,14.935
2008-05-28,15.08
2008-05-29,15.15
2008-05-30,15.395
2008-06-02,15.125
2008-06-03,14.805
2008-06-04,14.725
2008-06-05,14.775
2008-06-06,14.29
2008-06-09,14.45
2008-06-10,14.425
2008-06-11,14.365
2008-06-12,14.685
2008-06-13,14.59
2008-06-16,14.545
2008-06-17,14.2
2008-06-18,13.95
2008-06-19,13.735
2008-06-20,13.6
2008-06-23,13.59
2008-06-24,13.445
2008-06-25,13.775
2008-06-26,13.59
2008-06-27,13.57
2008-06-30,13.625
2008-07-01,13.57
2008-07-02,13.375
2008-07-03,13.335
2008-07-04,13.21
2008-07-07,13.24
2008-07-08,13.36
2008-07-09,12.87
2008-07-10,12.985
2008-07-11,12.925
2008-07-14,12.94
2008-07-15,13.1
2008-07-16,13.33
2008-07-17,13.63
2008-07-18,13.515
2008-07-21,13.215
2008-07-22,12.45
2008-07-23,12.21
2008-07-24,11.865
2008-07-25,12.08
2008-07-28,11.985
2008-07-29,12.505
2008-07-30,12.7
2008-07-31,12.725
2008-08-01,12.4
2008-08-04,12.2
2008-08-05,12.655
2008-08-06,12.83
2008-08-07,12.57
2008-08-08,12.785
2008-08-11,12.45
2008-08-12,12.245
2008-08-13,12.52
2008-08-14,12.995
2008-08-15,13.045
2008-08-18,12.695
2008-08-19,12.785
2008-08-20,13.005
2008-08-21,12.915
2008-08-22,13.225
2008-08-25,12.935
2008-08-26,12.745
2008-08-27,13.03
2008-08-28,13.235
2008-08-29,13.18
2008-09-01,13.265
2008-09-02,13.3
2008-09-03,13.15
2008-09-04,13.095
2008-09-05,13.005
2008-09-08,13.065
2008-09-09,12.525
2008-09-10,12.31
2008-09-11,12.425
2008-09-12,12.66
2008-09-15,12.05
2008-09-17,11.725
2008-09-18,12.66
2008-09-19,12.985
2008-09-22,12.29
2008-09-23,12.025
2008-09-24,12.17
2008-09-25,12.855
2008-09-26,12.925
2008-09-29,11.95
2008-09-30,12.555
2008-10-01,12.77
2008-10-02,11.965
2008-10-03,11.29
2008-10-06,11.18
2008-10-07,10.93
2008-10-08,10.435
2008-10-09,10.61
2008-10-10,10.42
2008-10-13,11.67
2008-10-14,11.36
2008-10-15,10.88
2008-10-16,10.69
2008-10-17,11.08
2008-10-20,11.49
2008-10-21,10.925
2008-10-22,9.83
2008-10-23,9.06
2008-10-24,8.275
2008-10-27,8.145
2008-10-28,9.24
2008-10-29,9.015
2008-10-30,9.965
2008-10-31,9.945
2008-11-03,10.16
2008-11-04,10.57
2008-11-05,10.15
2008-11-06,10.035
2008-11-07,10.24
2008-11-10,10.25
2008-11-11,10.035
2008-11-12,9.62
2008-11-13,10.485
2008-11-14,10.045
2008-11-18,10.11
2008-11-19,9.725
2008-11-20,9.735
2008-11-21,9.61
2008-11-24,10.365
2008-11-25,9.785
2008-11-26,10.125
2008-11-27,10.115
2008-11-28,10.26
2008-12-01,9.89
2008-12-02,9.96
2008-12-03,9.85
2008-12-04,9.6
2008-12-05,9.495
2008-12-08,10.5
2008-12-09,10.625
2008-12-10,11.0
2008-12-11,11.05
2008-12-15,10.525
2008-12-16,10.985
2008-12-17,10.995
2008-12-18,10.935
2008-12-19,10.595
2008-12-22,10.515
2008-12-23,10.48
2008-12-24,10.625
2008-12-26,10.685
2008-12-29,10.43
2008-12-30,10.38
2008-12-31,10.615
2009-01-02,10.975
2009-01-05,11.45
2009-01-06,11.37
2009-01-07,10.94
2009-01-08,11.03
2009-01-09,10.845
2009-01-12,10.65
2009-01-13,10.73
2009-01-14,10.24
2009-01-15,10.045
2009-01-16,9.985
2009-01-19,10.06
2009-01-20,9.54
2009-01-21,9.76
2009-01-22,9.605
2009-01-23,9.695
2009-01-26,9.79
2009-01-27,9.945
2009-01-28,10.325
2009-01-29,10.145
2009-01-30,10.235
2009-02-03,10.41
2009-02-04,10.395
2009-02-05,10.485
2009-02-06,11.125
2009-02-09,11.175
2009-02-10,10.89
2009-02-11,10.925
2009-02-12,10.73
2009-02-13,10.71
2009-02-16,10.815
2009-02-17,10.455
2009-02-18,10.23
2009-02-19,10.29
2009-02-20,9.93
2009-02-23,9.525
2009-02-24,9.59
2009-02-25,9.525
2009-02-26,9.605
2009-02-27,9.75
2009-03-02,9.16
2009-03-03,9.35
2009-03-04,9.685
2009-03-05,9.455
2009-03-06,9.225
2009-03-09,9.31
2009-03-10,9.66
2009-03-11,9.965
2009-03-12,10.29
2009-03-13,10.39
2009-03-17,10.18
2009-03-18,10.28
2009-03-19,10.13
2009-03-20,10.095
2009-03-23,10.895
2009-03-24,10.575
2009-03-25,10.61
2009-03-26,10.265
2009-03-27,9.97
2009-03-30,9.515
2009-03-31,9.645
2009-04-01,9.755
2009-04-02,10.33
2009-04-03,10.43
2009-04-06,10.135
2009-04-07,9.85
2009-04-08,9.805
2009-04-13,10.475
2009-04-14,10.27
2009-04-15,10.12
2009-04-16,10.365
2009-04-17,10.29
2009-04-20,9.9
2009-04-21,10.03
2009-04-22,10.015
2009-04-23,10.365
2009-04-24,10.96
2009-04-27,10.71
2009-04-28,10.56
2009-04-29,11.555
2009-04-30,11.31
2009-05-04,11.805
2009-05-05,12.085
2009-05-06,12.155
2009-05-07,11.835
2009-05-08,12.17
2009-05-11,12.3
2009-05-12,12.135
2009-05-13,11.76
2009-05-14,11.845
2009-05-15,11.68
2009-05-18,12.305
2009-05-19,12.405
2009-05-20,12.325
2009-05-21,12.22
2009-05-22,12.385
2009-05-25,12.37
2009-05-26,12.53
2009-05-27,12.685
2009-05-28,12.89
2009-05-29,12.49
2009-06-01,12.835
2009-06-02,12.56
2009-06-03,12.35
2009-06-04,12.295
2009-06-05,12.425
2009-06-08,12.45
2009-06-09,12.54
2009-06-10,12.615
2009-06-11,12.645
2009-06-12,12.86
2009-06-15,12.585
2009-06-16,12.44
2009-06-17,12.23
2009-06-18,12.38
2009-06-19,12.36
2009-06-22,11.79
2009-06-23,11.86
2009-06-24,12.14
2009-06-25,12.505
2009-06-26,12.785
2009-06-29,12.89
2009-06-30,12.745
2009-07-01,12.965
2009-07-02,12.745
2009-07-03,12.75
2009-07-06,12.74
2009-07-07,12.475
2009-07-08,12.84
2009-07-09,12.99
2009-07-10,13.1
2009-07-13,13.135
2009-07-14,13.275
2009-07-15,13.535
2009-07-16,13.93
2009-07-17,13.71
2009-07-20,13.98
2009-07-21,13.8
2009-07-22,14.41
2009-07-23,14.575
2009-07-24,14.37
2009-07-27,14.395
2009-07-28,14.235
2009-07-29,13.905
2009-07-30,14.08
2009-07-31,14.155
2009-08-03,14.73
2009-08-04,14.98
2009-08-05,14.88
2009-08-06,14.4
2009-08-07,14.475
2009-08-10,14.595
2009-08-11,14.485
2009-08-12,14.635
2009-08-13,14.705
2009-08-14,14.685
2009-08-17,14.545
2009-08-18,14.63
2009-08-19,14.635
2009-08-20,14.965
2009-08-21,15.135
2009-08-24,15.125
2009-08-25,15.495
2009-08-26,15.47
2009-08-27,15.45
2009-08-28,15.46
2009-08-31,15.045
2009-09-01,14.835
2009-09-02,14.775
2009-09-03,14.82
2009-09-04,14.955
2009-09-07,14.97
2009-09-08,15.46
2009-09-09,15.385
2009-09-10,15.35
2009-09-11,15.41
2009-09-14,15.505
2009-09-15,15.515
2009-09-17,15.575
2009-09-18,15.115
2009-09-21,15.06
2009-09-22,14.89
2009-09-23,14.405
2009-09-24,14.155
2009-09-25,14.39
2009-09-28,14.72
2009-09-29,14.82
2009-09-30,14.775
2009-10-01,14.605
2009-10-02,14.565
2009-10-05,14.9
2009-10-06,15.46
2009-10-07,15.375
2009-10-08,15.495
2009-10-09,15.675
2009-10-12,15.865
2009-10-13,15.76
2009-10-14,15.935
2009-10-15,15.88
2009-10-16,15.765
2009-10-19,15.625
2009-10-20,15.56
2009-10-21,15.52
2009-10-22,15.32
2009-10-23,15.16
2009-10-26,15.345
2009-10-27,14.705
2009-10-28,14.715
2009-10-29,14.9
2009-10-30,14.575
2009-11-03,14.94
2009-11-04,15.22
2009-11-05,15.56
2009-11-06,15.535
2009-11-09,15.78
2009-11-10,15.815
2009-11-11,15.87
2009-11-12,15.86
2009-11-13,15.72
2009-11-17,15.94
2009-11-18,15.6
2009-11-19,15.49
2009-11-20,15.37
2009-11-23,15.59
2009-11-24,15.395
2009-11-25,15.75
2009-11-26,15.175
2009-11-27,15.485
2009-11-30,15.64
2009-12-01,15.995
2009-12-02,15.525
2009-12-03,15.325
2009-12-04,15.51
2009-12-07,15.35
2009-12-08,15.075
2009-12-09,15.16
2009-12-10,15.365
2009-12-11,15.26
2009-12-14,15.335
2009-12-15,15.15
2009-12-16,14.98
2009-12-17,15.08
2009-12-18,15.18
2009-12-21,15.05
2009-12-22,15.27
2009-12-23,15.33
2009-12-24,15.33
2009-12-28,15.39
2009-12-29,15.4
2009-12-30,15.37
2009-12-31,15.39
2010-01-04,15.72
2010-01-05,15.645
2010-01-06,15.575
2010-01-07,15.77
2010-01-08,15.68
2010-01-11,15.865
2010-01-12,15.875
2010-01-13,15.895
2010-01-14,15.11
2010-01-15,14.83
2010-01-18,14.95
2010-01-19,14.85
2010-01-20,14.37
2010-01-21,14.215
2010-01-22,14.045
2010-01-25,13.835
2010-01-26,14.145
2010-01-27,14.165
2010-01-28,14.5
2010-01-29,14.31
2010-02-02,14.53
2010-02-03,14.915
2010-02-04,14.585
2010-02-05,14.585
2010-02-08,14.365
2010-02-09,14.43
2010-02-10,14.265
2010-02-11,14.47
2010-02-12,14.41
2010-02-15,14.495
2010-02-16,14.765
2010-02-17,14.78
2010-02-18,14.68
2010-02-19,14.545
2010-02-22,14.36
2010-02-23,14.3
2010-02-24,14.285
2010-02-25,14.22
2010-02-26,14.245
2010-03-01,14.155
2010-03-02,14.3
2010-03-03,14.595
2010-03-04,14.6
2010-03-05,14.8
2010-03-08,14.905
2010-03-09,14.93
2010-03-10,15.045
2010-03-11,15.055
2010-03-12,15.0
2010-03-16,15.215
2010-03-17,15.315
2010-03-18,15.415
2010-03-19,15.425
2010-03-22,15.475
2010-03-23,15.555
2010-03-24,15.53
2010-03-25,15.5
2010-03-26,15.54
2010-03-29,15.735
2010-03-30,15.755
2010-03-31,15.565
2010-04-05,15.82
2010-04-06,15.83
2010-04-07,15.66
2010-04-08,15.375
2010-04-09,15.595
2010-04-12,15.62
2010-04-13,15.67
2010-04-14,15.8
2010-04-15,15.94
2010-04-16,15.84
2010-04-19,15.63
2010-04-20,15.64
2010-04-21,15.43
2010-04-22,15.62
2010-04-23,15.7
2010-04-26,15.67
2010-04-27,15.45
2010-04-28,15.58
2010-04-29,15.6
2010-04-30,15.89
2010-05-03,16.0
2010-05-04,15.8
2010-05-05,15.82
2010-05-06,15.45
2010-05-07,15.44
2010-05-10,15.71
2010-05-11,15.63
2010-05-12,15.7
2010-05-13,15.63
2010-05-14,15.48
2010-05-17,15.43
2010-05-18,15.35
2010-05-19,15.34
2010-05-20,15.04
2010-05-21,15.04
2010-05-24,15.14
2010-05-25,15.09
2010-05-26,15.22
2010-05-27,15.46
2010-05-28,15.35
2010-05-31,15.82
2010-06-01,15.47
2010-06-02,15.53
2010-06-03,15.51
2010-06-04,15.42
2010-06-07,15.43
2010-06-08,15.54
2010-06-09,15.53
2010-06-10,15.64
2010-06-11,15.59
2010-06-14,15.53
2010-06-15,15.81
2010-06-16,15.92
2010-06-17,15.96
2010-06-18,15.88
2010-06-21,15.93
2010-06-22,15.76
2010-06-23,16.16
2010-06-24,16.02
2010-06-25,16.23
2010-06-28,16.21
2010-06-29,15.56
2010-06-30,15.39
2010-07-01,15.52
2010-07-02,15.68
2010-07-05,15.62
2010-07-06,15.65
2010-07-07,15.93
2010-07-08,15.79
2010-07-09,15.76
2010-07-12,15.59
2010-07-13,15.79
2010-07-14,15.83
2010-07-15,15.87
2010-07-16,15.54
2010-07-19,15.56
2010-07-20,15.66
2010-07-21,15.74
2010-07-22,16.3
2010-07-23,16.25
2010-07-26,16.34
2010-07-27,16.18
2010-07-28,16.16
2010-07-29,15.97
2010-07-30,15.66
2010-08-02,16.05
2010-08-03,16.1
2010-08-04,16.16
2010-08-05,16.14
2010-08-06,16.12
2010-08-09,16.07
2010-08-10,15.92
2010-08-11,15.62
2010-08-12,15.62
2010-08-13,15.8
2010-08-16,15.82
2010-08-17,15.92
2010-08-18,15.8
2010-08-19,15.71
2010-08-20,15.83
2010-08-23,15.83
2010-08-24,15.31
2010-08-25,15.24
2010-08-26,15.12
2010-08-27,15.41
2010-08-30,15.21
2010-08-31,15.41
2010-09-01,15.88
2010-09-02,15.96
2010-09-03,15.99
2010-09-06,16.03
2010-09-07,16.02
2010-09-08,15.91
2010-09-09,15.9
2010-09-10,15.84
2010-09-13,16.04
2010-09-14,16.02
2010-09-15,16.02
2010-09-20,16.32
2010-09-21,16.44
2010-09-22,16.46
2010-09-23,16.52
2010-09-24,16.63
2010-09-27,16.54
2010-09-28,16.6
2010-09-29,16.59
2010-09-30,16.79
2010-10-01,16.98
2010-10-04,17.1
2010-10-05,16.93
2010-10-06,17.16
2010-10-07,17.14
2010-10-08,17.26
2010-10-11,17.35
2010-10-12,17.23
2010-10-13,17.46
2010-10-14,17.48
2010-10-15,17.54
2010-10-18,17.61
2010-10-19,17.39
2010-10-20,17.67
2010-10-21,17.7
2010-10-22,17.77
2010-10-25,18.01
2010-10-26,18.02
2010-10-27,17.74
2010-10-28,17.72
2010-10-29,17.7
2010-11-01,17.79
2010-11-03,17.77
2010-11-04,18.05
2010-11-05,18.15
2010-11-08,18.09
2010-11-09,17.68
2010-11-10,17.61
2010-11-11,17.58
2010-11-12,17.64
2010-11-16,17.43
2010-11-17,17.54
2010-11-18,17.76
2010-11-19,17.8
2010-11-22,17.77
2010-11-23,17.54
2010-11-24,17.84
2010-11-25,17.8
2010-11-26,17.79
2010-11-29,17.66
2010-11-30,17.64
2010-12-01,17.85
2010-12-02,17.8
2010-12-03,17.68
2010-12-06,17.79
2010-12-07,17.82
2010-12-08,17.68
2010-12-09,17.51
2010-12-10,17.68
2010-12-13,17.69
2010-12-14,17.72
2010-12-15,17.52
2010-12-16,17.5
2010-12-17,17.59
2010-12-20,17.55
2010-12-21,17.59
2010-12-22,17.48
2010-12-23,17.52
2010-12-24,17.5
2010-12-27,17.47
2010-12-28,17.6
2010-12-29,17.57
2010-12-30,17.59
2010-12-31,17.73
2011-01-03,17.75
2011-01-04,17.79
2011-01-05,18.0
2011-01-06,18.02
2011-01-07,18.09
2011-01-10,18.02
2011-01-11,17.83
2011-01-12,17.5
2011-01-13,17.61
2011-01-14,17.55
2011-01-17,17.62
2011-01-18,17.78
2011-01-19,17.71
2011-01-20,17.67
2011-01-21,17.59
2011-01-24,17.72
2011-01-25,17.51
2011-01-26,17.43
2011-01-27,17.27
2011-01-28,17.11
2011-01-31,17.27
2011-02-01,17.57
2011-02-02,17.61
2011-02-03,17.56
2011-02-04,17.27
2011-02-08,17.27
2011-02-09,16.98
2011-02-10,17.02
2011-02-11,17.07
2011-02-14,17.02
2011-02-15,17.09
2011-02-16,17.08
2011-02-17,17.16
2011-02-18,17.33
2011-02-21,17.12
2011-02-22,17.05
2011-02-23,16.86
2011-02-24,16.85
2011-02-25,17.07
2011-02-28,17.34
2011-03-01,17.11
2011-03-02,17.07
2011-03-03,17.06
2011-03-04,16.93
2011-03-07,16.8
2011-03-08,16.77
2011-03-09,16.59
2011-03-10,16.31
2011-03-11,16.43
2011-03-14,16.55
2011-03-15,16.38
2011-03-16,16.48
2011-03-17,16.39
2011-03-18,16.16
2011-03-22,16.4
2011-03-23,16.72
2011-03-24,16.84
2011-03-25,16.86
2011-03-28,16.9
2011-03-29,16.95
2011-03-30,17.12
2011-03-31,17.26
2011-04-01,17.41
2011-04-04,17.39
2011-04-05,17.38
2011-04-06,17.41
2011-04-07,17.31
2011-04-08,17.16
2011-04-11,17.25
2011-04-12,17.2
2011-04-13,17.14
2011-04-14,16.96
2011-04-15,17.0
2011-04-18,16.66
2011-04-19,16.41
2011-04-20,16.46
2011-04-25,16.37
2011-04-26,16.36
2011-04-27,16.38
2011-04-28,16.27
2011-04-29,16.5
2011-05-02,16.29
2011-05-03,15.75
2011-05-04,15.33
2011-05-05,15.36
2011-05-06,15.06
2011-05-09,15.12
2011-05-10,15.23
2011-05-11,15.24
2011-05-12,14.88
2011-05-13,14.93
2011-05-16,14.79
2011-05-17,14.53
2011-05-18,14.68
2011-05-19,14.57
2011-05-20,14.88
2011-05-23,14.97
2011-05-24,15.15
2011-05-25,15.12
2011-05-26,15.23
2011-05-27,15.22
2011-05-30,15.28
2011-05-31,15.24
2011-06-01,15.18
2011-06-02,14.96
2011-06-03,14.37
2011-06-06,14.19
2011-06-07,14.39
2011-06-08,14.37
2011-06-09,14.44
2011-06-10,14.34
2011-06-13,14.54
2011-06-14,14.72
2011-06-15,14.77
2011-06-16,14.76
2011-06-17,14.84
2011-06-20,14.88
2011-06-21,14.91
2011-06-22,15.13
2011-06-23,15.16
2011-06-24,15.17
2011-06-27,15.3
2011-06-28,15.48
2011-06-29,15.78
2011-06-30,15.8
2011-07-01,15.78
2011-07-04,15.86
2011-07-05,15.72
2011-07-06,15.55
2011-07-07,15.47
2011-07-08,15.4
2011-07-11,15.44
2011-07-12,15.3
2011-07-13,15.32
2011-07-14,15.41
2011-07-15,15.36
2011-07-18,15.25
2011-07-19,15.02
2011-07-20,14.8
2011-07-21,14.81
2011-07-22,15.16
2011-07-25,15.06
2011-07-26,15.07
2011-07-27,15.08
2011-07-28,15.23
2011-07-29,15.12
2011-08-01,14.83
2011-08-02,14.58
2011-08-03,14.42
2011-08-04,14.07
2011-08-05,14.22
2011-08-08,13.67
2011-08-09,13.85
2011-08-10,14.06
2011-08-11,14.69
2011-08-12,14.58
2011-08-15,14.69
2011-08-16,14.71
2011-08-17,14.9
2011-08-18,14.4
2011-08-19,14.38
2011-08-22,14.66
2011-08-23,14.86
2011-08-24,14.94
2011-08-25,14.73
2011-08-26,14.8
2011-08-29,15.12
2011-08-30,15.21
2011-08-31,15.8
2011-09-01,15.78
2011-09-02,15.44
2011-09-05,14.79
2011-09-06,15.22
2011-09-07,15.44
2011-09-08,15.26
2011-09-09,14.88
2011-09-12,15.01
2011-09-13,15.01
2011-09-14,15.51
2011-09-15,15.79
2011-09-19,15.87
2011-09-20,15.53
2011-09-21,15.51
2011-09-22,14.74
2011-09-23,14.85
2011-09-26,15.22
2011-09-27,15.35
2011-09-28,15.21
2011-09-29,15.4
2011-09-30,15.31
2011-10-03,15.16
2011-10-04,15.0
2011-10-05,14.72
2011-10-06,14.58
2011-10-07,14.53
2011-10-10,14.91
2011-10-11,15.23
2011-10-12,15.61
2011-10-13,15.71
2011-10-14,15.8
2011-10-17,15.5
2011-10-18,15.92
2011-10-19,15.74
2011-10-20,15.78
2011-10-21,16.31
2011-10-24,16.17
2011-10-25,16.26
2011-10-26,16.51
2011-10-27,16.93
2011-10-28,17.19
2011-10-31,17.01
2011-11-01,16.79
2011-11-03,17.06
2011-11-04,17.22
2011-11-07,17.31
2011-11-08,17.3
2011-11-09,17.17
2011-11-10,17.22
2011-11-11,17.53
2011-11-14,17.49
2011-11-15,17.32
2011-11-16,16.88
2011-11-17,16.61
2011-11-18,16.67
2011-11-22,16.31
2011-11-23,16.21
2011-11-24,16.16
2011-11-25,15.63
2011-11-28,16.03
2011-11-29,16.17
2011-11-30,16.18
2011-12-01,16.04
2011-12-02,16.26
2011-12-05,16.3
2011-12-06,16.21
2011-12-07,15.97
2011-12-08,15.61
2011-12-09,15.58
2011-12-13,15.56
2011-12-14,15.49
2011-12-15,15.46
2011-12-16,15.45
2011-12-19,15.08
2011-12-20,15.34
2011-12-21,15.44
2011-12-22,15.76
2011-12-23,15.77
2011-12-26,15.83
2011-12-27,15.82
2011-12-28,15.58
2011-12-29,15.88
2011-12-30,15.82
2012-01-02,16.0
2012-01-03,15.89
2012-01-04,15.8
2012-01-05,15.45
2012-01-06,15.49
2012-01-09,15.43
2012-01-10,15.44
2012-01-11,15.5
2012-01-12,15.46
2012-01-13,15.13
2012-01-16,15.3
2012-01-17,15.12
2012-01-18,15.41
2012-01-19,15.69
2012-01-20,15.44
2012-01-23,15.31
2012-01-24,15.16
2012-01-25,15.38
2012-01-26,15.35
2012-01-27,15.27
2012-01-30,15.28
2012-01-31,15.14
2012-02-01,15.31
2012-02-02,15.26
2012-02-03,15.6
2012-02-07,15.51
2012-02-08,15.54
2012-02-09,15.56
2012-02-10,15.29
2012-02-13,15.09
2012-02-14,15.01
2012-02-15,14.98
2012-02-16,15.05
2012-02-17,15.0
2012-02-20,15.24
2012-02-21,15.02
2012-02-22,14.95
2012-02-23,15.31
2012-02-24,15.28
2012-02-27,15.0
2012-02-28,15.38
2012-02-29,15.45
2012-03-01,15.44
2012-03-02,15.34
2012-03-05,15.29
2012-03-06,15.15
2012-03-07,15.14
2012-03-08,15.11
2012-03-09,14.94
2012-03-12,14.8
2012-03-13,15.11
2012-03-14,14.94
2012-03-15,15.08
2012-03-16,15.38
2012-03-20,15.15
2012-03-21,15.32
2012-03-22,15.3
2012-03-23,15.33
2012-03-26,15.63
2012-03-27,15.66
2012-03-28,15.73
2012-03-29,15.8
2012-03-30,15.93
2012-04-02,15.83
2012-04-03,15.8
2012-04-04,15.58
2012-04-09,15.54
2012-04-10,15.45
2012-04-11,15.43
2012-04-12,15.79
2012-04-13,15.74
2012-04-16,15.71
2012-04-17,15.9
2012-04-18,15.91
2012-04-19,15.9
2012-04-20,16.0
2012-04-23,16.47
2012-04-24,16.64
2012-04-25,16.59
2012-04-26,16.61
2012-04-27,16.98
2012-04-30,17.37
2012-05-02,17.62
2012-05-03,17.88
2012-05-04,17.79
2012-05-07,18.66
2012-05-08,17.13
2012-05-09,17.2
2012-05-10,17.14
2012-05-11,17.11
2012-05-14,16.93
2012-05-15,16.97
2012-05-16,16.78
2012-05-17,16.75
2012-05-18,16.36
2012-05-21,16.47
2012-05-22,16.64
2012-05-23,16.69
2012-05-24,16.82
2012-05-25,16.76
2012-05-28,16.79
2012-05-29,16.97
2012-05-30,16.98
2012-05-31,16.82
2012-06-01,16.25
2012-06-04,16.48
2012-06-05,16.41
2012-06-06,16.54
2012-06-07,16.47
2012-06-08,16.46
2012-06-11,16.54
2012-06-12,16.91
2012-06-13,16.92
2012-06-14,16.81
2012-06-15,16.77
2012-06-18,17.16
2012-06-19,17.46
2012-06-20,17.51
2012-06-21,17.45
2012-06-22,17.45
2012-06-25,17.31
2012-06-26,17.2
2012-06-27,17.21
2012-06-28,17.24
2012-06-29,17.39
2012-07-02,17.46
2012-07-03,17.53
2012-07-04,17.55
2012-07-05,17.31
2012-07-06,17.25
2012-07-09,17.54
2012-07-10,17.31
2012-07-11,17.52
2012-07-12,17.53
2012-07-13,17.68
2012-07-16,17.83
2012-07-17,18.13
2012-07-18,17.94
2012-07-19,17.83
2012-07-20,17.87
2012-07-23,18.1
2012-07-24,17.82
2012-07-25,17.66
2012-07-26,18.03
2012-07-27,17.99
2012-07-30,17.84
2012-07-31,17.78
2012-08-01,17.65
2012-08-02,17.59
2012-08-03,17.46
2012-08-06,17.37
2012-08-07,17.35
2012-08-08,17.27
2012-08-09,17.09
2012-08-10,17.14
2012-08-13,16.82
2012-08-14,17.08
2012-08-15,17.38
2012-08-16,17.36
2012-08-17,17.22
2012-08-20,17.17
2012-08-21,16.92
2012-08-22,16.62
2012-08-23,16.53
2012-08-24,16.84
2012-08-27,16.79
2012-08-28,16.92
2012-08-29,16.87
2012-08-30,16.84
2012-08-31,16.94
2012-09-03,17.02
2012-09-04,16.81
2012-09-05,16.79
2012-09-06,16.89
2012-09-07,16.81
2012-09-10,16.5
2012-09-11,16.48
2012-09-12,16.49
2012-09-13,16.46
2012-09-14,16.43
2012-09-17,16.26
2012-09-18,16.44
2012-09-19,16.5
2012-09-20,16.17
2012-09-21,16.31
2012-09-24,16.46
2012-09-25,16.23
2012-09-26,16.44
2012-09-27,16.59
2012-09-28,16.44
2012-10-01,16.48
2012-10-02,16.55
2012-10-03,16.41
2012-10-04,16.53
2012-10-05,16.89
2012-10-08,16.76
2012-10-09,16.73
2012-10-10,16.68
2012-10-11,16.71
2012-10-12,16.63
2012-10-15,16.81
2012-10-16,16.88
2012-10-17,16.81
2012-10-18,17.01
2012-10-19,16.95
2012-10-22,16.85
2012-10-23,16.86
2012-10-24,16.94
2012-10-25,16.6
2012-10-26,16.7
2012-10-29,16.65
2012-10-30,16.59
2012-10-31,16.63
2012-11-01,16.56
2012-11-05,16.61
2012-11-06,16.47
2012-11-07,16.05
2012-11-08,15.84
2012-11-09,15.73
2012-11-12,15.68
2012-11-13,15.59
2012-11-14,15.46
2012-11-15,15.4
2012-11-16,15.38
2012-11-20,15.32
2012-11-21,15.48
2012-11-22,15.75
2012-11-23,15.68
2012-11-26,15.51
2012-11-27,15.39
2012-11-28,15.36
2012-11-29,15.46
2012-11-30,15.28
2012-12-03,15.24
2012-12-04,15.12
2012-12-05,14.81
2012-12-06,14.84
2012-12-07,14.82
2012-12-10,15.09
2012-12-11,15.23
2012-12-13,15.32
2012-12-14,15.17
2012-12-17,15.06
2012-12-18,15.07
2012-12-19,14.95
2012-12-20,14.83
2012-12-21,15.02
2012-12-24,14.85
2012-12-26,14.9
2012-12-27,14.86
2012-12-28,15.0
2012-12-31,14.9
2013-01-02,14.91
2013-01-03,15.06
2013-01-04,15.48
2013-01-07,15.56
2013-01-08,15.58
2013-01-09,15.52
2013-01-10,15.57
2013-01-11,15.54
2013-01-14,15.57
2013-01-15,15.64
2013-01-16,15.64
2013-01-17,15.51
2013-01-18,15.56
2013-01-21,15.57
2013-01-22,15.75
2013-01-23,15.79
2013-01-24,15.82
2013-01-25,15.95
2013-01-28,15.95
2013-01-29,15.97
2013-01-30,15.97
2013-01-31,15.97
2013-02-01,16.19
2013-02-05,15.87
2013-02-06,15.86
2013-02-07,15.85
2013-02-08,15.99
2013-02-11,15.96
2013-02-12,15.83
2013-02-13,14.17
2013-02-14,13.99
2013-02-15,14.27
2013-02-18,14.3
2013-02-19,14.46
2013-02-20,14.13
2013-02-21,14.13
2013-02-22,13.95
2013-02-25,13.63
2013-02-26,13.61
2013-02-27,13.39
2013-02-28,13.37
2013-03-01,13.32
2013-03-04,13.26
2013-03-05,13.27
2013-03-06,13.39
2013-03-07,13.31
2013-03-08,13.6
2013-03-11,13.15
2013-03-12,12.83
2013-03-13,11.83
2013-03-14,12.12
2013-03-15,11.6
2013-03-19,11.78
2013-03-20,11.84
2013-03-21,12.35
2013-03-22,12.58
2013-03-25,12.85
2013-03-26,13.1
2013-03-27,13.09
2013-04-01,12.95
2013-04-02,12.75
2013-04-03,12.52
2013-04-04,12.47
2013-04-05,12.34
2013-04-08,12.56
2013-04-09,12.79
2013-04-10,12.85
2013-04-11,12.86
2013-04-12,12.72
2013-04-15,12.47
2013-04-16,12.6
2013-04-17,12.24
2013-04-18,12.49
2013-04-19,12.44
2013-04-22,12.72
2013-04-23,12.88
2013-04-24,12.96
2013-04-25,12.84
2013-04-26,12.59
2013-04-29,12.66
2013-04-30,13.07
2013-05-02,12.95
2013-05-03,13.25
2013-05-06,13.14
2013-05-07,13.06
2013-05-08,13.05
2013-05-09,12.79
2013-05-10,12.78
2013-05-13,12.85
2013-05-14,12.7
2013-05-15,12.79
2013-05-16,12.79
2013-05-17,12.75
2013-05-20,12.72
2013-05-21,12.57
2013-05-22,12.58
2013-05-23,12.54
2013-05-24,12.54
2013-05-27,12.38
2013-05-28,12.75
2013-05-29,12.58
2013-05-30,12.78
2013-05-31,12.85
2013-06-03,12.56
2013-06-04,12.55
2013-06-05,12.56
2013-06-06,12.82
2013-06-07,12.87
2013-06-10,13.01
2013-06-11,12.82
2013-06-12,12.86
2013-06-13,12.73
2013-06-14,12.77
2013-06-17,12.85
2013-06-18,12.97
2013-06-19,12.87
2013-06-20,12.52
2013-06-21,12.6
2013-06-24,12.61
2013-06-25,12.84
2013-06-26,13.22
2013-06-27,13.68
2013-06-28,14.13
2013-07-01,14.27
2013-07-02,14.13
2013-07-03,13.9
2013-07-04,13.98
2013-07-05,13.79
2013-07-08,13.52
2013-07-09,13.65
2013-07-10,13.67
2013-07-11,13.68
2013-07-12,13.74
2013-07-15,13.67
2013-07-16,13.23
2013-07-17,13.14
2013-07-18,13.31
2013-07-19,13.07
2013-07-22,13.25
2013-07-23,13.37
2013-07-24,13.27
2013-07-25,13.21
2013-07-26,13.79
2013-07-29,13.34
2013-07-30,13.22
2013-07-31,13.44
2013-08-01,13.61
2013-08-02,13.34
2013-08-05,13.51
2013-08-06,13.58
2013-08-07,13.87
2013-08-08,14.09
2013-08-09,13.3
2013-08-12,13.19
2013-08-13,13.21
2013-08-14,13.21
2013-08-15,13.27
2013-08-16,13.28
2013-08-19,12.91
2013-08-20,13.28
2013-08-21,13.26
2013-08-22,13.18
2013-08-23,13.04
2013-08-26,13.01
2013-08-27,12.95
2013-08-28,12.83
2013-08-29,12.81
2013-08-30,12.86
2013-09-02,12.95
2013-09-03,12.91
2013-09-04,12.94
2013-09-05,12.97
2013-09-06,12.74
2013-09-09,13.0
2013-09-10,13.23
2013-09-11,13.29
2013-09-12,13.11
2013-09-13,13.22
2013-09-17,13.36
2013-09-18,13.39
2013-09-19,13.02
2013-09-20,12.87
2013-09-23,13.13
2013-09-24,13.18
2013-09-25,13.35
2013-09-26,13.27
2013-09-27,13.2
2013-09-30,13.0
2013-10-01,13.43
2013-10-02,13.4
2013-10-03,13.33
2013-10-04,13.37
2013-10-07,13.2
2013-10-08,12.93
2013-10-09,13.07
2013-10-10,13.35
2013-10-11,13.7
2013-10-14,13.78
2013-10-15,13.59
2013-10-16,14.02
2013-10-17,13.85
2013-10-18,13.81
2013-10-21,13.94
2013-10-22,13.87
2013-10-23,13.73
2013-10-24,13.58
2013-10-25,13.66
2013-10-28,13.87
2013-10-29,13.99
2013-10-30,13.98
2013-10-31,14.0
2013-11-01,14.09
2013-11-04,14.15
2013-11-05,13.97
2013-11-06,14.07
2013-11-07,13.96
2013-11-08,13.8
2013-11-11,13.83
2013-11-12,13.78
2013-11-13,13.77
2013-11-14,13.97
2013-11-15,14.3
2013-11-19,14.39
2013-11-20,14.67
2013-11-21,14.89
2013-11-22,15.09
2013-11-25,14.8
2013-11-26,14.69
2013-11-27,15.18
2013-11-28,15.2
2013-11-29,15.21
2013-12-02,15.06
2013-12-03,15.01
2013-12-04,14.8
2013-12-05,14.55
2013-12-06,14.4
2013-12-09,14.57
2013-12-10,14.55
2013-12-11,14.57
2013-12-13,14.39
2013-12-16,14.57
2013-12-17,14.33
2013-12-18,14.64
2013-12-19,14.66
2013-12-20,14.68
2013-12-23,14.98
2013-12-24,15.0
2013-12-26,15.05
2013-12-27,15.27
2013-12-30,15.35
2013-12-31,15.22
2014-01-02,14.89
2014-01-03,14.9
2014-01-06,14.78
2014-01-07,14.68
2014-01-08,14.45
2014-01-09,14.31
2014-01-10,14.38
2014-01-13,14.28
2014-01-14,14.45
2014-01-15,14.7
2014-01-16,14.57
2014-01-17,14.44
2014-01-20,14.42
2014-01-21,14.4
2014-01-22,14.62
2014-01-23,14.48
2014-01-24,14.25
2014-01-27,14.24
2014-01-28,14.14
2014-01-29,14.12
2014-01-30,14.36
2014-01-31,14.28
2014-02-04,14.09
2014-02-05,13.77
2014-02-06,14.01
2014-02-07,14.19
2014-02-10,13.97
2014-02-11,14.32
2014-02-12,14.14
2014-02-13,13.99
2014-02-14,14.09
2014-02-17,14.08
2014-02-18,13.81
2014-02-19,13.63
2014-02-20,13.35
2014-02-21,13.34
2014-02-24,13.16
2014-02-25,13.07
2014-02-26,12.98
2014-02-27,13.13
2014-02-28,12.84
2014-03-03,12.95
2014-03-04,12.75
2014-03-05,12.7
2014-03-06,12.74
2014-03-07,12.94
2014-03-10,12.99
2014-03-11,13.2
2014-03-12,13.41
2014-03-13,13.09
2014-03-14,13.12
2014-03-18,13.18
2014-03-19,13.11
2014-03-20,13.32
2014-03-21,13.39
2014-03-24,13.63
2014-03-25,13.09
2014-03-26,12.9
2014-03-27,12.7
2014-03-28,12.65
2014-03-31,12.94
2014-04-01,13.28
2014-04-02,13.44
2014-04-03,13.52
2014-04-04,13.51
2014-04-07,13.51
2014-04-08,13.36
2014-04-09,13.36
2014-04-10,13.08
2014-04-11,13.05
2014-04-14,13.15
2014-04-15,13.06
2014-04-16,12.89
2014-04-21,12.7
2014-04-22,12.84
2014-04-23,12.9
2014-04-24,12.95
2014-04-25,13.02
2014-04-28,13.0
2014-04-29,13.21
2014-04-30,13.16
2014-05-02,13.12
2014-05-05,13.21
2014-05-06,13.32
2014-05-07,13.16
2014-05-08,13.07
2014-05-09,12.93
2014-05-12,13.15
2014-05-13,13.17
2014-05-14,13.24
2014-05-15,13.06
2014-05-16,13.22
2014-05-19,12.69
2014-05-20,12.93
2014-05-21,13.04
2014-05-22,13.04
2014-05-23,12.81
2014-05-26,12.88
2014-05-27,12.79
2014-05-28,12.85
2014-05-29,12.76
2014-05-30,12.43
2014-06-02,12.62
2014-06-03,12.74
2014-06-04,12.6
2014-06-05,12.88
2014-06-06,13.16
2014-06-09,13.24
2014-06-10,13.2
2014-06-11,13.16
2014-06-12,12.96
2014-06-13,12.99
2014-06-16,12.9
2014-06-17,12.88
2014-06-18,12.76
2014-06-19,12.77
2014-06-20,12.73
2014-06-23,12.74
2014-06-24,12.9
2014-06-25,12.92
2014-06-26,12.83
2014-06-27,13.29
2014-06-30,13.45
2014-07-01,13.48
2014-07-02,13.5
2014-07-03,13.54
2014-07-04,13.43
2014-07-07,13.5
2014-07-08,13.47
2014-07-09,14.73
2014-07-10,14.6
2014-07-11,14.92
2014-07-14,15.06
2014-07-15,15.35
2014-07-16,15.55
2014-07-17,15.52
2014-07-18,15.47
2014-07-21,15.07
2014-07-22,15.38
2014-07-23,15.4
2014-07-24,15.51
2014-07-25,15.53
2014-07-28,15.65
2014-07-29,15.64
2014-07-30,15.67
2014-07-31,15.59
2014-08-01,15.44
2014-08-04,15.67
2014-08-05,15.41
2014-08-06,15.41
2014-08-07,15.0
2014-08-08,15.23
2014-08-11,15.52
2014-08-12,15.53
2014-08-13,15.51
2014-08-14,15.47
2014-08-15,15.47
2014-08-18,15.53
2014-08-19,15.46
2014-08-20,15.62
2014-08-21,15.84
2014-08-22,15.71
2014-08-25,15.74
2014-08-26,15.73
2014-08-27,15.85
2014-08-28,15.87
2014-08-29,15.99
2014-09-01,16.03
2014-09-02,16.39
2014-09-03,16.56
2014-09-04,17.04
2014-09-05,17.17
2014-09-08,17.39
2014-09-09,17.17
2014-09-10,17.0
2014-09-11,16.91
2014-09-12,17.07
2014-09-15,17.37
2014-09-17,17.48
2014-09-18,17.51
2014-09-19,17.12
2014-09-22,17.21
2014-09-23,16.85
2014-09-24,16.85
2014-09-25,16.83
2014-09-26,16.99
2014-09-29,16.79
2014-09-30,16.96
2014-10-01,16.57
2014-10-02,16.65
2014-10-03,16.78
2014-10-06,16.83
2014-10-07,16.77
2014-10-08,16.64
2014-10-09,16.59
2014-10-10,16.29
2014-10-13,16.26
2014-10-14,16.42
2014-10-15,16.22
2014-10-16,16.16
2014-10-17,16.29
2014-10-20,16.24
2014-10-21,16.37
2014-10-22,16.15
2014-10-23,16.14
2014-10-24,16.02
2014-10-27,16.11
2014-10-28,16.03
2014-10-29,16.14
2014-10-30,16.17
2014-10-31,16.43
2014-11-03,16.6
2014-11-04,16.46
2014-11-05,16.45
2014-11-06,16.41
2014-11-07,16.32
2014-11-10,16.12
2014-11-11,15.91
2014-11-12,15.51
2014-11-13,15.79
2014-11-14,15.74
2014-11-18,15.98
2014-11-19,16.11
2014-11-20,16.05
2014-11-21,16.45
2014-11-24,16.57
2014-11-25,16.52
2014-11-26,16.49
2014-11-27,16.57
2014-11-28,16.4
2014-12-01,16.27
2014-12-02,16.06
2014-12-03,16.05
2014-12-04,15.96
2014-12-05,16.12
2014-12-08,16.08
2014-12-09,15.79
2014-12-10,15.55
2014-12-11,15.94
2014-12-15,15.16
2014-12-16,15.05
2014-12-17,15.48
2014-12-18,15.91
2014-12-19,15.79
2014-12-22,16.08
2014-12-23,16.3
2014-12-24,16.24
2014-12-26,16.4
2014-12-29,16.46
2014-12-30,16.31
2014-12-31,16.4
2015-01-02,16.2
2015-01-05,16.02
2015-01-06,15.94
2015-01-07,16.12
2015-01-08,16.43
2015-01-09,16.63
2015-01-12,16.5
2015-01-13,16.4
2015-01-14,16.44
2015-01-15,16.62
2015-01-16,16.59
2015-01-19,16.6
2015-01-20,16.91
2015-01-21,17.12
2015-01-22,17.32
2015-01-23,17.25
2015-01-26,16.83
2015-01-27,16.64
2015-01-28,16.37
2015-01-29,16.29
2015-01-30,16.03
2015-02-03,16.03
2015-02-04,16.03
2015-02-05,16.15
2015-02-06,16.18
2015-02-09,16.18
2015-02-10,16.16
2015-02-11,15.55
2015-02-12,16.19
2015-02-13,16.37
2015-02-16,16.32
2015-02-17,16.3
2015-02-18,16.35
2015-02-19,16.36
2015-02-20,16.34
2015-02-23,15.99
2015-02-24,15.98
2015-02-25,16.0
2015-02-26,16.21
2015-02-27,16.0
2015-03-02,15.81
2015-03-03,15.69
2015-03-04,15.62
2015-03-05,15.42
2015-03-06,15.43
2015-03-09,15.46
2015-03-10,15.31
2015-03-11,15.2
2015-03-12,15.25
2015-03-13,15.28
2015-03-17,15.2
2015-03-18,16.08
2015-03-19,15.73
2015-03-20,15.72
2015-03-23,15.74
2015-03-24,15.78
2015-03-25,15.64
2015-03-26,15.57
2015-03-27,15.62
2015-03-30,15.8
2015-03-31,15.66
2015-04-01,16.22
2015-04-06,16.29
2015-04-07,16.01
2015-04-08,15.81
2015-04-09,15.97
2015-04-10,16.2
2015-04-13,16.31
2015-04-14,16.32
2015-04-15,16.63
2015-04-16,16.88
2015-04-17,16.87
2015-04-20,16.92
2015-04-21,16.96
2015-04-22,16.91
2015-04-23,17.12
2015-04-24,16.97
2015-04-27,16.96
2015-04-28,16.65
2015-04-29,16.41
2015-04-30,16.11
2015-05-04,16.16
2015-05-05,15.96
2015-05-06,15.79
2015-05-07,15.85
2015-05-08,15.77
2015-05-11,15.72
2015-05-12,15.55
2015-05-13,15.49
2015-05-14,15.76
2015-05-15,15.81
2015-05-18,15.69
2015-05-19,15.64
2015-05-20,15.88
2015-05-21,15.71
2015-05-22,15.63
2015-05-25,15.79
2015-05-26,15.85
2015-05-27,16.04
2015-05-28,16.21
2015-05-29,16.2
2015-06-01,16.43
2015-06-02,16.41
2015-06-03,16.36
2015-06-04,16.06
2015-06-05,15.99
2015-06-08,15.95
2015-06-09,15.71
2015-06-10,15.91
2015-06-11,15.74
2015-06-12,15.83
2015-06-15,15.73
2015-06-16,15.8
2015-06-17,15.85
2015-06-18,16.3
2015-06-19,16.19
2015-06-22,16.42
2015-06-23,16.52
2015-06-24,16.54
2015-06-25,16.7
2015-06-26,16.7
2015-06-29,16.58
2015-06-30,16.76
2015-07-01,16.4
2015-07-02,16.53
2015-07-03,16.5
2015-07-06,16.36
2015-07-07,16.71
2015-07-08,16.31
2015-07-09,16.23
2015-07-10,16.31
2015-07-13,16.51
2015-07-14,16.56
2015-07-15,16.31
2015-07-16,16.45
2015-07-17,16.23
2015-07-20,16.4
2015-07-21,16.11
2015-07-22,15.85
2015-07-23,15.76
2015-07-24,15.45
2015-07-27,15.19
2015-07-28,15.45
2015-07-29,15.36
2015-07-30,15.26
2015-07-31,15.67
2015-08-03,15.75
2015-08-04,15.99
2015-08-05,15.87
2015-08-06,15.84
2015-08-07,15.66
2015-08-10,15.88
2015-08-11,15.52
2015-08-12,15.35
2015-08-13,15.08
2015-08-14,15.16
2015-08-17,15.47
2015-08-18,15.52
2015-08-19,15.56
2015-08-20,15.28
2015-08-21,15.04
2015-08-24,14.91
2015-08-25,15.06
2015-08-26,15.0
2015-08-27,15.56
2015-08-28,15.41
2015-08-31,15.27
2015-09-01,15.09
2015-09-02,15.12
2015-09-03,15.12
2015-09-04,14.93
2015-09-07,14.96
2015-09-08,15.18
2015-09-09,15.04
2015-09-10,14.86
2015-09-11,14.76
2015-09-14,15.06
2015-09-15,15.03
2015-09-17,15.04
2015-09-18,14.87
2015-09-21,15.07
2015-09-22,14.71
2015-09-23,14.46
2015-09-24,14.32
2015-09-25,14.29
2015-09-28,14.12
2015-09-29,14.06
2015-09-30,14.02
2015-10-01,14.24
2015-10-02,14.19
2015-10-05,14.84
2015-10-06,14.7
2015-10-07,14.71
2015-10-08,14.77
2015-10-09,14.7
2015-10-12,14.5
2015-10-13,14.52
2015-10-14,13.464
2015-10-15,13.549000000000001
2015-10-16,13.53
2015-10-19,13.824000000000002
2015-10-20,13.587
2015-10-21,13.34
2015-10-22,13.482999999999999
2015-10-23,13.597000000000001
2015-10-26,13.71
2015-10-27,13.397
2015-10-28,13.312000000000001
2015-10-29,13.644
2015-10-30,13.995
2015-11-03,13.805
2015-11-04,13.54
2015-11-05,13.644
2015-11-06,13.54
2015-11-09,13.274000000000001
2015-11-10,12.960999999999999
2015-11-11,12.97
2015-11-12,13.046
2015-11-13,12.714
2015-11-17,12.894
2015-11-18,13.445
2015-11-19,13.520999999999999
2015-11-20,13.407
2015-11-23,13.369000000000002
2015-11-24,13.331
2015-11-25,13.103
2015-11-26,13.084000000000001
2015-11-27,13.037
2015-11-30,12.743
2015-12-01,13.046
2015-12-02,12.648
2015-12-03,12.667
2015-12-04,12.495999999999999
2015-12-07,12.267999999999999
2015-12-08,11.955
2015-12-09,11.993
2015-12-10,12.079
2015-12-11,11.955
2015-12-14,11.974
2015-12-15,12.210999999999999
2015-12-16,12.581
2015-12-17,12.382
2015-12-18,12.05
2015-12-21,12.7
2015-12-22,12.49
2015-12-23,12.51
2015-12-24,12.46
2015-12-28,12.24
2015-12-29,12.54
2015-12-30,12.52
2015-12-31,12.12
2016-01-04,12.03
2016-01-05,11.97
2016-01-06,11.74
2016-01-07,11.34
2016-01-08,10.92
2016-01-11,11.16
2016-01-12,11.25
2016-01-13,11.43
2016-01-14,11.72
2016-01-15,11.37
2016-01-18,11.26
2016-01-19,11.32
2016-01-20,11.39
2016-01-21,11.63
2016-01-22,11.97
2016-01-25,11.78
2016-01-26,12.08
2016-01-27,12.36
2016-01-28,12.44
2016-01-29,12.79
2016-02-02,12.69
2016-02-03,12.89
2016-02-04,13.19
2016-02-05,13.02
2016-02-08,12.91
2016-02-09,12.56
2016-02-10,11.85
2016-02-11,11.82
2016-02-12,12.05
2016-02-15,12.43
2016-02-16,12.34
2016-02-17,12.42
2016-02-18,12.23
2016-02-19,11.93
2016-02-22,12.07
2016-02-23,12.0
2016-02-24,12.01
2016-02-25,12.19
2016-02-26,12.23
2016-02-29,12.34
2016-03-01,12.57
2016-03-02,12.9
2016-03-03,13.04
2016-03-04,13.11
2016-03-07,13.28
2016-03-08,13.36
2016-03-09,12.95
2016-03-10,13.03
2016-03-11,13.46
2016-03-14,13.32
2016-03-15,12.96
2016-03-16,13.14
2016-03-17,13.27
2016-03-18,13.01
2016-03-22,13.16
2016-03-23,13.42
2016-03-28,13.53
2016-03-29,13.41
2016-03-30,13.43
2016-03-31,13.43
2016-04-01,13.65
2016-04-04,13.69
2016-04-05,13.55
2016-04-06,13.47
2016-04-07,13.36
2016-04-08,13.52
2016-04-11,13.33
2016-04-12,13.61
2016-04-13,13.73
2016-04-14,13.66
2016-04-15,13.53
2016-04-18,13.1
2016-04-19,13.61
2016-04-20,13.55
2016-04-21,13.66
2016-04-22,13.62
2016-04-25,13.68
2016-04-26,13.6
2016-04-27,13.64
2016-04-28,12.11
2016-04-29,12.16
2016-05-02,11.93
2016-05-03,12.14
2016-05-04,11.74
2016-05-05,11.59
2016-05-06,11.51
2016-05-09,11.62
2016-05-10,11.82
2016-05-11,11.59
2016-05-12,11.69
2016-05-13,11.66
2016-05-16,11.72
2016-05-17,11.79
2016-05-18,11.71
2016-05-19,11.54
2016-05-20,11.52
2016-05-23,11.5
2016-05-24,11.56
2016-05-25,11.42
2016-05-26,11.53
2016-05-27,11.5
2016-05-30,11.51
2016-05-31,11.29
2016-06-01,11.29
2016-06-02,11.29
2016-06-03,11.35
2016-06-06,11.3
2016-06-07,11.5
2016-06-08,11.77
2016-06-09,11.5
2016-06-10,11.31
2016-06-13,11.04
2016-06-14,10.95
2016-06-15,11.24
2016-06-16,11.24
2016-06-17,11.24
2016-06-20,11.38
2016-06-21,11.29
2016-06-22,11.32
2016-06-23,11.29
2016-06-24,11.02
2016-06-27,10.95
2016-06-28,11.0
2016-06-29,11.32
2016-06-30,11.22
2016-07-01,11.41
2016-07-04,11.33
2016-07-05,11.47
2016-07-06,11.31
2016-07-07,11.21
2016-07-08,11.32
2016-07-11,11.33
2016-07-12,11.23
2016-07-13,11.19
2016-07-14,11.43
2016-07-15,11.38
2016-07-18,11.63
2016-07-19,11.65
2016-07-20,11.88
2016-07-21,11.86
2016-07-22,11.6
2016-07-25,11.58
2016-07-26,11.53
2016-07-27,11.35
2016-07-28,11.05
2016-07-29,10.78
2016-08-01,10.93
2016-08-02,10.93
2016-08-03,10.82
2016-08-04,10.75
2016-08-05,10.8
2016-08-08,10.86
2016-08-09,11.1
2016-08-10,11.13
2016-08-11,11.23
2016-08-12,11.0
2016-08-15,11.05
2016-08-16,11.04
2016-08-17,11.13
2016-08-18,11.04
2016-08-19,11.04
2016-08-22,10.98
2016-08-23,10.91
2016-08-24,10.85
2016-08-25,11.06
2016-08-26,10.97
2016-08-29,11.11
2016-08-30,11.16
2016-08-31,11.26
2016-09-01,11.03
2016-09-02,10.93
2016-09-05,10.95
2016-09-06,10.89
2016-09-07,10.85
2016-09-08,11.01
2016-09-09,10.91
2016-09-12,11.09
2016-09-13,11.16
2016-09-14,11.12
2016-09-15,11.17
2016-09-19,10.95
2016-09-20,11.02
2016-09-21,11.21
2016-09-22,11.48
2016-09-23,11.44
2016-09-26,11.19
2016-09-27,11.05
2016-09-28,11.26
2016-09-29,11.15
2016-09-30,11.07
2016-10-03,11.16
2016-10-04,11.06
2016-10-05,11.21
2016-10-06,11.07
2016-10-07,11.24
2016-10-10,11.35
2016-10-11,11.34
2016-10-12,11.33
2016-10-13,11.17
2016-10-14,11.01
2016-10-17,10.93
2016-10-18,11.08
2016-10-19,11.2
2016-10-20,11.12
2016-10-21,11.19
2016-10-24,11.23
2016-10-25,11.2
2016-10-26,11.1
2016-10-27,11.17
2016-10-28,12.46
2016-10-31,12.52
2016-11-01,12.54
2016-11-03,12.19
2016-11-04,11.88
2016-11-07,12.13
2016-11-08,12.41
2016-11-09,11.98
2016-11-10,11.76
2016-11-11,11.57
2016-11-14,11.6
2016-11-15,11.68
2016-11-16,11.95
2016-11-17,11.68
2016-11-18,11.61
2016-11-22,11.95
2016-11-23,12.11
2016-11-24,12.08
2016-11-25,12.1
2016-11-28,12.16
2016-11-29,12.33
2016-11-30,12.52
2016-12-01,12.32
2016-12-02,12.18
2016-12-05,12.36
2016-12-06,12.38
2016-12-07,12.6
2016-12-08,12.97
2016-12-09,13.19
2016-12-13,12.95
2016-12-14,12.55
2016-12-15,12.66
2016-12-16,12.39
2016-12-19,12.55
2016-12-20,12.77
2016-12-21,12.79
2016-12-22,12.7
2016-12-23,12.87
2016-12-26,12.95
2016-12-27,12.99
2016-12-28,13.0
2016-12-29,13.13
2016-12-30,13.03
2017-01-02,13.04
2017-01-03,13.51
2017-01-04,13.71
2017-01-05,13.48
2017-01-06,13.46
2017-01-09,13.53
2017-01-10,13.84
2017-01-11,13.96
2017-01-12,13.62
2017-01-13,13.53
2017-01-16,13.4
2017-01-17,13.39
2017-01-18,13.63
2017-01-19,13.58
2017-01-20,13.44
2017-01-23,13.84
2017-01-24,13.73
2017-01-25,13.63
2017-01-26,13.4
2017-01-27,13.38
2017-01-30,13.24
2017-01-31,13.14
2017-02-01,13.01
2017-02-02,13.22
2017-02-03,12.86
2017-02-07,12.56
2017-02-08,12.66
2017-02-09,13.02
2017-02-10,13.3
2017-02-13,13.18
2017-02-14,13.17
2017-02-15,13.21
2017-02-16,13.15
2017-02-17,12.97
2017-02-20,12.87
2017-02-21,12.88
2017-02-22,12.74
2017-02-23,12.65
2017-02-24,12.57
2017-02-27,12.85
2017-02-28,12.75
2017-03-01,12.88
2017-03-02,13.1
2017-03-03,13.07
2017-03-06,13.18
2017-03-07,12.95
2017-03-08,13.23
2017-03-09,12.63
2017-03-10,12.31
2017-03-13,12.37
2017-03-14,12.57
2017-03-15,12.81
2017-03-16,13.09
2017-03-17,13.42
2017-03-21,13.57
2017-03-22,13.35
2017-03-23,13.32
2017-03-24,13.32
2017-03-27,13.56
2017-03-28,13.68
2017-03-29,13.76
2017-03-30,13.53
2017-03-31,13.28
2017-04-03,13.39
2017-04-04,13.39
2017-04-05,13.36
2017-04-06,13.3
2017-04-07,13.45
2017-04-10,13.76
2017-04-11,13.76
2017-04-12,13.47
2017-04-17,13.54
2017-04-18,13.58
2017-04-19,13.65
2017-04-20,13.79
2017-04-21,13.74
2017-04-24,14.0
2017-04-25,14.17
2017-04-26,14.65
2017-04-27,14.76
2017-04-28,14.47
2017-05-02,14.47
2017-05-03,14.17
2017-05-04,14.41
2017-05-05,14.58
2017-05-08,14.55
2017-05-09,14.75
2017-05-10,14.77
2017-05-11,14.38
2017-05-12,14.45
2017-05-15,14.78
2017-05-16,14.74
2017-05-17,14.54
2017-05-18,14.18
2017-05-19,14.78
2017-05-22,14.73
2017-05-23,14.79
2017-05-24,14.92
2017-05-25,14.85
2017-05-26,15.07
2017-05-29,14.98
2017-05-30,15.05
2017-05-31,14.97
2017-06-01,14.98
2017-06-02,14.92
2017-06-05,14.99
2017-06-06,14.9
2017-06-07,14.91
2017-06-08,14.8
2017-06-09,14.75
2017-06-12,14.7
2017-06-13,14.46
2017-06-14,14.49
2017-06-15,14.33
2017-06-16,14.28
2017-06-19,14.33
2017-06-20,14.22
2017-06-21,14.42
2017-06-22,14.3
2017-06-23,14.22
2017-06-26,14.42
2017-06-27,14.35
2017-06-28,14.36
2017-06-29,14.36
2017-06-30,14.6
2017-07-03,14.68
2017-07-04,14.64
2017-07-05,14.8
2017-07-06,14.63
2017-07-07,14.73
2017-07-10,14.98
2017-07-11,15.06
2017-07-12,14.78
2017-07-13,14.65
2017-07-14,14.89
2017-07-17,14.97
2017-07-18,15.04
2017-07-19,15.15
2017-07-20,15.15
2017-07-21,15.45
2017-07-24,15.77
2017-07-25,15.83
2017-07-26,15.78
2017-07-27,15.6
2017-07-28,15.89
2017-07-31,15.76
2017-08-01,15.76
2017-08-02,15.87
2017-08-03,15.9
2017-08-04,15.92
2017-08-07,15.98
2017-08-08,15.79
2017-08-09,15.77
2017-08-10,16.12
2017-08-11,16.08
2017-08-14,16.4
2017-08-15,16.58
2017-08-16,16.62
2017-08-17,16.62
2017-08-18,16.67
2017-08-21,16.64
2017-08-22,16.66
2017-08-23,16.55
2017-08-24,16.65
2017-08-25,16.64
2017-08-28,16.71
2017-08-29,16.71
2017-08-30,16.66
2017-08-31,16.62
2017-09-01,16.49
2017-09-04,16.37
2017-09-05,16.31
2017-09-06,16.29
2017-09-07,16.31
2017-09-08,16.18
2017-09-11,16.38
2017-09-12,16.4
2017-09-13,16.39
2017-09-14,16.33
2017-09-15,16.27
2017-09-18,16.4
2017-09-19,16.37
2017-09-20,16.42
2017-09-21,16.42
2017-09-22,16.34
2017-09-25,16.42
2017-09-26,16.42
2017-09-27,16.23
2017-09-28,16.15
2017-09-29,16.16
2017-10-02,15.92
2017-10-03,16.15
2017-10-04,16.16
2017-10-05,16.16
2017-10-06,16.24
2017-10-09,16.19
2017-10-10,16.38
2017-10-11,16.43
2017-10-12,16.75
2017-10-13,17.0
2017-10-16,17.07
2017-10-17,17.23
2017-10-18,17.14
2017-10-19,17.51
2017-10-20,18.2
2017-10-23,17.92
2017-10-24,18.19
2017-10-25,16.93
2017-10-26,16.77
2017-10-27,16.48
2017-10-30,16.51
2017-10-31,16.54
2017-11-01,16.46
2017-11-03,16.69
2017-11-06,16.89
2017-11-07,16.93
2017-11-08,16.79
2017-11-09,16.64
2017-11-10,16.51
2017-11-13,16.46
2017-11-14,16.27
2017-11-15,16.23
2017-11-16,16.39
2017-11-17,16.33
2017-11-21,16.36
2017-11-22,16.43
2017-11-23,16.52
2017-11-24,16.43
2017-11-27,16.27
2017-11-28,16.36
2017-11-29,16.4
2017-11-30,15.99
2017-12-01,15.9
2017-12-04,15.92
2017-12-05,16.07
2017-12-06,16.11
2017-12-07,16.12
2017-12-08,16.31
2017-12-11,16.43
2017-12-13,16.66
2017-12-14,16.65
2017-12-15,16.52
2017-12-18,16.66
2017-12-19,16.71
2017-12-20,16.67
2017-12-21,16.64
2017-12-22,16.78
2017-12-26,16.91
2017-12-27,16.82
2017-12-28,16.98
2017-12-29,16.95
2018-01-02,17.12
2018-01-03,16.76
2018-01-04,16.76
2018-01-05,16.79
2018-01-08,16.98
2018-01-09,16.93
2018-01-10,16.48
2018-01-11,16.37
2018-01-12,16.48
2018-01-15,16.5
2018-01-16,16.39
2018-01-17,16.53
2018-01-18,17.07
2018-01-19,16.94
2018-01-22,17.22
2018-01-23,17.19
2018-01-24,17.47
2018-01-25,17.61
2018-01-26,17.62
2018-01-29,17.4
2018-01-30,17.47
2018-01-31,17.44
2018-02-01,17.64
2018-02-02,17.42
2018-02-06,17.19
2018-02-07,16.88
2018-02-08,16.6
2018-02-09,16.58
2018-02-12,16.6
2018-02-13,16.67
2018-02-14,17.38
2018-02-15,17.95
2018-02-16,17.87
2018-02-19,17.78
2018-02-20,17.75
2018-02-21,17.89
2018-02-22,17.92
2018-02-23,17.87
2018-02-26,18.01
2018-02-27,17.94
2018-02-28,17.34
2018-03-01,17.61
2018-03-02,17.55
2018-03-05,17.8
2018-03-06,17.45
2018-03-07,17.45
2018-03-08,17.64
2018-03-09,17.88
2018-03-12,17.84
2018-03-13,18.09
2018-03-14,17.98
2018-03-15,18.01
2018-03-16,17.75
2018-03-20,17.7
2018-03-21,17.72
2018-03-22,17.76
2018-03-23,17.35
2018-03-26,17.61
2018-03-27,17.63
2018-03-28,17.25
2018-04-02,17.16
2018-04-03,17.58
2018-04-04,17.69
2018-04-05,17.76
2018-04-06,17.76
2018-04-09,17.84
2018-04-10,17.87
2018-04-11,17.78
2018-04-12,17.8
2018-04-13,17.76
2018-04-16,17.6
2018-04-17,17.79
2018-04-18,17.94
2018-04-19,17.98
2018-04-20,17.85
2018-04-23,17.74
2018-04-24,17.59
2018-04-25,17.5
2018-04-26,17.5
2018-04-27,17.4
2018-04-30,17.31
2018-05-02,17.24
2018-05-03,17.05
2018-05-04,17.04
2018-05-07,16.97
2018-05-08,16.98
2018-05-09,16.78
2018-05-10,16.75
2018-05-11,16.89
2018-05-14,16.72
2018-05-15,16.65
2018-05-16,16.53
2018-05-17,16.2
2018-05-18,16.34
2018-05-21,15.94
2018-05-22,16.13
2018-05-23,16.23
2018-05-24,16.07
2018-05-25,15.82
2018-05-28,15.68
2018-05-29,15.57
2018-05-30,15.4
2018-05-31,15.5
2018-06-01,15.77
2018-06-04,15.62
2018-06-05,15.63
2018-06-06,15.58
2018-06-07,15.36
2018-06-08,15.57
2018-06-11,15.76
2018-06-12,15.93
2018-06-13,16.08
2018-06-14,16.59
2018-06-15,16.6
2018-06-18,16.39
2018-06-19,16.31
2018-06-20,16.3
2018-06-21,16.17
2018-06-22,16.31
2018-06-25,16.28
2018-06-26,16.25
2018-06-27,16.48
2018-06-28,16.46
2018-06-29,16.57
2018-07-02,16.15
2018-07-03,16.12
2018-07-04,16.12
2018-07-05,16.65
2018-07-06,16.84
2018-07-09,17.22
2018-07-10,16.98
2018-07-11,17.06
2018-07-12,16.75
2018-07-13,16.6
2018-07-16,16.64
2018-07-17,16.46
2018-07-18,16.47
2018-07-19,16.12
2018-07-20,15.96
2018-07-23,15.9
2018-07-24,16.01
2018-07-25,16.04
2018-07-26,15.86
2018-07-27,15.88
2018-07-30,15.95
2018-07-31,15.97
2018-08-01,15.8
2018-08-02,15.7
2018-08-03,15.72
2018-08-06,15.72
2018-08-07,16.17
2018-08-08,16.27
2018-08-09,15.94
2018-08-10,15.66
2018-08-13,15.78
2018-08-14,15.9
2018-08-15,15.71
2018-08-16,15.58
2018-08-17,15.72
2018-08-20,15.98
2018-08-21,16.41
2018-08-22,16.42
2018-08-23,16.02
2018-08-24,16.13
2018-08-27,16.32
2018-08-28,16.37
2018-08-29,16.55
2018-08-30,16.22
2018-08-31,16.05
2018-09-03,16.1
2018-09-04,15.79
2018-09-05,15.3
2018-09-06,15.51
2018-09-07,15.71
2018-09-10,15.71
2018-09-11,15.6
2018-09-12,16.05
2018-09-13,16.06
2018-09-14,15.67
2018-09-17,15.55
2018-09-18,15.61
2018-09-19,15.6
2018-09-20,15.62
2018-09-21,15.57
2018-09-24,15.54
2018-09-25,15.56
2018-09-26,15.42
2018-09-27,15.3
2018-09-28,15.04
2018-10-01,15.24
2018-10-02,15.16
2018-10-03,14.68
2018-10-04,14.71
2018-10-05,14.59
2018-10-08,15.12
2018-10-09,15.0
2018-10-10,14.97
2018-10-11,14.75
2018-10-12,14.54
2018-10-15,14.59
2018-10-16,14.87
2018-10-17,14.24
2018-10-18,14.08
2018-10-19,14.32
2018-10-22,14.14
2018-10-23,14.04
2018-10-24,13.79
